gap_deg,gapM_deg,e_sat,e_tgt,alt_sat_km,alt_tgt_km,da_km,hohmann_dv,evec_dv,shape_lb_dv,condition,episode,seed,success,cause,steps,decisions,best_vrel_inbox,best_vrel,best_d_km,n_inbox,n_inbox_tau1,n_fine_rad,dv_used,plan_dv,n_plans,n_burns,n_warps,n_coast,min_d_km
-39.91,90.93,0.045,0.0054,556.2,428.6,127.6,70.85,186.43,186.43,A_tight1_s42,0,42,1,success,1998,441,4.5753,4.2991,3.264,1,0,0,236.0,206.67,1,56,222,163,3.26
165.15,151.8,0.0267,0.0052,394.1,461.7,-67.5,38.02,82.95,82.95,A_tight1_s42,1,42,0,safety_cap,2000,428,,5.1322,9.435,0,0,0,192.0,182.25,1,76,175,177,9.43
99.22,61.46,0.0264,0.0182,472.1,620.5,-148.4,81.41,61.96,81.41,A_tight1_s42,2,42,0,safety_cap,2000,286,1.5414,1.5414,4.622,2,0,0,189.0,183.59,1,60,173,53,4.62
-90.05,21.97,0.0095,0.0272,650.8,393.4,257.4,142.01,122.75,142.01,A_tight1_s42,3,42,0,safety_cap,2000,488,,5.3719,8.944,0,0,0,261.0,258.95,1,98,166,224,8.94
-90.64,54.51,0.0261,0.0125,618.7,490.2,128.6,70.41,140.95,140.95,A_tight1_s42,4,42,0,safety_cap,2000,436,2.0801,2.0801,3.104,4,1,0,196.0,187.33,1,65,191,180,3.1
-158.98,11.77,0.0233,0.0333,684.2,432.7,251.5,137.65,216.09,216.09,A_tight1_s42,5,42,0,safety_cap,2000,482,1.5522,1.5522,4.57,2,1,0,334.0,318.1,1,88,180,214,4.57
-110.69,157.35,0.0223,0.0172,565.6,453.7,111.9,61.9,109.4,109.4,A_tight1_s42,6,42,0,safety_cap,2000,363,1.4959,1.4959,4.194,6,4,0,191.0,175.35,1,69,178,116,4.19
-18.45,173.59,0.0183,0.0205,514.1,446.3,67.9,37.79,147.65,147.65,A_tight1_s42,7,42,0,safety_cap,2000,503,1.8351,1.8351,2.87,21,9,0,165.0,157.03,1,35,368,100,2.87
40.01,38.99,0.02,0.0266,539.0,710.8,-171.8,92.7,24.88,92.7,A_tight1_s42,8,42,1,success,1970,324,1.9715,1.9715,3.618,5,2,0,138.0,133.28,1,41,213,70,3.62
128.25,106.48,0.0193,0.0168,338.1,598.8,-260.7,145.51,27.42,145.51,A_tight1_s42,9,42,0,safety_cap,2000,401,,3.0267,6.075,0,0,0,153.0,147.9,1,81,156,164,6.07
95.25,51.07,0.0257,0.0098,442.2,794.6,-352.3,190.38,74.14,190.38,A_tight1_s42,10,42,0,safety_cap,2000,492,2.2992,2.2992,4.588,1,0,0,225.0,215.64,1,93,177,222,4.59
38.4,74.41,0.0259,0.0363,411.2,778.2,-367.0,199.35,80.7,199.35,A_tight1_s42,11,42,0,safety_cap,2000,477,,4.097,7.318,0,0,0,262.0,232.63,1,104,169,204,7.32
90.47,-141.28,0.0172,0.0406,398.6,735.6,-337.0,184.14,198.56,198.56,A_tight1_s42,12,42,0,safety_cap,2000,476,1.7362,1.7362,4.332,3,1,0,355.0,273.5,1,94,181,201,4.33
126.21,-15.44,0.0065,0.0498,361.5,640.0,-278.6,154.39,207.69,207.69,A_tight1_s42,13,42,0,safety_cap,2000,476,,4.2653,7.689,0,0,0,281.0,281.79,1,59,194,223,7.69
64.11,-88.35,0.0125,0.0078,387.4,552.6,-165.3,92.21,74.97,92.21,A_tight1_s42,14,42,0,safety_cap,2000,304,2.1466,2.1466,3.338,5,0,0,165.0,156.78,1,52,199,53,3.34
-170.92,14.36,0.0319,0.0288,507.1,778.7,-271.6,145.96,226.06,226.06,A_tight1_s42,15,42,0,safety_cap,2000,427,,4.4293,8.577,0,0,0,329.0,317.21,1,88,181,158,8.58
83.91,-62.82,0.0255,0.0241,411.0,707.9,-296.8,162.43,178.08,178.08,A_tight1_s42,16,42,1,success,1985,468,3.596,3.596,4.556,1,0,0,339.0,245.93,1,101,173,194,4.56
-124.9,-12.82,0.023,0.0107,376.0,700.9,-324.9,178.62,107.88,178.62,A_tight1_s42,17,42,0,safety_cap,2000,476,,4.2706,8.254,0,0,0,189.0,173.76,1,81,206,189,8.25
-30.87,11.35,0.013,0.0026,723.1,576.6,146.5,78.61,42.56,78.61,A_tight1_s42,18,42,0,safety_cap,2000,515,2.1026,2.1026,3.119,5,0,0,115.0,111.85,1,38,272,205,3.12
65.12,-139.22,0.0481,0.0168,618.2,739.6,-121.5,64.79,239.06,239.06,A_tight1_s42,19,42,0,safety_cap,2000,441,3.751,3.751,3.954,1,1,0,287.0,273.6,1,58,246,137,5.17
-103.57,45.41,0.0165,0.0484,521.0,790.9,-269.9,144.65,235.71,235.71,A_tight1_s42,20,42,1,success,1996,356,,2.4544,5.819,0,0,0,311.0,291.04,1,67,185,104,5.82
-32.2,-79.93,0.0125,0.0028,373.3,537.6,-164.3,91.97,41.07,91.97,A_tight1_s42,21,42,0,safety_cap,2000,521,2.1716,2.1716,3.481,4,0,0,98.0,90.33,1,41,295,185,3.48
146.74,83.24,0.0247,0.0395,421.2,514.5,-93.3,52.06,137.25,137.25,A_tight1_s42,22,42,1,success,1983,438,1.2149,1.2149,3.515,4,3,0,223.0,212.61,1,73,180,185,3.52
50.08,-37.46,0.0121,0.0116,407.6,629.1,-221.4,122.26,61.94,122.26,A_tight1_s42,23,42,0,safety_cap,2000,456,,6.3121,8.887,0,0,0,183.0,171.65,1,56,236,164,8.89
67.02,108.35,0.0019,0.0079,491.8,364.7,127.1,71.56,25.22,71.56,A_tight1_s42,24,42,0,safety_cap,2000,487,3.6953,3.6953,2.949,2,0,0,73.0,72.57,1,35,222,230,2.95
30.21,102.62,0.0144,0.0144,684.2,793.8,-109.6,57.73,63.44,63.44,A_tight1_s42,25,42,0,safety_cap,2000,321,2.9988,2.9988,2.872,14,5,0,97.0,89.36,1,42,239,40,2.87
25.75,-1.99,0.034,0.0301,501.0,592.7,-91.7,50.3,59.82,59.82,A_tight1_s42,26,42,0,safety_cap,2000,530,1.8439,1.8439,2.517,25,11,0,82.0,76.55,1,36,287,207,2.52
-31.68,128.11,0.0218,0.0388,469.1,660.1,-190.9,104.36,225.22,225.22,A_tight1_s42,27,42,0,safety_cap,2000,483,1.7305,1.7305,2.956,5,0,0,250.0,241.83,1,42,273,168,2.96
90.38,-157.59,0.0314,0.0479,520.2,675.9,-155.7,84.51,249.67,249.67,A_tight1_s42,28,42,0,safety_cap,2000,422,,4.9425,8.656,0,0,0,313.0,297.18,1,70,201,151,8.66
-152.97,-25.86,0.0364,0.0376,459.1,763.8,-304.6,164.85,247.65,247.65,A_tight1_s42,29,42,0,safety_cap,2000,414,,3.3921,6.378,0,0,0,352.0,329.05,1,82,184,148,6.38
137.93,-21.98,0.018,0.0469,478.3,724.7,-246.4,133.64,240.45,240.45,A_tight1_s42,30,42,0,safety_cap,2000,470,2.5616,2.5616,4.932,1,0,0,333.0,313.45,1,74,208,188,4.93
127.49,-44.56,0.0164,0.0032,688.0,484.4,203.7,110.81,74.79,110.81,A_tight1_s42,31,42,0,safety_cap,2000,360,,3.9609,7.277,0,0,0,147.0,139.98,1,68,160,132,7.28
70.56,-136.92,0.0014,0.031,686.1,434.6,251.5,137.59,123.28,137.59,A_tight1_s42,32,42,1,success,1997,362,1.9611,1.9611,2.528,3,0,0,165.0,159.1,1,54,215,93,2.53
-69.8,134.89,0.0366,0.0161,593.5,434.4,159.1,87.92,197.56,197.56,A_tight1_s42,33,42,0,safety_cap,2000,453,,4.8861,8.924,0,0,0,345.0,233.0,1,95,168,190,8.92
-33.67,-165.63,0.0225,0.0455,408.4,604.5,-196.1,108.53,237.15,237.15,A_tight1_s42,34,42,0,safety_cap,2000,494,1.6561,1.6561,2.83,6,0,0,266.0,254.67,1,35,327,132,2.83
121.68,1.91,0.0018,0.0283,416.5,728.6,-312.1,170.31,109.44,170.31,A_tight1_s42,35,42,0,safety_cap,2000,510,,4.2413,8.917,0,0,0,251.0,235.64,1,105,173,232,8.92
-22.51,-102.37,0.0234,0.0151,553.3,352.8,200.4,112.26,98.39,112.26,A_tight1_s42,36,42,0,safety_cap,2000,474,1.5866,1.5866,2.772,6,0,0,157.0,137.34,1,47,294,133,2.77
117.61,21.01,0.0205,0.0155,563.7,642.0,-78.3,42.44,102.12,102.12,A_tight1_s42,37,42,0,safety_cap,2000,425,,3.6286,7.453,0,0,0,165.0,165.12,1,54,200,171,7.45
-53.59,65.3,0.0195,0.0168,423.8,732.3,-308.5,168.12,116.97,168.12,A_tight1_s42,38,42,0,safety_cap,2000,371,1.6559,1.6559,2.99,28,17,0,177.0,162.65,1,53,245,73,2.99
143.3,165.04,0.0211,0.0274,728.2,427.6,300.6,163.87,42.38,163.87,A_tight1_s42,39,42,0,safety_cap,2000,428,,5.5045,9.434,0,0,0,165.0,169.3,1,67,187,174,9.43
4.31,11.35,0.0312,0.0365,622.6,710.2,-87.6,46.85,25.05,46.85,A_tight1_s42,40,42,0,safety_cap,2000,464,1.8486,1.8486,3.195,5,0,0,61.0,50.96,1,22,384,58,3.2
-142.53,29.61,0.0053,0.0477,561.9,654.1,-92.2,49.94,199.49,199.49,A_tight1_s42,41,42,0,safety_cap,2000,422,,3.8293,8.224,0,0,0,287.0,266.48,1,69,189,164,8.22
-23.19,-57.31,0.014,0.0196,723.2,368.6,354.6,194.64,43.02,194.64,A_tight1_s42,42,42,0,safety_cap,2000,468,,11.6972,9.155,0,0,0,207.0,212.33,1,89,171,208,9.15
87.04,-49.11,0.0155,0.0039,742.9,336.9,405.9,223.12,71.43,223.12,A_tight1_s42,43,42,1,success,1984,436,1.9369,1.9369,2.12,4,0,0,233.0,233.24,1,55,212,169,2.12
-162.31,-84.19,0.0233,0.0429,367.8,758.5,-390.7,213.64,166.01,213.64,A_tight1_s42,44,42,0,safety_cap,2000,434,,3.89,7.47,0,0,0,266.0,252.32,1,74,198,162,7.47
96.76,164.8,0.0142,0.034,394.3,526.0,-131.8,73.68,119.95,119.95,A_tight1_s42,45,42,0,safety_cap,2000,391,,3.5408,7.128,0,0,0,179.0,172.17,1,59,196,136,7.13
175.99,101.98,0.0452,0.0344,555.3,718.1,-162.8,87.62,182.53,182.53,A_tight1_s42,46,42,0,safety_cap,2000,476,,3.4624,7.481,0,0,0,293.0,275.59,1,83,200,193,7.48
109.68,-61.69,0.0296,0.0012,596.4,705.4,-109.0,58.48,115.52,115.52,A_tight1_s42,47,42,0,safety_cap,2000,355,,2.3214,5.771,0,0,0,185.0,173.59,1,66,193,96,5.77
-122.69,-78.82,0.0214,0.0443,687.2,797.3,-110.1,57.93,121.08,121.08,A_tight1_s42,48,42,0,safety_cap,2000,384,,4.173,8.916,0,0,0,202.0,186.67,1,79,179,126,8.92
133.58,11.65,0.0267,0.0421,723.4,580.7,142.6,76.51,229.58,229.58,A_tight1_s42,49,42,0,safety_cap,2000,389,,4.3669,8.091,0,0,0,312.0,298.84,1,78,166,145,8.09
-125.07,-57.29,0.0116,0.0218,605.1,661.1,-56.0,30.18,76.96,76.96,A_tight1_s42,50,42,0,safety_cap,2000,396,,4.7193,8.868,0,0,0,148.0,142.56,1,63,176,157,8.87
-19.22,1.43,0.0029,0.0124,370.2,306.2,64.0,36.75,37.47,37.47,A_tight1_s42,51,42,1,success,1879,487,1.0023,1.0023,2.327,5,2,0,58.0,56.16,1,26,273,188,2.33
30.72,-29.63,0.0027,0.0216,563.7,662.6,-98.9,53.48,76.7,76.7,A_tight1_s42,52,42,0,safety_cap,2000,486,1.5226,1.5226,2.819,6,0,0,107.0,92.82,1,43,266,177,2.82
113.26,114.62,0.0168,0.0165,794.4,655.1,139.3,73.59,1.79,73.59,A_tight1_s42,53,42,0,safety_cap,2000,324,,2.1713,5.428,0,0,0,75.0,74.68,1,51,182,91,5.43
-89.73,170.23,0.0155,0.0455,563.3,692.1,-128.8,69.44,189.84,189.84,A_tight1_s42,54,42,0,safety_cap,2000,379,,4.2811,8.936,0,0,0,257.0,237.12,1,64,187,128,8.94
94.95,-100.66,0.0201,0.0304,425.4,756.4,-331.0,179.92,186.98,186.98,A_tight1_s42,55,42,0,safety_cap,2000,460,1.645,1.645,4.304,4,2,0,348.0,274.61,1,103,185,172,4.3
53.71,163.11,0.017,0.0238,798.4,361.6,436.9,238.05,129.0,238.05,A_tight1_s42,56,42,0,safety_cap,2000,407,,5.4863,9.248,0,0,0,249.0,249.64,1,52,242,113,9.25
-156.77,26.9,0.0041,0.0042,448.0,550.8,-102.8,56.99,31.43,56.99,A_tight1_s42,57,42,0,safety_cap,2000,298,,2.9421,5.344,0,0,0,117.0,112.36,1,68,157,73,5.34
-59.42,-122.0,0.0058,0.0153,576.1,520.3,55.8,30.61,51.74,51.74,A_tight1_s42,58,42,1,success,1888,400,1.1948,1.1948,4.291,1,1,0,91.0,91.88,1,42,197,161,4.29
46.54,-139.29,0.0271,0.0216,518.2,609.6,-91.4,49.97,183.79,183.79,A_tight1_s42,59,42,0,safety_cap,2000,459,1.5134,1.5134,2.846,7,0,0,229.0,208.02,1,53,254,152,2.85
135.76,8.39,0.0097,0.0263,551.9,466.3,85.6,47.34,126.23,126.23,A_tight1_s42,60,42,0,safety_cap,2000,443,,4.8193,8.94,0,0,0,198.0,195.46,1,71,202,170,8.94
-19.2,-72.85,0.0215,0.0157,704.0,761.3,-57.3,30.23,65.72,65.72,A_tight1_s42,61,42,0,safety_cap,2000,499,1.2071,1.2071,2.466,14,1,0,86.0,75.93,1,35,369,95,2.47
-9.47,52.43,0.0058,0.033,512.2,434.3,77.9,43.43,117.54,117.54,A_tight1_s42,62,42,1,success,1563,473,1.2848,1.2848,2.414,5,0,0,134.0,122.35,1,29,273,171,2.41
171.4,117.56,0.0309,0.0103,774.9,563.0,211.9,113.25,99.39,113.25,A_tight1_s42,63,42,0,safety_cap,2000,426,,4.1164,8.255,0,0,0,192.0,188.04,1,76,200,150,8.26
-158.0,-53.35,0.0094,0.0369,321.3,459.5,-138.2,78.47,153.86,153.86,A_tight1_s42,64,42,0,safety_cap,2000,372,,2.6985,5.216,0,0,0,289.0,283.1,1,85,157,130,5.22
139.21,-177.46,0.0321,0.0039,472.6,349.8,122.8,69.41,113.06,113.06,A_tight1_s42,65,42,0,safety_cap,2000,414,,4.7227,7.776,0,0,0,187.0,182.84,1,72,184,158,7.78
-171.23,173.27,0.0439,0.0427,515.9,674.5,-158.6,86.11,44.14,86.11,A_tight1_s42,66,42,0,safety_cap,2000,476,,3.836,7.682,0,0,0,137.0,134.13,1,66,188,222,7.68
-118.2,-123.84,0.007,0.009,792.8,355.9,436.9,238.35,8.12,238.35,A_tight1_s42,67,42,0,safety_cap,2000,380,,3.1967,5.869,0,0,0,243.0,249.96,1,90,143,147,5.87
121.9,166.37,0.0232,0.0299,421.5,545.6,-124.1,69.05,79.87,79.87,A_tight1_s42,68,42,0,safety_cap,2000,366,,3.53,6.452,0,0,0,193.0,193.89,1,61,184,121,6.45
9.95,92.14,0.002,0.0011,579.7,724.6,-144.9,77.73,8.21,77.73,A_tight1_s42,69,42,1,success,1866,419,1.6511,1.6511,1.906,5,0,0,93.0,87.07,1,33,362,24,1.91
-130.1,164.84,0.0147,0.0109,304.0,741.7,-437.7,241.48,52.93,241.48,A_tight1_s42,70,42,0,safety_cap,2000,385,,4.4065,8.766,0,0,0,247.0,230.33,1,78,179,128,8.77
164.57,163.69,0.0007,0.0047,647.2,533.6,113.6,61.74,15.27,61.74,A_tight1_s42,71,42,0,safety_cap,2000,418,,2.1822,5.379,0,0,0,105.0,107.0,1,63,183,172,5.38
179.73,-86.26,0.0306,0.0227,579.2,361.7,217.5,121.32,151.48,151.48,A_tight1_s42,72,42,0,safety_cap,2000,479,,4.8617,7.784,0,0,0,245.0,241.73,1,86,174,219,7.78
155.07,-88.99,0.0251,0.0051,565.1,640.5,-75.4,40.87,104.62,104.62,A_tight1_s42,73,42,0,safety_cap,2000,498,,3.0872,6.434,0,0,0,223.0,202.73,1,90,176,232,6.43
40.86,73.73,0.0342,0.0022,484.4,633.5,-149.1,81.57,122.2,122.2,A_tight1_s42,74,42,0,safety_cap,2000,407,2.1068,2.1068,3.544,10,4,0,156.0,143.55,1,41,267,99,3.54
-138.06,-152.64,0.0277,0.0253,747.1,592.0,155.1,82.87,27.04,82.87,A_tight1_s42,75,42,0,safety_cap,2000,356,2.4012,2.4012,4.378,3,1,0,144.0,146.27,1,74,168,114,4.38
-10.15,160.06,0.005,0.0213,536.2,363.9,172.3,96.54,100.96,100.96,A_tight1_s42,76,42,0,safety_cap,2000,555,2.3886,2.3886,3.538,5,1,0,127.0,108.59,1,37,324,194,3.54
-154.42,93.79,0.0147,0.027,720.8,407.8,313.0,171.08,134.92,171.08,A_tight1_s42,77,42,0,safety_cap,2000,477,1.8686,1.8686,4.492,3,1,0,241.0,238.86,1,90,181,206,4.49
-21.92,-33.81,0.0112,0.0151,722.1,355.9,366.2,201.29,18.01,201.29,A_tight1_s42,78,42,0,safety_cap,2000,474,,10.6182,10.242,0,0,0,199.0,209.51,1,78,169,227,10.73
-47.8,83.64,0.039,0.0457,477.7,679.2,-201.6,109.85,290.33,290.33,A_tight1_s42,79,42,1,success,1961,489,2.3849,2.3849,2.182,1,0,0,322.0,315.47,1,50,236,203,2.18
-21.66,40.99,0.0342,0.0205,669.4,595.1,74.3,40.0,116.34,116.34,A_tight1_s42,80,42,1,success,1911,523,1.0919,1.0919,2.326,4,0,0,137.0,127.59,1,36,248,239,2.33
-155.41,96.39,0.0125,0.0456,309.6,531.4,-221.9,125.16,193.39,193.39,A_tight1_s42,81,42,0,safety_cap,2000,445,1.3087,1.3087,4.219,6,5,0,342.0,332.8,1,89,170,186,4.22
-71.95,179.8,0.0016,0.013,521.3,689.5,-168.2,91.14,51.15,91.14,A_tight1_s42,82,42,0,safety_cap,2000,439,2.0659,2.0659,2.999,6,0,0,96.0,89.51,1,52,234,153,3.0
-121.7,-170.17,0.0274,0.0317,679.0,509.9,169.1,91.81,93.51,93.51,A_tight1_s42,83,42,0,safety_cap,2000,469,,4.2245,8.095,0,0,0,184.0,198.21,1,48,171,250,8.09
-82.2,60.04,0.0098,0.0051,600.2,433.9,166.3,91.85,54.51,91.85,A_tight1_s42,84,42,1,success,1998,406,1.0476,1.0476,2.391,6,3,0,185.0,176.98,1,58,198,150,2.39
114.67,91.42,0.0016,0.0112,537.3,784.9,-247.7,132.6,36.65,132.6,A_tight1_s42,85,42,1,success,1986,488,2.6809,2.6809,4.259,1,0,0,171.0,167.6,1,95,181,212,4.26
-137.56,97.96,0.0065,0.0093,345.3,747.8,-402.5,220.9,52.44,220.9,A_tight1_s42,86,42,0,safety_cap,2000,382,,2.7655,5.3,0,0,0,227.0,211.53,1,77,192,113,5.3
44.22,157.92,0.0294,0.0207,461.4,683.3,-221.9,121.06,158.84,158.84,A_tight1_s42,87,42,0,safety_cap,2000,308,3.1971,1.9302,2.577,3,0,0,209.0,182.11,1,57,205,46,2.58
-107.93,173.0,0.0106,0.0212,762.6,521.8,240.8,129.43,82.98,129.43,A_tight1_s42,88,42,0,safety_cap,2000,459,,4.6501,8.773,0,0,0,212.0,212.57,1,74,179,206,8.77
-74.21,-59.25,0.0497,0.0359,604.3,528.2,76.0,41.54,67.14,67.14,A_tight1_s42,89,42,0,safety_cap,2000,390,,6.7225,9.429,0,0,0,123.0,118.26,1,54,209,127,9.43
47.07,-74.31,0.0308,0.0149,712.4,601.5,110.9,59.44,153.68,153.68,A_tight1_s42,90,42,0,safety_cap,2000,412,1.8035,1.8035,2.863,23,13,0,189.0,178.16,1,47,247,118,2.86
-174.14,74.41,0.0347,0.0277,746.7,406.8,339.9,185.33,198.36,198.36,A_tight1_s42,91,42,0,safety_cap,2000,468,,3.4069,5.807,0,0,0,292.0,292.32,1,80,183,205,5.81
-27.43,30.34,0.0428,0.0137,559.2,790.0,-230.8,123.2,139.34,139.34,A_tight1_s42,92,42,1,success,1750,416,1.7361,1.7361,1.797,1,0,0,165.0,153.99,1,37,312,67,1.8
-151.08,-125.4,0.0328,0.0024,739.0,503.8,235.2,126.97,116.82,126.97,A_tight1_s42,93,42,0,safety_cap,2000,472,1.4504,1.4504,4.252,3,1,0,228.0,223.95,1,88,182,202,4.25
-63.22,26.18,0.0083,0.0277,764.8,624.5,140.2,74.54,108.93,108.93,A_tight1_s42,94,42,0,safety_cap,2000,429,3.476,3.476,2.124,3,0,0,151.0,141.91,1,51,218,160,2.12
-159.86,112.96,0.0033,0.0173,321.7,683.9,-362.1,200.64,65.72,200.64,A_tight1_s42,95,42,0,safety_cap,2000,398,,3.1649,6.789,0,0,0,207.0,192.91,1,85,163,150,6.79
-75.6,105.04,0.0171,0.0407,771.7,583.5,188.2,100.41,218.73,218.73,A_tight1_s42,96,42,1,success,1986,431,3.4621,3.4621,2.777,1,0,0,280.0,257.95,1,62,212,157,2.78
-25.25,67.95,0.0392,0.0035,566.8,715.6,-148.8,79.99,148.29,148.29,A_tight1_s42,97,42,1,success,1958,417,4.126,3.203,2.532,1,0,0,175.0,161.64,1,41,327,49,2.53
-56.47,-98.26,0.0283,0.0114,418.6,513.5,-94.9,52.99,80.76,80.76,A_tight1_s42,98,42,0,safety_cap,2000,323,1.9983,1.5177,3.264,8,4,0,120.0,109.76,1,49,213,61,3.26
-23.52,85.72,0.0423,0.0255,676.3,378.9,297.4,163.87,215.79,215.79,A_tight1_s42,99,42,0,safety_cap,2000,429,,2797.4235,2113.465,0,0,0,470.0,385.19,1,52,131,246,2113.47
-179.93,111.71,0.0128,0.0203,582.9,684.6,-101.7,54.78,73.62,73.62,A_tight1_s42,100,42,0,safety_cap,2000,378,1.1141,1.1141,4.306,5,3,0,174.0,168.31,1,77,162,139,4.31
147.7,-106.59,0.0122,0.0409,483.7,575.1,-91.4,50.32,173.23,173.23,A_tight1_s42,101,42,0,safety_cap,2000,484,,2.2279,5.128,0,0,0,252.0,249.75,1,70,198,216,5.13
-38.16,35.76,0.0094,0.0275,682.0,425.2,256.8,140.71,101.48,140.71,A_tight1_s42,102,42,0,safety_cap,2000,471,,6.792,6.565,0,0,0,262.0,183.38,1,104,158,209,6.57
-27.35,-12.57,0.0202,0.0088,585.5,534.0,51.6,28.23,45.08,45.08,A_tight1_s42,103,42,0,safety_cap,2000,534,1.5897,1.5897,2.912,6,0,0,66.0,59.17,1,32,273,229,2.91
1.29,-2.09,0.0172,0.0247,450.3,380.1,70.2,39.66,29.16,39.66,A_tight1_s42,104,42,0,safety_cap,2000,516,1.7144,1.7144,3.128,13,1,0,50.0,39.97,1,30,371,115,3.13
-40.62,-150.09,0.0053,0.0401,756.7,537.5,219.2,117.73,160.39,160.39,A_tight1_s42,105,42,0,safety_cap,2000,505,1.5076,1.5076,2.891,25,17,0,200.0,181.32,1,46,243,216,2.89
-68.41,-59.71,0.0421,0.0376,585.6,464.5,121.1,66.74,28.76,66.74,A_tight1_s42,106,42,0,safety_cap,2000,467,,4.8317,8.765,0,0,0,221.0,229.7,1,88,177,202,8.76
-84.78,-57.97,0.0245,0.0402,637.8,478.5,159.3,87.19,81.51,87.19,A_tight1_s42,107,42,0,safety_cap,2000,428,,4.0958,6.897,0,0,0,219.0,222.11,1,81,168,179,8.33
-49.55,-61.74,0.0265,0.0169,688.5,609.3,79.2,42.49,40.05,42.49,A_tight1_s42,108,42,0,safety_cap,2000,429,1.7294,1.7294,3.201,5,0,0,102.0,94.46,1,48,237,144,3.2
94.11,-131.21,0.0346,0.0437,751.3,581.7,169.5,90.65,273.99,273.99,A_tight1_s42,109,42,0,safety_cap,2000,483,,3.5365,6.121,0,0,0,335.0,322.79,1,68,205,210,6.12
-76.06,88.19,0.008,0.0189,465.3,347.3,117.9,66.74,102.78,102.78,A_tight1_s42,110,42,0,safety_cap,2000,382,,5.1569,9.092,0,0,0,247.0,245.07,1,92,142,148,9.13
-26.72,-29.88,0.0034,0.0241,380.2,502.4,-122.2,68.63,79.01,79.01,A_tight1_s42,111,42,1,success,1943,455,1.5549,1.5549,2.431,1,0,0,98.0,92.71,1,31,270,154,2.43
-149.42,-22.76,0.0348,0.0467,606.3,537.3,69.0,37.65,277.03,277.03,A_tight1_s42,112,42,0,safety_cap,2000,460,1.305,1.305,4.474,7,5,0,389.0,385.53,1,92,179,189,4.47
80.7,98.36,0.0001,0.0241,385.0,583.8,-198.8,110.54,90.69,110.54,A_tight1_s42,113,42,0,safety_cap,2000,494,,4.2489,7.855,0,0,0,222.0,191.89,1,88,164,242,7.86
117.89,160.53,0.0103,0.0124,477.7,795.4,-317.7,171.01,31.64,171.01,A_tight1_s42,114,42,0,safety_cap,2000,498,,4.9412,9.24,0,0,0,171.0,165.33,1,95,182,221,9.24
-137.14,-41.61,0.0272,0.0479,706.8,620.1,86.7,46.41,216.3,216.3,A_tight1_s42,115,42,0,safety_cap,2000,481,,2.4853,5.592,0,0,0,346.0,332.51,1,92,180,209,5.59
127.64,85.91,0.0214,0.0046,400.3,629.2,-228.8,126.44,68.86,126.44,A_tight1_s42,116,42,0,safety_cap,2000,472,,3.0001,5.753,0,0,0,198.0,190.18,1,90,170,212,5.75
93.68,136.39,0.0422,0.0052,682.2,323.4,358.8,198.81,148.7,198.81,A_tight1_s42,117,42,0,safety_cap,2000,453,,2.7904,6.35,0,0,0,217.0,206.81,1,69,200,184,6.35
156.96,-87.45,0.0052,0.0389,765.0,684.3,80.7,42.63,155.75,155.75,A_tight1_s42,118,42,0,safety_cap,2000,458,,3.2384,7.001,0,0,0,250.0,238.34,1,78,198,182,7.0
70.19,-83.73,0.009,0.0411,359.2,496.8,-137.6,77.49,188.02,188.02,A_tight1_s42,119,42,0,safety_cap,2000,434,,3.7035,7.877,0,0,0,235.0,223.98,1,56,204,174,7.88
66.34,147.39,0.0142,0.0291,771.2,448.5,322.7,174.69,116.11,174.69,A_tight1_s42,120,42,0,safety_cap,2000,403,5.6881,4.32,3.933,2,0,0,183.0,180.89,1,55,218,130,3.93
110.56,46.15,0.0035,0.0331,607.1,525.7,81.4,44.45,120.64,120.64,A_tight1_s42,121,42,0,safety_cap,2000,405,1.5362,1.5362,4.657,2,1,0,189.0,177.51,1,66,180,159,4.66
-19.0,155.67,0.0188,0.0131,790.9,428.2,362.7,196.37,121.77,196.37,A_tight1_s42,122,42,0,safety_cap,2000,542,2.6955,2.6955,3.376,10,7,0,223.0,223.5,1,37,284,221,3.38
152.39,-161.97,0.0329,0.029,753.6,675.8,77.8,41.18,91.15,91.15,A_tight1_s42,123,42,0,safety_cap,2000,464,,2.3554,5.738,0,0,0,172.0,171.24,1,69,203,192,5.74
39.9,97.57,0.0071,0.0319,539.8,451.8,88.0,48.81,110.07,110.07,A_tight1_s42,124,42,1,success,1937,457,2.1726,2.1726,2.154,1,0,0,136.0,130.37,1,37,245,175,2.15
157.4,130.04,0.0151,0.0425,512.0,783.4,-271.4,145.74,111.62,145.74,A_tight1_s42,125,42,0,safety_cap,2000,397,,2.641,6.082,0,0,0,232.0,219.73,1,88,176,133,6.08
-82.06,154.15,0.0363,0.0387,567.4,479.1,88.3,48.7,252.42,252.42,A_tight1_s42,126,42,0,safety_cap,2000,443,,4.3911,5.436,0,0,0,400.0,394.42,1,100,158,185,7.15
-24.7,87.91,0.0122,0.0147,637.6,783.9,-146.3,77.48,83.75,83.75,A_tight1_s42,127,42,0,safety_cap,2000,494,1.4291,1.4291,2.974,6,0,0,109.0,96.93,1,37,314,143,2.97
-153.29,161.13,0.0411,0.0037,566.8,685.5,-118.6,63.98,145.15,145.15,A_tight1_s42,128,42,0,safety_cap,2000,321,,3.0266,5.83,0,0,0,239.0,225.83,1,84,158,79,5.83
52.16,-149.1,0.0011,0.0048,740.7,637.2,103.6,55.12,21.75,55.12,A_tight1_s42,129,42,0,safety_cap,2000,377,7.0392,4.2908,4.977,1,0,0,56.0,55.73,1,33,250,94,4.98
19.81,167.19,0.0172,0.0378,503.3,723.6,-220.3,119.16,198.9,198.9,A_tight1_s42,130,42,0,safety_cap,2000,445,,11.0013,12.065,0,0,0,355.0,209.38,1,86,170,189,12.07
143.44,-150.51,0.0342,0.0456,506.1,630.7,-124.6,68.04,168.09,168.09,A_tight1_s42,131,42,1,success,1968,427,1.3037,1.3037,3.488,1,0,0,254.0,242.99,1,73,180,174,3.49
-63.11,-140.63,0.0142,0.0217,428.8,734.6,-305.8,166.53,86.94,166.53,A_tight1_s42,132,42,0,safety_cap,2000,412,,4.6922,5.998,0,0,0,169.0,161.15,1,52,229,131,6.0
-164.49,-93.24,0.0438,0.0382,562.6,479.6,83.0,45.8,183.07,183.07,A_tight1_s42,133,42,0,safety_cap,2000,340,,5.4983,11.084,0,0,0,285.0,282.97,1,89,153,98,11.08
-129.77,-78.01,0.0369,0.0123,503.4,411.2,92.2,51.58,118.17,118.17,A_tight1_s42,134,42,1,success,1987,486,1.0634,1.0634,4.306,1,0,0,237.0,183.82,1,90,170,226,4.31
-109.93,20.05,0.037,0.0204,589.1,341.2,248.0,138.5,202.25,202.25,A_tight1_s42,135,42,0,safety_cap,2000,484,,3.2344,6.025,0,0,0,331.0,327.44,1,92,161,231,6.03
109.58,-177.51,0.009,0.0326,634.2,425.5,208.7,114.92,119.18,119.18,A_tight1_s42,136,42,0,safety_cap,2000,473,2.2733,1.7334,3.128,3,0,0,184.0,174.73,1,69,207,197,3.13
19.59,-150.03,0.009,0.0058,622.5,534.5,87.9,47.91,55.97,55.97,A_tight1_s42,137,42,1,success,1662,465,3.4113,3.4113,2.806,1,0,0,69.0,66.06,1,32,279,154,2.81
-104.19,146.82,0.0248,0.0261,786.6,454.0,332.6,179.64,158.3,179.64,A_tight1_s42,138,42,0,safety_cap,2000,428,,653.3298,571.857,0,0,0,219.0,273.66,1,22,143,263,579.69
-152.83,14.81,0.0028,0.0216,396.9,621.1,-224.2,124.06,91.97,124.06,A_tight1_s42,139,42,0,safety_cap,2000,442,1.9644,1.9644,4.825,2,1,0,183.0,171.67,1,70,184,188,4.82
-100.14,-116.32,0.0341,0.0456,449.8,741.3,-291.5,158.26,59.71,158.26,A_tight1_s42,140,42,0,safety_cap,2000,374,2.0553,1.9911,3.626,4,0,0,162.0,153.39,1,58,207,109,3.63
-141.54,-139.93,0.0308,0.0069,754.1,532.1,222.1,119.34,90.96,119.34,A_tight1_s42,141,42,1,success,1986,380,1.3909,1.3909,4.209,2,0,0,204.0,203.44,1,84,165,131,4.21
-124.86,14.19,0.0258,0.0038,450.3,727.3,-277.0,150.61,107.66,150.61,A_tight1_s42,142,42,0,safety_cap,2000,398,,4.2189,8.611,0,0,0,189.0,173.76,1,77,188,133,8.61
-173.74,74.33,0.0208,0.049,762.5,614.8,147.8,78.64,226.58,226.58,A_tight1_s42,143,42,0,safety_cap,2000,486,,3.8876,7.046,0,0,0,333.0,323.63,1,84,185,217,7.05
124.86,-78.1,0.036,0.0073,454.2,608.4,-154.2,84.89,161.92,161.92,A_tight1_s42,144,42,0,safety_cap,2000,425,,4.0214,7.782,0,0,0,296.0,226.92,1,95,157,173,7.78
64.23,-48.82,0.0221,0.0031,527.7,786.6,-258.9,138.74,87.71,138.74,A_tight1_s42,145,42,0,safety_cap,2000,472,2.8379,2.8379,3.884,2,0,0,212.0,203.56,1,55,232,185,3.88
50.79,-60.18,0.033,0.0188,715.0,480.9,234.1,127.05,165.55,165.55,A_tight1_s42,146,42,1,success,1933,388,1.1729,1.1729,2.025,5,2,0,205.0,191.51,1,52,230,106,2.03
-134.68,101.65,0.0122,0.0151,559.9,320.1,239.8,134.69,92.79,134.69,A_tight1_s42,147,42,0,safety_cap,2000,493,2.141,2.141,4.797,2,0,0,206.0,205.24,1,81,171,241,4.8
48.69,178.98,0.0408,0.0462,623.1,543.1,79.9,43.51,300.04,300.04,A_tight1_s42,148,42,0,safety_cap,2000,492,1.2322,1.2322,2.691,7,0,0,354.0,325.15,1,56,277,159,2.69
-167.5,-80.71,0.0228,0.0109,513.0,737.0,-224.0,120.85,92.44,120.85,A_tight1_s42,149,42,0,safety_cap,2000,424,1.1526,1.1526,4.888,2,1,0,192.0,181.24,1,83,188,153,4.89
156.29,-133.3,0.0353,0.0384,630.2,752.4,-122.1,64.95,159.2,159.2,A_tight1_s42,150,42,0,safety_cap,2000,473,,2.4556,5.769,0,0,0,257.0,242.24,1,79,201,193,5.77
45.13,148.29,0.02,0.0021,587.1,422.8,164.4,91.01,78.96,91.01,A_tight1_s42,151,42,0,safety_cap,2000,438,2.1673,2.1673,3.383,4,0,0,110.0,101.83,1,42,247,149,3.38
67.84,-27.77,0.0419,0.0089,592.1,662.7,-70.6,38.07,164.53,164.53,A_tight1_s42,152,42,0,safety_cap,2000,440,,3.5462,7.808,0,0,0,216.0,200.12,1,59,228,153,7.81
67.24,153.06,0.0163,0.0122,319.9,628.9,-309.0,172.25,74.29,172.25,A_tight1_s42,153,42,0,safety_cap,2000,503,,4.0142,7.693,0,0,0,237.0,227.14,1,99,168,236,7.69
-23.73,-161.28,0.0403,0.0421,665.2,569.7,95.5,51.6,290.9,290.9,A_tight1_s42,154,42,0,safety_cap,2000,473,2.7273,2.7273,4.395,2,0,0,325.0,303.18,1,46,301,126,4.39
164.37,-154.29,0.0249,0.0048,390.0,713.3,-323.3,177.22,80.94,177.22,A_tight1_s42,155,42,0,safety_cap,2000,377,1.7105,1.7105,4.537,4,2,0,192.0,184.3,1,79,162,136,4.54
-94.67,87.2,0.0103,0.0478,566.6,743.7,-177.0,94.9,217.44,217.44,A_tight1_s42,156,42,0,safety_cap,2000,360,5.0379,4.2943,4.627,1,0,0,290.0,267.68,1,69,204,87,4.63
92.79,87.12,0.0254,0.0283,595.2,683.3,-88.2,47.42,14.75,47.42,A_tight1_s42,157,42,0,safety_cap,2000,487,,4.7779,8.642,0,0,0,150.0,144.62,1,63,216,208,8.64
85.29,83.02,0.0236,0.0171,517.1,746.8,-229.7,123.75,24.68,123.75,A_tight1_s42,158,42,0,safety_cap,2000,469,,2.558,5.506,0,0,0,177.0,170.93,1,97,171,201,5.51
-71.78,-133.5,0.0473,0.0234,533.7,618.0,-84.3,45.95,157.5,157.5,A_tight1_s42,159,42,0,safety_cap,2000,439,,5.7025,9.935,0,0,0,204.0,194.92,1,60,209,170,9.93
115.73,142.91,0.0048,0.0074,365.9,580.8,-215.0,119.87,14.59,119.87,A_tight1_s42,160,42,0,safety_cap,2000,489,2.0936,2.0936,4.905,2,0,0,145.0,141.25,1,82,172,235,4.9
-75.22,-129.33,0.005,0.0123,684.6,798.1,-113.5,59.74,37.88,59.74,A_tight1_s42,161,42,0,safety_cap,2000,411,,2.0518,5.418,0,0,0,81.0,78.11,1,49,241,121,5.42
57.15,136.56,0.0185,0.0091,422.4,777.4,-355.0,192.6,71.08,192.6,A_tight1_s42,162,42,0,safety_cap,2000,500,,3.8951,7.628,0,0,0,245.0,232.55,1,105,169,226,7.63
11.7,-37.2,0.023,0.0112,379.1,607.5,-228.4,126.81,67.09,126.81,A_tight1_s42,163,42,0,safety_cap,2000,611,2.1106,1.8193,4.951,1,0,0,144.0,135.87,1,29,335,247,4.95
146.12,-101.62,0.0092,0.0151,447.4,747.4,-300.0,162.85,76.57,162.85,A_tight1_s42,164,42,0,safety_cap,2000,458,,3.7028,7.925,0,0,0,199.0,190.12,1,90,186,182,7.93
0.9,102.18,0.0014,0.0158,737.4,445.9,291.6,158.45,61.54,158.45,A_tight1_s42,165,42,0,safety_cap,2000,433,,7.9594,7.168,0,0,0,164.0,163.53,1,25,392,16,7.17
-110.29,13.59,0.0143,0.0169,655.7,577.9,77.8,42.06,104.51,104.51,A_tight1_s42,166,42,0,safety_cap,2000,500,,2.9493,5.982,0,0,0,174.0,161.67,1,66,200,234,5.98
-75.24,-44.54,0.0421,0.0333,711.8,792.7,-80.9,42.47,80.99,80.99,A_tight1_s42,167,42,0,safety_cap,2000,329,2.0777,1.7711,3.183,5,0,0,131.0,121.19,1,56,193,80,3.18
171.88,167.85,0.0328,0.0051,657.8,542.0,115.8,62.81,105.2,105.2,A_tight1_s42,168,42,0,safety_cap,2000,401,,3.9069,6.891,0,0,0,197.0,193.82,1,75,181,145,6.89
157.83,-119.49,0.0466,0.0045,529.3,457.8,71.5,39.67,176.48,176.48,A_tight1_s42,169,42,0,safety_cap,2000,431,1.8237,1.8237,4.784,4,3,0,273.0,256.87,1,81,174,176,4.78
106.94,136.49,0.0256,0.0224,730.3,438.0,292.3,159.12,48.35,159.12,A_tight1_s42,170,42,0,safety_cap,2000,467,1.7031,1.7031,4.124,5,2,0,162.0,164.25,1,62,209,196,4.12
-159.85,-78.02,0.037,0.0234,540.8,710.7,-169.9,91.66,153.31,153.31,A_tight1_s42,171,42,0,safety_cap,2000,485,,3.6065,7.341,0,0,0,248.0,237.74,1,81,185,219,7.34
89.49,-62.06,0.0154,0.0312,660.3,743.1,-82.8,43.95,169.91,169.91,A_tight1_s42,172,42,0,safety_cap,2000,407,,5.7316,10.292,0,0,0,237.0,217.4,1,68,192,147,10.29
57.03,116.14,0.0095,0.0253,684.6,561.7,123.0,66.36,83.51,83.51,A_tight1_s42,173,42,1,success,1973,419,1.9388,1.9388,2.177,5,1,0,118.0,113.0,1,48,251,120,2.18
146.97,-27.95,0.0334,0.0335,543.5,597.5,-54.0,29.47,252.69,252.69,A_tight1_s42,174,42,0,safety_cap,2000,467,,2.9462,6.18,0,0,0,366.0,329.08,1,81,165,221,6.18
24.25,145.51,0.0413,0.0092,709.0,467.3,241.7,131.43,178.5,178.5,A_tight1_s42,175,42,0,safety_cap,2000,457,2.151,2.151,3.403,6,0,0,197.0,190.87,1,36,380,41,3.4
-47.3,-11.92,0.0222,0.0388,406.3,565.2,-158.9,88.37,92.24,92.24,A_tight1_s42,176,42,0,safety_cap,2000,445,1.706,1.706,3.211,5,0,0,126.0,116.71,1,40,245,160,3.21
-150.36,16.29,0.0207,0.0466,678.2,794.4,-116.2,61.21,249.63,249.63,A_tight1_s42,177,42,0,safety_cap,2000,441,,3.266,6.272,0,0,0,383.0,329.99,1,73,209,159,6.27
-69.2,11.9,0.0311,0.014,643.2,553.9,89.3,48.44,121.74,121.74,A_tight1_s42,178,42,0,safety_cap,2000,347,,3.556,6.543,0,0,0,168.0,157.49,1,55,176,116,6.54
-105.23,-43.72,0.0205,0.0387,671.5,563.6,107.9,58.3,129.16,129.16,A_tight1_s42,179,42,1,success,1941,427,3.6644,3.6644,4.281,1,0,0,190.0,183.33,1,54,197,176,4.28
-49.13,84.18,0.0081,0.0414,564.0,746.4,-182.4,97.75,177.3,177.3,A_tight1_s42,180,42,1,success,1994,424,,4.9931,6.031,0,0,0,218.0,203.38,1,52,231,141,6.03
-79.61,3.4,0.024,0.0031,466.8,740.4,-273.5,148.26,89.03,148.26,A_tight1_s42,181,42,0,safety_cap,2000,387,3.474,2.6505,1.935,3,0,0,156.0,143.98,1,60,222,105,1.94
-9.13,120.48,0.0473,0.0223,712.4,777.3,-64.8,34.1,238.45,238.45,A_tight1_s42,182,42,0,safety_cap,2000,490,1.3123,1.3123,2.751,22,5,0,272.0,243.32,1,49,378,63,2.75
-58.58,100.7,0.0362,0.0245,710.0,559.6,150.3,80.93,226.49,226.49,A_tight1_s42,183,42,0,safety_cap,2000,467,5.3347,5.3347,4.993,1,0,0,384.0,256.77,1,107,184,176,4.99
69.31,-120.89,0.01,0.0233,351.7,417.9,-66.1,37.58,127.18,127.18,A_tight1_s42,184,42,0,safety_cap,2000,488,2.1699,2.1699,3.329,2,0,0,173.0,162.27,1,55,216,217,3.33
138.31,-142.32,0.0186,0.014,524.8,638.8,-114.0,62.07,79.58,79.58,A_tight1_s42,185,42,0,safety_cap,2000,342,,2.9057,5.715,0,0,0,203.0,195.48,1,86,146,110,5.72
-73.14,-148.99,0.01,0.0254,484.9,405.3,79.6,44.64,95.66,95.66,A_tight1_s42,186,42,0,safety_cap,2000,499,,5.8471,10.379,0,0,0,241.0,244.94,1,104,169,226,10.38
-63.01,171.64,0.0286,0.0427,439.0,564.6,-125.6,69.61,241.39,241.39,A_tight1_s42,187,42,1,success,1973,372,1.0057,1.0057,2.259,4,0,0,287.0,273.99,1,57,220,95,2.26
-156.49,6.36,0.0138,0.0259,621.0,395.2,225.8,124.96,150.81,150.81,A_tight1_s42,188,42,0,safety_cap,2000,381,,2.3577,5.217,0,0,0,260.0,253.51,1,86,161,134,5.22
-11.57,-168.65,0.0071,0.0229,693.5,357.8,335.7,185.08,113.88,185.08,A_tight1_s42,189,42,0,safety_cap,2000,494,,13.5539,12.018,0,0,0,282.0,288.75,1,98,164,232,14.96
-169.03,80.75,0.0195,0.0112,711.4,470.5,241.0,130.97,98.03,130.97,A_tight1_s42,190,42,1,success,1982,303,2.1924,2.1924,4.189,1,0,0,197.0,195.48,1,71,139,93,4.19
53.85,-20.96,0.0095,0.0243,581.0,402.9,178.1,98.89,90.69,98.89,A_tight1_s42,191,42,1,success,1963,393,4.9387,3.6203,3.771,1,0,0,127.0,117.9,1,52,220,121,3.77
-2.5,54.18,0.0107,0.036,707.7,462.2,245.6,133.64,119.86,133.64,A_tight1_s42,192,42,1,success,1888,411,1.5907,1.5907,3.45,2,0,0,151.0,139.79,1,22,370,19,3.45
101.23,-51.38,0.0005,0.0105,317.4,789.0,-471.5,258.46,40.8,258.46,A_tight1_s42,193,42,0,safety_cap,2000,488,,2.538,5.675,0,0,0,261.0,245.69,1,96,178,214,5.67
166.2,60.42,0.0309,0.0328,414.2,678.1,-263.9,144.83,191.12,191.12,A_tight1_s42,194,42,0,safety_cap,2000,430,2.601,2.601,4.616,3,1,0,318.0,293.02,1,96,180,154,4.62
146.33,122.42,0.0126,0.0292,569.0,720.6,-151.6,81.42,68.9,81.42,A_tight1_s42,195,42,0,safety_cap,2000,480,,3.1573,6.804,0,0,0,191.0,181.92,1,97,180,203,6.8
-157.3,150.05,0.0128,0.0192,442.9,668.6,-225.7,123.58,57.46,123.58,A_tight1_s42,196,42,0,safety_cap,2000,410,,1.9013,5.847,0,0,0,148.0,140.05,1,74,185,151,5.85
22.69,115.67,0.0029,0.0332,437.2,685.9,-248.7,136.02,125.66,136.02,A_tight1_s42,197,42,1,success,1855,476,,3.5362,6.206,0,0,0,161.0,156.31,1,32,276,168,6.21
95.02,-176.67,0.0091,0.0221,563.7,786.6,-222.9,118.99,88.31,118.99,A_tight1_s42,198,42,0,safety_cap,2000,495,,2.3632,5.265,0,0,0,243.0,217.67,1,94,177,224,5.27
169.34,70.58,0.0128,0.0312,568.7,673.1,-104.4,56.37,133.43,133.43,A_tight1_s42,199,42,0,safety_cap,2000,476,,1.9553,5.046,0,0,0,250.0,233.6,1,86,181,209,5.05
