geom,rho0_km,rho_over_r,period_min,arc_min,burn_dv_ms,burn_dir,burn_t_min,k,hyp_valid,hyp_a_km,hyp_perigee_alt_km,arm,t_1sig_min,t_3sig_min,t_D3_min,D_final,dbeta_10min,dbeta_1h,dbeta_6h,dbeta_24h,dbeta_50h,dbeta_max,pow_p
A1_leo_5km_box,5.011105610535344,0.0007407805964647393,92.41425159967986,360.0,0.0,none,nan,0.5,1,6771.19815735211,393.4283393396083,nonlinear,nan,nan,53.0,8.345548886777308,0.000104808255473543,0.0002154760604211603,0.0007948911026876004,nan,nan,0.0007948911026876004,-0.08319889929204355
A1_leo_5km_box,5.011105610535344,0.0007407805964647393,92.41425159967986,360.0,0.0,none,nan,0.5,1,6771.19815735211,393.4283393396083,linear_classical,nan,nan,nan,0.0,0.0,0.0,0.0,nan,nan,0.0,nan
A1_leo_5km_box,5.011105610535344,0.0007407805964647393,92.41425159967986,360.0,0.0,none,nan,0.5,1,6771.19815735211,393.4283393396083,nonlinear_minus_linear,nan,nan,53.0,8.345548886777308,0.000104808255473543,0.0002154760604211603,0.0007948911026876004,nan,nan,0.0007948911026876004,-0.08319889929204355
A1_leo_5km_box,5.011105610535344,0.0007407805964647393,92.41425159967986,360.0,0.0,none,nan,2.0,1,6770.61474056093,392.8330845671594,nonlinear,29.0,nan,29.0,16.41323991772422,0.00020988675415978264,0.00044765365635868193,0.0015627629900283324,nan,nan,0.0015627629900283324,-0.08969300748936516
A1_leo_5km_box,5.011105610535344,0.0007407805964647393,92.41425159967986,360.0,0.0,none,nan,2.0,1,6770.61474056093,392.8330845671594,linear_classical,nan,nan,nan,0.0,0.0,0.0,0.0,nan,nan,0.0,nan
A1_leo_5km_box,5.011105610535344,0.0007407805964647393,92.41425159967986,360.0,0.0,none,nan,2.0,1,6770.61474056093,392.8330845671594,nonlinear_minus_linear,29.0,nan,29.0,16.41323991772422,0.00020988675415978264,0.00044765365635868193,0.0015627629900283324,nan,nan,0.0015627629900283324,-0.08969300748936516
A1_leo_5km_box,5.011105610535344,0.0007407805964647393,92.41425159967986,360.0,1.0,radial,36.0,0.5,1,6771.19815735211,393.4283393396083,nonlinear,37.0,37.0,37.0,646.9936006757919,0.000104808255473543,0.05405819057209316,0.00392439254345156,nan,nan,0.06968776644134955,2.866748108356758
A1_leo_5km_box,5.011105610535344,0.0007407805964647393,92.41425159967986,360.0,1.0,radial,36.0,0.5,1,6771.19815735211,393.4283393396083,linear_classical,37.0,37.0,37.0,646.4181252025487,0.0,0.05402399443409944,0.003158997889888049,nan,nan,0.06931931904088717,-1.0725859399923443
A1_leo_5km_box,5.011105610535344,0.0007407805964647393,92.41425159967986,360.0,1.0,radial,36.0,0.5,1,6771.19815735211,393.4283393396083,nonlinear_minus_linear,nan,nan,75.0,8.095504022622778,0.000104808255473543,3.4196137993713904e-05,0.0007653946535635114,nan,nan,0.00077072708459891,-0.24600308596197967
A1_leo_5km_box,5.011105610535344,0.0007407805964647393,92.41425159967986,360.0,1.0,radial,36.0,2.0,1,6770.61474056093,392.8330845671594,nonlinear,29.0,37.0,29.0,389.3811850931082,0.00020988675415978264,0.03679236006239961,0.003510744707250435,nan,nan,0.04231993770988751,2.2125676138347177
A1_leo_5km_box,5.011105610535344,0.0007407805964647393,92.41425159967986,360.0,1.0,radial,36.0,2.0,1,6770.61474056093,392.8330845671594,linear_classical,37.0,37.0,37.0,385.81430093781773,0.0,0.03648758847400657,0.0019681088256540136,nan,nan,0.041593197606295984,-0.6555181905642324
A1_leo_5km_box,5.011105610535344,0.0007407805964647393,92.41425159967986,360.0,1.0,radial,36.0,2.0,1,6770.61474056093,392.8330845671594,nonlinear_minus_linear,29.0,nan,29.0,16.14413602124787,0.00020988675415978264,0.000304771588393038,0.0015426358815964214,nan,nan,0.0015426358815964214,-0.16041327460914132
A1_leo_5km_box,5.011105610535344,0.0007407805964647393,92.41425159967986,360.0,10.0,prograde,36.0,0.5,1,6771.19815735211,393.4283393396083,nonlinear,37.0,37.0,37.0,2607.7945755947267,0.000104808255473543,0.12465430426063584,7.883582380729948e-05,nan,nan,1.0201744832016515,2.5381793545362195
A1_leo_5km_box,5.011105610535344,0.0007407805964647393,92.41425159967986,360.0,10.0,prograde,36.0,0.5,1,6771.19815735211,393.4283393396083,linear_classical,37.0,37.0,37.0,2610.739821189685,0.0,0.1256895923584378,0.0006503760306157957,nan,nan,1.0193022234190527,-5.3948958351331235
A1_leo_5km_box,5.011105610535344,0.0007407805964647393,92.41425159967986,360.0,10.0,prograde,36.0,0.5,1,6771.19815735211,393.4283393396083,nonlinear_minus_linear,39.0,41.0,40.0,14.12714379291775,0.000104808255473543,0.0010352880978019563,0.0007292118544230952,nan,nan,0.0038781588587042393,0.23458399951555406
A1_leo_5km_box,5.011105610535344,0.0007407805964647393,92.41425159967986,360.0,10.0,prograde,36.0,2.0,1,6770.61474056093,392.8330845671594,nonlinear,29.0,37.0,29.0,1821.1914817169932,0.00020988675415978264,0.18370923347866386,0.00021984635462901636,nan,nan,0.5627367970114183,2.495587135670908
A1_leo_5km_box,5.011105610535344,0.0007407805964647393,92.41425159967986,360.0,10.0,prograde,36.0,2.0,1,6770.61474056093,392.8330845671594,linear_classical,37.0,37.0,37.0,1823.7759481790226,0.0,0.18620042003013282,0.0012384914417089554,nan,nan,0.5615586550578824,-3.716880127346781
A1_leo_5km_box,5.011105610535344,0.0007407805964647393,92.41425159967986,360.0,10.0,prograde,36.0,2.0,1,6770.61474056093,392.8330845671594,nonlinear_minus_linear,29.0,43.0,29.0,22.43865170122313,0.00020988675415978264,0.00249118655146896,0.0014583377963379718,nan,nan,0.0033578201571597965,0.41226415049028686
A2_leo_10km_drift,10.189288204268129,0.0015059039835889074,92.41425159967986,360.0,0.0,none,nan,0.5,1,6771.992721756841,394.22615639909543,nonlinear,75.0,349.0,68.0,34.790445647371314,0.0001458236064499907,0.00040801912443200195,0.0031599550889001016,nan,nan,0.0031599550889001016,0.7561764748164246
A2_leo_10km_drift,10.189288204268129,0.0015059039835889074,92.41425159967986,360.0,0.0,none,nan,0.5,1,6771.992721756841,394.22615639909543,linear_classical,nan,nan,nan,0.0,0.0,0.0,0.0,nan,nan,0.0,nan
A2_leo_10km_drift,10.189288204268129,0.0015059039835889074,92.41425159967986,360.0,0.0,none,nan,0.5,1,6771.992721756841,394.22615639909543,nonlinear_minus_linear,75.0,349.0,68.0,34.790445647371314,0.0001458236064499907,0.00040801912443200195,0.0031599550889001016,nan,nan,0.0031599550889001016,0.7561764748164246
A2_leo_10km_drift,10.189288204268129,0.0015059039835889074,92.41425159967986,360.0,0.0,none,nan,2.0,1,6769.058213599414,391.24572936537584,nonlinear,63.0,160.0,27.0,68.2975164556794,0.0002931084380128901,0.0007822932488275036,0.006206921208830707,nan,nan,0.006206921208830707,0.7377731360354448
A2_leo_10km_drift,10.189288204268129,0.0015059039835889074,92.41425159967986,360.0,0.0,none,nan,2.0,1,6769.058213599414,391.24572936537584,linear_classical,nan,nan,nan,0.0,0.0,0.0,0.0,nan,nan,0.0,nan
A2_leo_10km_drift,10.189288204268129,0.0015059039835889074,92.41425159967986,360.0,0.0,none,nan,2.0,1,6769.058213599414,391.24572936537584,nonlinear_minus_linear,63.0,160.0,27.0,68.2975164556794,0.0002931084380128901,0.0007822932488275036,0.006206921208830707,nan,nan,0.006206921208830707,0.7377731360354448
A2_leo_10km_drift,10.189288204268129,0.0015059039835889074,92.41425159967986,360.0,1.0,radial,36.0,0.5,1,6771.992721756841,394.22615639909543,nonlinear,37.0,37.0,37.0,245.05021875241994,0.0001458236064499907,0.024235449137081755,0.0042729455529051386,nan,nan,0.02843788696022198,2.387172491425351
A2_leo_10km_drift,10.189288204268129,0.0015059039835889074,92.41425159967986,360.0,1.0,radial,36.0,0.5,1,6771.992721756841,394.22615639909543,linear_classical,37.0,37.0,37.0,240.30428321414234,0.0,0.02468403914545636,0.0011187129550345176,nan,nan,0.02853490322980301,-0.48113846461520193
A2_leo_10km_drift,10.189288204268129,0.0015059039835889074,92.41425159967986,360.0,1.0,radial,36.0,0.5,1,6771.992721756841,394.22615639909543,nonlinear_minus_linear,75.0,349.0,68.0,34.744245267236,0.0001458236064499907,0.0004485900083746053,0.003154232597870621,nan,nan,0.003154232597870621,0.7576541784762378
A2_leo_10km_drift,10.189288204268129,0.0015059039835889074,92.41425159967986,360.0,1.0,radial,36.0,2.0,1,6769.058213599414,391.24572936537584,nonlinear,37.0,38.0,27.0,150.36389762624657,0.0002931084380128901,0.013081553709162641,0.006797576804963512,nan,nan,0.01682851997692625,1.654236374793123
A2_leo_10km_drift,10.189288204268129,0.0015059039835889074,92.41425159967986,360.0,1.0,radial,36.0,2.0,1,6769.058213599414,391.24572936537584,linear_classical,37.0,38.0,38.0,128.9432951456942,0.0,0.013891168937745224,0.0005940421963126497,nan,nan,0.015425395051103852,-0.3194582342095766
A2_leo_10km_drift,10.189288204268129,0.0015059039835889074,92.41425159967986,360.0,1.0,radial,36.0,2.0,1,6769.058213599414,391.24572936537584,nonlinear_minus_linear,63.0,160.0,27.0,68.26992496584914,0.0002931084380128901,0.0008096152285825831,0.0062035346086508625,nan,nan,0.0062035346086508625,0.7363315265067905
A2_leo_10km_drift,10.189288204268129,0.0015059039835889074,92.41425159967986,360.0,10.0,prograde,36.0,0.5,1,6771.992721756841,394.22615639909543,nonlinear,37.0,37.0,37.0,1447.1836532361938,0.0001458236064499907,0.1991574629015318,0.0009313725936692663,nan,nan,0.3987740529041086,3.010337596473985
A2_leo_10km_drift,10.189288204268129,0.0015059039835889074,92.41425159967986,360.0,10.0,prograde,36.0,0.5,1,6771.992721756841,394.22615639909543,linear_classical,37.0,37.0,37.0,1451.9353179248046,0.0,0.20108024762256438,0.0021533244793667805,nan,nan,0.39903338684075385,-2.9381861379523886
A2_leo_10km_drift,10.189288204268129,0.0015059039835889074,92.41425159967986,360.0,10.0,prograde,36.0,0.5,1,6771.992721756841,394.22615639909543,nonlinear_minus_linear,52.0,334.0,46.0,36.529069729187455,0.0001458236064499907,0.0019227847210325777,0.003084697073036047,nan,nan,0.0031012125879970043,0.920464408309764
A2_leo_10km_drift,10.189288204268129,0.0015059039835889074,92.41425159967986,360.0,10.0,prograde,36.0,2.0,1,6769.058213599414,391.24572936537584,nonlinear,37.0,37.0,27.0,979.9315127677648,0.0002931084380128901,0.18942197992175824,0.0025456695814867203,nan,nan,0.22925331767076074,2.7753164396769954
A2_leo_10km_drift,10.189288204268129,0.0015059039835889074,92.41425159967986,360.0,10.0,prograde,36.0,2.0,1,6769.058213599414,391.24572936537584,linear_classical,37.0,37.0,37.0,990.0839256665544,0.0,0.1921311750933441,0.0035827472866776233,nan,nan,0.2300451847839251,-1.2733468741919043
A2_leo_10km_drift,10.189288204268129,0.0015059039835889074,92.41425159967986,360.0,10.0,prograde,36.0,2.0,1,6769.058213599414,391.24572936537584,nonlinear_minus_linear,54.0,63.0,27.0,71.29182179918777,0.0002931084380128901,0.002709195171585854,0.006128416868164344,nan,nan,0.0061291770333045115,0.9479734238702467
A3_leo_100km,101.61433918643861,0.015038272507132407,92.41425159967986,360.0,0.0,none,nan,0.5,1,6780.269855754425,375.9109360686168,nonlinear,8.0,17.0,11.0,327.33671457465937,0.0014731740645648195,0.0037554998004498685,0.029692192950316887,nan,nan,0.029692192950316887,0.7142984701706564
A3_leo_100km,101.61433918643861,0.015038272507132407,92.41425159967986,360.0,0.0,none,nan,0.5,1,6780.269855754425,375.9109360686168,linear_classical,nan,nan,nan,0.0,0.0,0.0,0.0,nan,nan,0.0,nan
A3_leo_100km,101.61433918643861,0.015038272507132407,92.41425159967986,360.0,0.0,none,nan,0.5,1,6780.269855754425,375.9109360686168,nonlinear_minus_linear,8.0,17.0,11.0,327.33671457465937,0.0014731740645648195,0.0037554998004498685,0.029692192950316887,nan,nan,0.029692192950316887,0.7142984701706564
A3_leo_100km,101.61433918643861,0.015038272507132407,92.41425159967986,360.0,0.0,none,nan,2.0,1,6756.833077640677,347.69440231337677,nonlinear,6.0,10.0,8.0,526.294036292664,0.003092699451673564,0.003984800387686782,0.048000801999271925,nan,nan,0.048000801999271925,0.5057499800893481
A3_leo_100km,101.61433918643861,0.015038272507132407,92.41425159967986,360.0,0.0,none,nan,2.0,1,6756.833077640677,347.69440231337677,linear_classical,nan,nan,nan,0.0,0.0,0.0,0.0,nan,nan,0.0,nan
A3_leo_100km,101.61433918643861,0.015038272507132407,92.41425159967986,360.0,0.0,none,nan,2.0,1,6756.833077640677,347.69440231337677,nonlinear_minus_linear,6.0,10.0,8.0,526.294036292664,0.003092699451673564,0.003984800387686782,0.048000801999271925,nan,nan,0.048000801999271925,0.5057499800893481
A3_leo_100km,101.61433918643861,0.015038272507132407,92.41425159967986,360.0,1.0,radial,36.0,0.5,1,6780.269855754425,375.9109360686168,nonlinear,8.0,17.0,11.0,330.2744948694458,0.0014731740645648195,0.0009628601303162121,0.029709784740397538,nan,nan,0.029709784740397538,0.6725241480286859
A3_leo_100km,101.61433918643861,0.015038272507132407,92.41425159967986,360.0,1.0,radial,36.0,0.5,1,6780.269855754425,375.9109360686168,linear_classical,40.0,53.0,43.0,25.179642890297657,0.0,0.002816310271577027,1.9495211596609607e-05,nan,nan,0.0030364897341081942,-0.25435377907140416
A3_leo_100km,101.61433918643861,0.015038272507132407,92.41425159967986,360.0,1.0,radial,36.0,0.5,1,6780.269855754425,375.9109360686168,nonlinear_minus_linear,8.0,17.0,11.0,327.3253890481135,0.0014731740645648195,0.0037791704018932393,0.02969028952880093,nan,nan,0.02969028952880093,0.7143964912456113
A3_leo_100km,101.61433918643861,0.015038272507132407,92.41425159967986,360.0,1.0,radial,36.0,2.0,1,6756.833077640677,347.69440231337677,nonlinear,6.0,10.0,8.0,527.8645418638718,0.003092699451673564,0.0026095025713530617,0.04800677932613562,nan,nan,0.04800677932613562,0.5049541761403935
A3_leo_100km,101.61433918643861,0.015038272507132407,92.41425159967986,360.0,1.0,radial,36.0,2.0,1,6756.833077640677,347.69440231337677,linear_classical,44.0,nan,48.0,12.685744465834592,0.0,0.0014249272699853321,9.80552704588078e-06,nan,nan,0.0015315472952290854,-0.2368835593297298
A3_leo_100km,101.61433918643861,0.015038272507132407,92.41425159967986,360.0,1.0,radial,36.0,2.0,1,6756.833077640677,347.69440231337677,nonlinear_minus_linear,6.0,10.0,8.0,526.2652487629193,0.003092699451673564,0.004034429841338394,0.04799697379908974,nan,nan,0.04799697379908974,0.5067716941728196
A3_leo_100km,101.61433918643861,0.015038272507132407,92.41425159967986,360.0,10.0,prograde,36.0,0.5,1,6780.269855754425,375.9109360686168,nonlinear,8.0,17.0,11.0,443.37323847055205,0.0014731740645648195,0.0597074472233583,0.023370119629290365,nan,nan,0.061470319030140885,1.4417387002632902
A3_leo_100km,101.61433918643861,0.015038272507132407,92.41425159967986,360.0,10.0,prograde,36.0,0.5,1,6780.269855754425,375.9109360686168,linear_classical,38.0,39.0,39.0,395.46470646500256,0.0,0.0644041026824751,0.006571608454699174,nan,nan,0.06884414079220535,1.4787541345685171
A3_leo_100km,101.61433918643861,0.015038272507132407,92.41425159967986,360.0,10.0,prograde,36.0,0.5,1,6780.269855754425,375.9109360686168,nonlinear_minus_linear,8.0,17.0,11.0,333.429951383563,0.0014731740645648195,0.004696655459116794,0.02994172808398954,nan,nan,0.02994172808398954,0.8014939195886182
A3_leo_100km,101.61433918643861,0.015038272507132407,92.41425159967986,360.0,10.0,prograde,36.0,2.0,1,6756.833077640677,347.69440231337677,nonlinear,6.0,10.0,8.0,514.5893528274147,0.003092699451673564,0.029116077637705295,0.04265672569271395,nan,nan,0.04265672569271395,0.10777314493911631
A3_leo_100km,101.61433918643861,0.015038272507132407,92.41425159967986,360.0,10.0,prograde,36.0,2.0,1,6756.833077640677,347.69440231337677,linear_classical,39.0,41.0,40.0,247.36387165254504,0.0,0.03429910661314306,0.005608261906827394,nan,nan,0.040394965848656206,2.0456510700948836
A3_leo_100km,101.61433918643861,0.015038272507132407,92.41425159967986,360.0,10.0,prograde,36.0,2.0,1,6756.833077640677,347.69440231337677,nonlinear_minus_linear,6.0,10.0,8.0,534.243201732116,0.003092699451673564,0.0051830289754377645,0.04826498759954134,nan,nan,0.04826498759954134,0.566535668761064
A4_leo_300km_drift,301.49051405473836,0.04467117422622499,92.41425159967986,360.0,0.0,none,nan,0.5,1,6794.317069902873,353.5038964608861,nonlinear,5.0,8.0,7.0,843.1499739844402,0.005142455406277779,0.010188613556326054,0.07536313319117394,nan,nan,0.07536313319117394,0.5304523371936879
A4_leo_300km_drift,301.49051405473836,0.04467117422622499,92.41425159967986,360.0,0.0,none,nan,0.5,1,6794.317069902873,353.5038964608861,linear_classical,nan,nan,nan,0.0,0.0,0.0,0.0,nan,nan,0.0,nan
A4_leo_300km_drift,301.49051405473836,0.04467117422622499,92.41425159967986,360.0,0.0,none,nan,0.5,1,6794.317069902873,353.5038964608861,nonlinear_minus_linear,5.0,8.0,7.0,843.1499739844402,0.005142455406277779,0.010188613556326054,0.07536313319117394,nan,nan,0.07536313319117394,0.5304523371936879
A4_leo_300km_drift,301.49051405473836,0.04467117422622499,92.41425159967986,360.0,0.0,none,nan,2.0,1,6764.260931522048,299.3598050380172,nonlinear,3.0,5.0,5.0,579.7993257370417,0.01147129743523001,0.013109533232370296,0.04473625281925031,nan,nan,0.05342962127402151,-0.1628551535611234
A4_leo_300km_drift,301.49051405473836,0.04467117422622499,92.41425159967986,360.0,0.0,none,nan,2.0,1,6764.260931522048,299.3598050380172,linear_classical,nan,nan,nan,0.0,0.0,0.0,0.0,nan,nan,0.0,nan
A4_leo_300km_drift,301.49051405473836,0.04467117422622499,92.41425159967986,360.0,0.0,none,nan,2.0,1,6764.260931522048,299.3598050380172,nonlinear_minus_linear,3.0,5.0,5.0,579.7993257370417,0.01147129743523001,0.013109533232370296,0.04473625281925031,nan,nan,0.05342962127402151,-0.1628551535611234
A4_leo_300km_drift,301.49051405473836,0.04467117422622499,92.41425159967986,360.0,1.0,radial,36.0,0.5,1,6794.317069902873,353.5038964608861,nonlinear,5.0,8.0,7.0,843.6883573444086,0.005142455406277779,0.009464010075421303,0.07531344243847116,nan,nan,0.07531344243847116,0.5234543047272368
A4_leo_300km_drift,301.49051405473836,0.04467117422622499,92.41425159967986,360.0,1.0,radial,36.0,0.5,1,6794.317069902873,353.5038964608861,linear_classical,nan,nan,57.0,7.019792103916987,0.0,0.0007656751305060716,5.0254612866229564e-05,nan,nan,0.0008334545897739076,-0.44067046476278326
A4_leo_300km_drift,301.49051405473836,0.04467117422622499,92.41425159967986,360.0,1.0,radial,36.0,0.5,1,6794.317069902873,353.5038964608861,nonlinear_minus_linear,5.0,8.0,7.0,843.138670761308,0.005142455406277779,0.010229685205927375,0.07536369705133739,nan,nan,0.07536369705133739,0.5308789097531412
A4_leo_300km_drift,301.49051405473836,0.04467117422622499,92.41425159967986,360.0,1.0,radial,36.0,2.0,1,6764.260931522048,299.3598050380172,nonlinear,3.0,5.0,5.0,580.6799173480928,0.01147129743523001,0.013345496735733153,0.04471501404398737,nan,nan,0.05342962127402151,-0.13655351529212295
A4_leo_300km_drift,301.49051405473836,0.04467117422622499,92.41425159967986,360.0,1.0,radial,36.0,2.0,1,6764.260931522048,299.3598050380172,linear_classical,nan,nan,155.0,3.5176125733261134,0.0,0.0003841081921160949,2.51703098266276e-05,nan,nan,0.00041783326642041985,-0.4355470976679559
A4_leo_300km_drift,301.49051405473836,0.04467117422622499,92.41425159967986,360.0,1.0,radial,36.0,2.0,1,6764.260931522048,299.3598050380172,nonlinear_minus_linear,3.0,5.0,5.0,579.4599374262566,0.01147129743523001,0.012961388543617058,0.044740184353813994,nan,nan,0.05342962127402151,-0.14553111530240023
A4_leo_300km_drift,301.49051405473836,0.04467117422622499,92.41425159967986,360.0,10.0,prograde,36.0,0.5,1,6794.317069902873,353.5038964608861,nonlinear,5.0,8.0,7.0,817.8051653651131,0.005142455406277779,0.008104207602729119,0.07128557309703343,nan,nan,0.07128557309703343,-0.306381547459842
A4_leo_300km_drift,301.49051405473836,0.04467117422622499,92.41425159967986,360.0,10.0,prograde,36.0,0.5,1,6794.317069902873,353.5038964608861,linear_classical,39.0,42.0,41.0,164.31780096750873,0.0,0.019215990050989618,0.004475333253005864,nan,nan,0.024563389054972795,2.285764328496828
A4_leo_300km_drift,301.49051405473836,0.04467117422622499,92.41425159967986,360.0,10.0,prograde,36.0,0.5,1,6794.317069902873,353.5038964608861,nonlinear_minus_linear,5.0,8.0,7.0,848.5610487284047,0.005142455406277779,0.011111782448260499,0.07576090635003929,nan,nan,0.07576090635003929,0.5673832929789139
A4_leo_300km_drift,301.49051405473836,0.04467117422622499,92.41425159967986,360.0,10.0,prograde,36.0,2.0,1,6764.260931522048,299.3598050380172,nonlinear,3.0,5.0,5.0,565.4696154910112,0.01147129743523001,0.02009730189007186,0.0425041818876597,nan,nan,0.053476699689703366,-0.2958696428679001
A4_leo_300km_drift,301.49051405473836,0.04467117422622499,92.41425159967986,360.0,10.0,prograde,36.0,2.0,1,6764.260931522048,299.3598050380172,linear_classical,41.0,46.0,44.0,91.05138414624439,0.0,0.009764715726588769,0.0027429036325470335,nan,nan,0.013274513370294727,2.485592325508191
A4_leo_300km_drift,301.49051405473836,0.04467117422622499,92.41425159967986,360.0,10.0,prograde,36.0,2.0,1,6764.260931522048,299.3598050380172,nonlinear_minus_linear,3.0,5.0,5.0,594.2059081417698,0.01147129743523001,0.010332586163483093,0.04524708552020673,nan,nan,0.05342962127402151,-0.06786352524457838
A5_leo_180deg,13572.600000000002,1.9565461826547998,92.41425159967986,360.0,0.0,none,nan,0.5,0,75.36037292809384,-6370.999254143812,nonlinear,1.0,3.0,3.0,5806.76892011652,0.014218905332302967,0.0008864270979964672,0.06282743889469611,nan,nan,3.007129913266634,-0.6582712955587302
A5_leo_180deg,13572.600000000002,1.9565461826547998,92.41425159967986,360.0,0.0,none,nan,0.5,0,75.36037292809384,-6370.999254143812,linear_classical,nan,nan,nan,0.0,0.0,0.0,0.0,nan,nan,0.0,nan
A5_leo_180deg,13572.600000000002,1.9565461826547998,92.41425159967986,360.0,0.0,none,nan,0.5,0,75.36037292809384,-6370.999254143812,nonlinear_minus_linear,1.0,3.0,3.0,5806.76892011652,0.014218905332302967,0.0008864270979964672,0.06282743889469611,nan,nan,3.007129913266634,-0.6582712955587302
A5_leo_180deg,13572.600000000002,1.9565461826547998,92.41425159967986,360.0,0.0,none,nan,2.0,0,-802.1699381376264,nan,nonlinear,3.0,4.0,4.0,34028.70889319714,0.06264687155370385,2.674171275265085,2.2919492503071575,nan,nan,3.1218195118608802,1.2930223016587976
A5_leo_180deg,13572.600000000002,1.9565461826547998,92.41425159967986,360.0,0.0,none,nan,2.0,0,-802.1699381376264,nan,linear_classical,nan,nan,nan,0.0,0.0,0.0,0.0,nan,nan,0.0,nan
A5_leo_180deg,13572.600000000002,1.9565461826547998,92.41425159967986,360.0,0.0,none,nan,2.0,0,-802.1699381376264,nan,nonlinear_minus_linear,3.0,4.0,4.0,34028.70889319714,0.06264687155370385,2.674171275265085,2.2919492503071575,nan,nan,3.1218195118608802,1.2930223016587976
A5_leo_180deg,13572.600000000002,1.9565461826547998,92.41425159967986,360.0,1.0,radial,36.0,0.5,0,75.36037292809384,-6370.999254143812,nonlinear,1.0,3.0,3.0,5806.96780415461,0.014218905332302967,0.0007490888564456455,0.0630256862353411,nan,nan,3.006966981078656,-0.6678135594836212
A5_leo_180deg,13572.600000000002,1.9565461826547998,92.41425159967986,360.0,1.0,radial,36.0,0.5,0,75.36037292809384,-6370.999254143812,linear_classical,nan,nan,nan,0.01414346574995309,0.0,1.2156112645378414e-06,6.173210831406095e-09,nan,nan,2.0009516892294243e-06,-0.4289795582359392
A5_leo_180deg,13572.600000000002,1.9565461826547998,92.41425159967986,360.0,1.0,radial,36.0,0.5,0,75.36037292809384,-6370.999254143812,nonlinear_minus_linear,1.0,3.0,3.0,5806.9664104837675,0.014218905332302967,0.0007478732451811076,0.06302569240855194,nan,nan,3.00696742876891,-0.6679156002788706
A5_leo_180deg,13572.600000000002,1.9565461826547998,92.41425159967986,360.0,1.0,radial,36.0,2.0,0,-802.1699381376264,nan,nonlinear,3.0,4.0,4.0,34029.623256040606,0.06264687155370385,2.674006499869831,2.292154574961638,nan,nan,3.1220441261965686,1.293094473525998
A5_leo_180deg,13572.600000000002,1.9565461826547998,92.41425159967986,360.0,1.0,radial,36.0,2.0,0,-802.1699381376264,nan,linear_classical,nan,nan,nan,0.0070717626416653715,0.0,6.078102590123535e-07,3.0866118549965904e-09,nan,nan,1.000481004709286e-06,-0.42897053685084596
A5_leo_180deg,13572.600000000002,1.9565461826547998,92.41425159967986,360.0,1.0,radial,36.0,2.0,0,-802.1699381376264,nan,nonlinear_minus_linear,3.0,4.0,4.0,34029.62012790733,0.06264687155370385,2.674005892059572,2.2921545780482497,nan,nan,3.122044542649849,1.2930942812278363
A5_leo_180deg,13572.600000000002,1.9565461826547998,92.41425159967986,360.0,10.0,prograde,36.0,0.5,0,75.36037292809384,-6370.999254143812,nonlinear,1.0,3.0,3.0,5901.535719329627,0.014218905332302967,0.0002724498119626162,0.10459494478646691,nan,nan,2.9800163777442634,-0.5956884485906725
A5_leo_180deg,13572.600000000002,1.9565461826547998,92.41425159967986,360.0,10.0,prograde,36.0,0.5,0,75.36037292809384,-6370.999254143812,linear_classical,nan,nan,nan,0.48047643413580754,0.0,4.2800012103771934e-05,1.442939108287078e-05,nan,nan,6.591859339710737e-05,2.1516952026138076
A5_leo_180deg,13572.600000000002,1.9565461826547998,92.41425159967986,360.0,10.0,prograde,36.0,0.5,0,75.36037292809384,-6370.999254143812,nonlinear_minus_linear,1.0,3.0,3.0,5901.5395120236135,0.014218905332302967,0.00022964979985884426,0.10460937417754979,nan,nan,2.980024427998583,-0.593627075677234
A5_leo_180deg,13572.600000000002,1.9565461826547998,92.41425159967986,360.0,10.0,prograde,36.0,2.0,0,-802.1699381376264,nan,nonlinear,3.0,4.0,4.0,34025.650524265875,0.06264687155370385,2.67334735407914,2.3356604984289357,nan,nan,3.1371772307613845,1.2957179264750494
A5_leo_180deg,13572.600000000002,1.9565461826547998,92.41425159967986,360.0,10.0,prograde,36.0,2.0,0,-802.1699381376264,nan,linear_classical,nan,nan,nan,0.24030839443498314,0.0,2.140097623115622e-05,7.217908728041067e-06,nan,nan,3.2968209019657024e-05,2.1522029875501567
A5_leo_180deg,13572.600000000002,1.9565461826547998,92.41425159967986,360.0,10.0,prograde,36.0,2.0,0,-802.1699381376264,nan,nonlinear_minus_linear,3.0,4.0,4.0,34025.7512544258,0.06264687155370385,2.6733259531029088,2.335667716337664,nan,nan,3.137172104318592,1.2957271611731342
A6_wide_e30_90deg,14215.728999611663,1.2395434632900901,218.03770352249526,360.0,0.0,none,nan,0.5,0,4894.426458761615,-4213.881828216937,nonlinear,1.0,2.0,2.0,20819.419787797066,0.10900607502234205,0.667084473840021,1.3004580013893294,nan,nan,1.750792654475421,0.6630216151150208
A6_wide_e30_90deg,14215.728999611663,1.2395434632900901,218.03770352249526,360.0,0.0,none,nan,0.5,0,4894.426458761615,-4213.881828216937,linear_classical,nan,nan,nan,0.0,0.0,0.0,0.0,nan,nan,0.0,nan
A6_wide_e30_90deg,14215.728999611663,1.2395434632900901,218.03770352249526,360.0,0.0,none,nan,0.5,0,4894.426458761615,-4213.881828216937,nonlinear_minus_linear,1.0,2.0,2.0,20819.419787797066,0.10900607502234205,0.667084473840021,1.3004580013893294,nan,nan,1.750792654475421,0.6630216151150208
A6_wide_e30_90deg,14215.728999611663,1.2395434632900901,218.03770352249526,360.0,0.0,none,nan,2.0,0,-2028.3874394875759,nan,nonlinear,2.0,3.0,3.0,26229.51568194485,0.034840390820986666,0.17470650725421155,1.4108493030110836,nan,nan,3.1285620327653003,1.324303322556678
A6_wide_e30_90deg,14215.728999611663,1.2395434632900901,218.03770352249526,360.0,0.0,none,nan,2.0,0,-2028.3874394875759,nan,linear_classical,nan,nan,nan,0.0,0.0,0.0,0.0,nan,nan,0.0,nan
A6_wide_e30_90deg,14215.728999611663,1.2395434632900901,218.03770352249526,360.0,0.0,none,nan,2.0,0,-2028.3874394875759,nan,nonlinear_minus_linear,2.0,3.0,3.0,26229.51568194485,0.034840390820986666,0.17470650725421155,1.4108493030110836,nan,nan,3.1285620327653003,1.324303322556678
A6_wide_e30_90deg,14215.728999611663,1.2395434632900901,218.03770352249526,360.0,1.0,radial,36.0,0.5,0,4894.426458761615,-4213.881828216937,nonlinear,1.0,2.0,2.0,20819.65505380622,0.10900607502234205,0.6669733638574962,1.3003604764523953,nan,nan,1.750994579872203,0.662889672522461
A6_wide_e30_90deg,14215.728999611663,1.2395434632900901,218.03770352249526,360.0,1.0,radial,36.0,0.5,0,4894.426458761615,-4213.881828216937,linear_classical,nan,nan,nan,0.07009441790695685,0.0,6.207430769400446e-06,2.926387314694523e-07,nan,nan,6.300139579806796e-06,0.9330269135769254
A6_wide_e30_90deg,14215.728999611663,1.2395434632900901,218.03770352249526,360.0,1.0,radial,36.0,0.5,0,4894.426458761615,-4213.881828216937,nonlinear_minus_linear,1.0,2.0,2.0,20819.616919018437,0.10900607502234205,0.6669671564267268,1.3003607690911267,nan,nan,1.750990851254389,0.6628852505818471
A6_wide_e30_90deg,14215.728999611663,1.2395434632900901,218.03770352249526,360.0,1.0,radial,36.0,2.0,0,-2028.3874394875759,nan,nonlinear,2.0,3.0,3.0,26226.128286891795,0.034840390820986666,0.17455945433313147,1.4099386598703916,nan,nan,3.1278619280468742,1.3238162888711529
A6_wide_e30_90deg,14215.728999611663,1.2395434632900901,218.03770352249526,360.0,1.0,radial,36.0,2.0,0,-2028.3874394875759,nan,linear_classical,nan,nan,nan,0.035049046710196756,0.0,3.103878018162476e-06,1.463250889344181e-07,nan,nan,3.150251564498774e-06,0.9330848845295404
A6_wide_e30_90deg,14215.728999611663,1.2395434632900901,218.03770352249526,360.0,1.0,radial,36.0,2.0,0,-2028.3874394875759,nan,nonlinear_minus_linear,2.0,3.0,3.0,26226.13459017113,0.034840390820986666,0.17456255821114963,1.4099385135453026,nan,nan,3.1278636606455064,1.3238231920091605
A6_wide_e30_90deg,14215.728999611663,1.2395434632900901,218.03770352249526,360.0,10.0,prograde,36.0,0.5,0,4894.426458761615,-4213.881828216937,nonlinear,1.0,2.0,2.0,20811.79938213611,0.10900607502234205,0.6664409807339564,1.2958390868204912,nan,nan,1.7463364923251534,0.6611649398117171
A6_wide_e30_90deg,14215.728999611663,1.2395434632900901,218.03770352249526,360.0,10.0,prograde,36.0,0.5,0,4894.426458761615,-4213.881828216937,linear_classical,nan,nan,nan,2.5046247483826054,0.0,0.0002904369835183829,2.795695124868658e-05,nan,nan,0.0003038825273202761,1.0929053474936605
A6_wide_e30_90deg,14215.728999611663,1.2395434632900901,218.03770352249526,360.0,10.0,prograde,36.0,0.5,0,4894.426458761615,-4213.881828216937,nonlinear_minus_linear,1.0,2.0,2.0,20813.134471563528,0.10900607502234205,0.6667314177174748,1.29586704377174,nan,nan,1.7464207391148832,0.6613728957519006
A6_wide_e30_90deg,14215.728999611663,1.2395434632900901,218.03770352249526,360.0,10.0,prograde,36.0,2.0,0,-2028.3874394875759,nan,nonlinear,2.0,3.0,3.0,26203.02041166776,0.034840390820986666,0.1744176873979013,1.385553586934389,nan,nan,3.1397558495881714,1.3213469921739727
A6_wide_e30_90deg,14215.728999611663,1.2395434632900901,218.03770352249526,360.0,10.0,prograde,36.0,2.0,0,-2028.3874394875759,nan,linear_classical,nan,nan,nan,1.2528488238932491,0.0,0.0001452493431521873,1.3992569502629948e-05,nan,nan,0.0001519804949743353,1.0933104383925296
A6_wide_e30_90deg,14215.728999611663,1.2395434632900901,218.03770352249526,360.0,10.0,prograde,36.0,2.0,0,-2028.3874394875759,nan,nonlinear_minus_linear,2.0,3.0,3.0,26202.594236058823,0.034840390820986666,0.17427243805474912,1.3855395943648863,nan,nan,3.139780966675029,1.3210340734057269
