rho_km,rho_over_r,arc_min,burn_dir,dv_ms,sigma_drift_m,sigma_drift_rel,sigma_burn_m,sigma_burn_rel,info_gain
2.037626117879137,0.00030121773688955176,90.0,radial,1.0,1579.3830331015597,0.7751093388739346,4.769262703695969,0.002340597552145659,109666.11183060343
2.037626117879137,0.00030121773688955176,90.0,prograde,1.0,1579.3830331015597,0.7751093388739346,6.8329915988854575,0.0033534079382519775,53426.061884014765
2.037626117879137,0.00030121773688955176,180.0,radial,1.0,417.4194654958245,0.2048557690899131,3.905049431844612,0.0019164700518803628,11425.950119019022
2.037626117879137,0.00030121773688955176,180.0,prograde,1.0,417.4194654958245,0.2048557690899131,3.046742153580526,0.0014952410193641058,18770.420096079604
2.037626117879137,0.00030121773688955176,360.0,radial,1.0,150.41286619095686,0.07381769642190987,3.709240256657127,0.001820373337439299,1644.371893336776
2.037626117879137,0.00030121773688955176,360.0,prograde,1.0,150.41286619095686,0.07381769642190987,2.57293886147341,0.001262713919348194,3417.5198119586103
5.011105610535344,0.0007407805964647393,90.0,radial,1.0,3744.945182776634,0.7473291273094035,20.453162804382682,0.00408156690239814,33525.0920889626
5.011105610535344,0.0007407805964647393,90.0,prograde,1.0,3744.945182776634,0.7473291273094035,24.326382227514458,0.004854494021513076,23699.319585211902
5.011105610535344,0.0007407805964647393,180.0,radial,1.0,937.0648358856921,0.18699762262355993,14.252748027265142,0.002844232218395114,4322.5703199247855
5.011105610535344,0.0007407805964647393,180.0,prograde,1.0,937.0648358856921,0.18699762262355993,9.049593079203232,0.001805907474824992,10722.132733948927
5.011105610535344,0.0007407805964647393,360.0,radial,1.0,335.3890206198175,0.06692914631747052,11.834950343881381,0.002361744346197692,803.0910805274806
5.011105610535344,0.0007407805964647393,360.0,prograde,1.0,335.3890206198175,0.06692914631747052,6.964271314502611,0.0013897674197608076,2319.243342272875
9.998283040369412,0.0014780239419908742,90.0,radial,1.0,7444.099113167729,0.7445377454420102,69.78308300242541,0.0069795066533590655,11379.521180777609
9.998283040369412,0.0014780239419908742,90.0,prograde,1.0,7444.099113167729,0.7445377454420102,75.29447075760439,0.007530740073429892,9774.580410382607
9.998283040369412,0.0014780239419908742,180.0,radial,1.0,1805.6202781790698,0.18059303491295808,44.20821041258712,0.004421580208730892,1668.195624242082
9.998283040369412,0.0014780239419908742,180.0,prograde,1.0,1805.6202781790698,0.18059303491295808,23.406333595493994,0.0023410353058607937,5950.946775906495
9.998283040369412,0.0014780239419908742,360.0,radial,1.0,633.9076489418613,0.06340165070166287,33.16208082242499,0.00331677755955984,365.3999111709043
9.998283040369412,0.0014780239419908742,360.0,prograde,1.0,633.9076489418613,0.06340165070166287,15.743191552357569,0.0015745895058973942,1621.3113572428076
19.984579008592014,0.0029542758521138423,90.0,radial,1.0,15188.831472035838,0.7600275925505194,254.9989874241124,0.012759787800107279,3547.9036319618594
19.984579008592014,0.0029542758521138423,90.0,prograde,1.0,15188.831472035838,0.7600275925505194,262.83404867288954,0.013151843156660377,3339.530982152607
19.984579008592014,0.0029542758521138423,180.0,radial,1.0,3644.174655432599,0.18234933314661522,151.0991419460268,0.007560786838745235,581.6669264299962
19.984579008592014,0.0029542758521138423,180.0,prograde,1.0,3644.174655432599,0.18234933314661522,70.00492599991598,0.0035029472459649313,2709.824500041998
19.984579008592014,0.0029542758521138423,360.0,radial,1.0,1266.7937529130809,0.06338856337020886,107.7248271597938,0.005390397621760229,138.28663668413992
19.984579008592014,0.0029542758521138423,360.0,prograde,1.0,1266.7937529130809,0.06338856337020886,40.33075003818086,0.002018093552075396,986.595723342135
29.973525554635174,0.004430919571952284,90.0,radial,1.0,23640.7516001519,0.7887210851142615,555.4591656605149,0.018531659368799795,1811.4163548605795
29.973525554635174,0.004430919571952284,90.0,prograde,1.0,23640.7516001519,0.7887210851142615,573.0887504688161,0.019119831246551255,1701.683518439805
29.973525554635174,0.004430919571952284,180.0,radial,1.0,5680.942354916269,0.18953200365306228,319.8004630529895,0.010669431010711881,315.56046579968
29.973525554635174,0.004430919571952284,180.0,prograde,1.0,5680.942354916269,0.18953200365306228,142.99263772548804,0.004770631251396963,1578.3866899081597
29.973525554635174,0.004430919571952284,360.0,radial,1.0,1983.4729409034849,0.06617416217148189,226.6514301817563,0.007561720751488522,76.58357442197014
29.973525554635174,0.004430919571952284,360.0,prograde,1.0,1983.4729409034849,0.06617416217148189,76.71933659167976,0.002559569992920493,668.4099137876318
49.952962379873945,0.007384435121726671,90.0,radial,1.0,44521.985574779166,0.8912781835881084,1504.7373106243128,0.030123084576673106,875.4425877000984
49.952962379873945,0.007384435121726671,90.0,prograde,1.0,44521.985574779166,0.8912781835881084,1602.9193432328334,0.032088574267992755,771.4818435777293
49.952962379873945,0.007384435121726671,180.0,radial,1.0,10808.750645363561,0.2163785715683282,842.0045588767154,0.016855948451536863,164.7866822834587
49.952962379873945,0.007384435121726671,180.0,prograde,1.0,10808.750645363561,0.2163785715683282,375.32850374427,0.0075136385484014835,829.3310027512911
49.952962379873945,0.007384435121726671,360.0,radial,1.0,3852.9175178018377,0.07713091144628849,603.0819598635845,0.012072996898109216,40.815652964908416
49.952962379873945,0.007384435121726671,360.0,prograde,1.0,3852.9175178018377,0.07713091144628849,192.29725274720874,0.0038495665439190314,401.4516657065131
99.90285040273379,0.014768414561361031,90.0,radial,1.0,207869.4786107998,2.080716193510246,6078.56830759113,0.060844793547800445,1169.4424398462434
99.90285040273379,0.014768414561361031,90.0,prograde,1.0,207869.4786107998,2.080716193510246,6971.28720933941,0.06978066372717473,889.1100153142208
99.90285040273379,0.014768414561361031,180.0,radial,1.0,53717.43666478664,0.5376967368622416,3348.0819267179404,0.03351337737833276,257.41770132291464
99.90285040273379,0.014768414561361031,180.0,prograde,1.0,53717.43666478664,0.5376967368622416,1499.3472577531268,0.015008052840423239,1283.589339511968
99.90285040273379,0.014768414561361031,360.0,radial,1.0,21946.70062753613,0.21968042492344714,2498.62173957219,0.02501051501032864,77.1502700321285
99.90285040273379,0.014768414561361031,360.0,prograde,1.0,21946.70062753613,0.21968042492344714,771.1303734718242,0.007718802520280468,809.9959733644171
199.79908709249233,0.029535841779364847,90.0,radial,1.0,104254.22297829854,0.5217952919376277,32753.559110485006,0.16393247630467156,10.131419871825598
199.79908709249233,0.029535841779364847,90.0,prograde,1.0,104254.22297829854,0.5217952919376277,28528.612313018137,0.14278649981924832,13.354450327309102
199.79908709249233,0.029535841779364847,180.0,radial,1.0,25413.877260392263,0.1271971640622537,19332.3448123883,0.09675892464633155,1.72811560117869
199.79908709249233,0.029535841779364847,180.0,prograde,1.0,25413.877260392263,0.1271971640622537,5975.286029486299,0.02990647312978052,18.089412310509243
199.79908709249233,0.029535841779364847,360.0,radial,1.0,9048.488449317118,0.045287936901975585,7745.247023006531,0.03876517723737671,1.3648393200064415
199.79908709249233,0.029535841779364847,360.0,prograde,1.0,9048.488449317118,0.045287936901975585,3077.021136100323,0.015400576553564973,8.647510814490516
299.6847605423317,0.04430168815660256,90.0,radial,1.0,52799.124912305866,0.17618221499403797,101338.04760774058,0.33814881819266274,0.27146158690532995
299.6847605423317,0.04430168815660256,90.0,prograde,1.0,52799.124912305866,0.17618221499403797,42276.83065410602,0.141071006005106,1.559727051956792
299.6847605423317,0.04430168815660256,180.0,radial,1.0,13431.888017835348,0.04482005689421115,17652.002442628644,0.0589019021543981,0.5790101368641971
299.6847605423317,0.04430168815660256,180.0,prograde,1.0,13431.888017835348,0.04482005689421115,10598.994672258708,0.035367145973916006,1.6059971754626865
299.6847605423317,0.04430168815660256,360.0,radial,1.0,5151.443161551519,0.01718953994266871,5243.99191939187,0.017498360310020288,0.9650144071900824
299.6847605423317,0.04430168815660256,360.0,prograde,1.0,5151.443161551519,0.01718953994266871,4601.95260400959,0.015355978047337331,1.2530648330124916
499.4021227599959,0.07382530404135924,90.0,radial,1.0,29813.5420701031,0.05969846885178535,34115.21462706754,0.06831211377021464,0.7637143259029737
499.4021227599959,0.07382530404135924,90.0,prograde,1.0,29813.5420701031,0.05969846885178535,31383.56702635118,0.0628422779881406,0.9024487462171341
499.4021227599959,0.07382530404135924,180.0,radial,1.0,8028.662616013191,0.01607654883732168,8563.690820819727,0.01714788630350955,0.8789505812174081
499.4021227599959,0.07382530404135924,180.0,prograde,1.0,8028.662616013191,0.01607654883732168,8749.668692669373,0.01752028734742546,0.8419827594828577
499.4021227599959,0.07382530404135924,360.0,radial,1.0,3361.8191709638345,0.006731687787757896,3385.876147527044,0.006779859342236392,0.9858402895147566
499.4021227599959,0.07382530404135924,360.0,prograde,1.0,3361.8191709638345,0.006731687787757896,3539.0693845327996,0.007086612617851477,0.9023406955875395
998.1273459264551,0.14754934084694588,90.0,radial,1.0,16593.550329817208,0.016624682609427146,16807.07930533959,0.01683861220107077,0.9747520005822269
998.1273459264551,0.14754934084694588,90.0,prograde,1.0,16593.550329817208,0.016624682609427146,17041.893292006214,0.01707386673810449,0.9480755585423303
998.1273459264551,0.14754934084694588,180.0,radial,1.0,4940.261826926112,0.0049495305855392574,4988.177303245417,0.00499753595931732,0.9808806544059296
998.1273459264551,0.14754934084694588,180.0,prograde,1.0,4940.261826926112,0.0049495305855392574,5097.879765853512,0.0051074442421189204,0.939119279318044
998.1273459264551,0.14754934084694588,360.0,radial,1.0,2347.627446741189,0.002352031989026548,2350.6455684746147,0.002355055773261839,0.9974337397279038
998.1273459264551,0.14754934084694588,360.0,prograde,1.0,2347.627446741189,0.002352031989026548,2388.7485905849603,0.002393230283023395,0.9658673133118422
1990.8465283842766,0.29428968142647394,90.0,radial,1.0,10805.143057505118,0.005427411356652546,10816.557209780105,0.005433144672662721,0.9978906171950938
1990.8465283842766,0.29428968142647394,90.0,prograde,1.0,10805.143057505118,0.005427411356652546,10881.611692492124,0.005465821467073798,0.9859947309058322
1990.8465283842766,0.29428968142647394,180.0,radial,1.0,3610.6084094317393,0.0018136045938016239,3616.4228384093226,0.0018165251750190531,0.9967870157542584
1990.8465283842766,0.29428968142647394,180.0,prograde,1.0,3610.6084094317393,0.0018136045938016239,3638.7767138900645,0.0018277535018448702,0.9845776318935708
1990.8465283842766,0.29428968142647394,360.0,radial,1.0,1919.4644281994185,0.0009641448503603187,1920.0578450252087,0.0009644429229728128,0.9993819716150258
1990.8465283842766,0.29428968142647394,360.0,prograde,1.0,1919.4644281994185,0.0009641448503603187,1927.9321194325018,0.0009683981622617417,0.9912350692958399
4883.06086890575,0.7216641851765864,90.0,radial,1.0,7702.614071174114,0.0015774151250545852,7703.600338960335,0.001577617102423432,0.9997439626646133
4883.06086890575,0.7216641851765864,90.0,prograde,1.0,7702.614071174114,0.0015774151250545852,7712.518664626072,0.0015794434826192079,0.9974332033336246
4883.06086890575,0.7216641851765864,180.0,radial,1.0,2913.2070817831136,0.0005965944640038734,2913.7440949218644,0.0005967044387007219,0.9996314270336952
4883.06086890575,0.7216641851765864,180.0,prograde,1.0,2913.2070817831136,0.0005965944640038734,2916.877574279339,0.0005973461426322514,0.9974848563261353
4883.06086890575,0.7216641851765864,360.0,radial,1.0,1698.63831097484,0.00034786343168306436,1698.7832023528965,0.00034789310392798335,0.9998294247331019
4883.06086890575,0.7216641851765864,360.0,prograde,1.0,1698.63831097484,0.00034786343168306436,1700.3586470749246,0.0003482157385959352,0.9979775257074043
9110.909708849473,1.3456261874214746,90.0,radial,1.0,5961.9031763847615,0.0006543696916010412,5962.258461203567,0.0006544086871382773,0.999880825618148
9110.909708849473,1.3456261874214746,90.0,prograde,1.0,5961.9031763847615,0.0006543696916010412,5964.914990997445,0.0006547002639268495,0.9989904116816241
9110.909708849473,1.3456261874214746,180.0,radial,1.0,2378.223550873888,0.0002610303061794046,2378.322016886519,0.0002610411136635942,0.9999171987866965
9110.909708849473,1.3456261874214746,180.0,prograde,1.0,2378.223550873888,0.0002610303061794046,2379.0313839134146,0.00026111897274128944,0.9993209876174463
9110.909708849473,1.3456261874214746,360.0,radial,1.0,1432.9153210865038,0.00015727467035423542,1432.9566036376048,0.00015727920146610242,0.99994238212611
9110.909708849473,1.3456261874214746,360.0,prograde,1.0,1432.9153210865038,0.00015727467035423542,1433.4215882795406,0.0001573302374939849,0.9992937488964218
