alt_km,di_deg,dv_plane_standalone_ms,inplane_impulse_ms,dv_marginal_ms,save_vs_standalone_pct,marginal_frac_budget
400.0,0.1,13.391209160173542,0.0,13.391209160173542,0.0,0.028007471979224555
400.0,0.1,13.391209160173542,10.0,6.713003403682887,49.870072796354634,0.014040125314766644
400.0,0.1,13.391209160173542,25.0,3.3606149928296816,74.90432004583722,0.007028665531158014
400.0,0.1,13.391209160173542,50.0,1.7621916341601178,86.84068321924948,0.003685591960026097
400.0,0.1,13.391209160173542,100.0,0.8926383973157641,93.33414640426544,0.00186693707800149
400.0,0.1,13.391209160173542,150.0,0.596561988551116,95.54512231557598,0.0012476986191737843
400.0,0.1,13.391209160173542,200.0,0.4478098727235249,96.65594146602277,0.0009365862568725422
400.0,0.1,13.391209160173542,300.0,0.2987254098350718,97.76924244657829,0.0006247787966990218
400.0,0.25,33.47800059233634,0.0,33.47800059233634,0.0,0.07001863329107855
400.0,0.25,33.47800059233634,10.0,24.939612528768443,25.504474318942684,0.05216074894488077
400.0,0.25,33.47800059233634,25.0,16.78249063495943,49.87009278325536,0.03510027590325035
400.0,0.25,33.47800059233634,50.0,10.17288860990864,69.61321336424918,0.02127641270342883
400.0,0.25,33.47800059233634,100.0,5.455092450106321,83.70544132389112,0.011409227285824294
400.0,0.25,33.47800059233634,150.0,3.6905219057456122,88.97627743458959,0.0077186598781005915
400.0,0.25,33.47800059233634,200.0,2.7825843697147263,91.68831973092293,0.005819724927932008
400.0,0.25,33.47800059233634,300.0,1.862181340525808,94.43759690669194,0.0038947186240749815
400.0,0.5,66.95584184126464,0.0,66.95584184126464,0.0,0.1400369333182985
400.0,0.5,66.95584184126464,10.0,57.69848415343172,13.826064213754153,0.12067533699473847
400.0,0.5,66.95584184126464,25.0,46.470866488887935,30.594754376983868,0.0971929775325044
400.0,0.5,66.95584184126464,50.0,33.56485359690667,49.8701641650919,0.07020028478070277
400.0,0.5,66.95584184126464,100.0,20.345688567029455,69.61327345377282,0.042552639991153884
400.0,0.5,66.95584184126464,150.0,14.26528774111847,78.69448378389767,0.0298355915366625
400.0,0.5,66.95584184126464,200.0,10.910134314765543,83.70547809609995,0.02281834877310006
400.0,0.5,66.95584184126464,300.0,7.3810091021767334,88.9763030391355,0.015437247162297123
400.0,0.75,100.43336440413525,0.0,100.43336440413525,0.0,0.21005456681938747
400.0,0.75,100.43336440413525,10.0,90.92997912183387,9.462378701225793,0.19017840822771764
400.0,0.75,100.43336440413525,25.0,78.49811923669832,21.840595799590446,0.1641773979217844
400.0,0.75,100.43336440413525,50.0,62.191179178818786,38.07717231440459,0.13007172745729317
400.0,0.75,100.43336440413525,100.0,41.72812242294688,58.45193211387751,0.08727361402001961
400.0,0.75,100.43336440413525,150.0,30.51831121948217,69.61337360294024,0.0638284964493695
400.0,0.75,100.43336440413525,200.0,23.800939867404992,76.30175986972611,0.04977923564946506
400.0,0.75,100.43336440413525,300.0,16.36507500913217,83.70553938302763,0.03422725866453701
400.0,1.0,133.91040893981537,0.0,133.91040893981537,0.0,0.2800712005352455
400.0,1.0,133.91040893981537,10.0,124.28327379993601,7.1892358600787905,0.25993622135261246
400.0,1.0,133.91040893981537,25.0,111.22407137664248,16.941429529476693,0.23262313546420751
400.0,1.0,133.91040893981537,50.0,92.94053876500041,30.594985482591152,0.19438345739056836
400.0,1.0,133.91040893981537,100.0,67.12868581553732,49.87044969319181,0.14039843336719754
400.0,1.0,133.91040893981537,150.0,51.07709372881979,61.85726402211507,0.10682681857025132
400.0,1.0,133.91040893981537,200.0,40.69066791720152,69.61351381169368,0.0851037966680661
400.0,1.0,133.91040893981537,300.0,28.530055888998675,78.69466898437955,0.05967009635345623
400.0,1.5,200.86242657720763,0.0,200.86242657720763,0.0,0.4201001356002483
400.0,1.5,200.86242657720763,10.0,191.1111991175134,4.8546797058363955,0.3997056195730719
400.0,1.5,200.86242657720763,25.0,177.41223878630493,11.67475081851055,0.37105449158069437
400.0,1.5,200.86242657720763,50.0,156.99206364130032,21.84100017284437,0.32834606425767865
400.0,1.5,200.86242657720763,100.0,124.37850701545398,38.07776340507104,0.26013539990200313
400.0,1.5,200.86242657720763,150.0,100.6904753086645,49.87092557603797,0.2105923096302139
400.0,1.5,200.86242657720763,200.0,83.45319615499864,58.45256000483453,0.17454085175812192
400.0,1.5,200.86242657720763,300.0,61.034228862699536,69.61391440761115,0.1276519867772331
400.0,2.0,267.81062008353473,0.0,267.81062008353473,0.0,0.5601210725642304
400.0,2.0,267.81062008353473,10.0,257.99725414549937,3.6642930496835424,0.5395965950324464
400.0,2.0,267.81062008353473,25.0,243.9749583688552,8.900192870336799,0.5102692167986148
400.0,2.0,267.81062008353473,50.0,222.43811816544206,16.942009956117577,0.46522530468408596
400.0,2.0,267.81062008353473,100.0,185.8715239920328,30.59590992543303,0.3887469337291091
400.0,2.0,267.81062008353473,150.0,156.95688333954553,41.392584322986146,0.3282724852922669
400.0,2.0,267.81062008353473,200.0,134.24920079115725,49.871591817649865,0.280779777570355
400.0,2.0,267.81062008353473,300.0,102.14739614913259,61.85834747058534,0.21363943324147927
400.0,3.0,401.6904364116638,0.0,401.6904364116638,0.0,0.8401282892049429
400.0,3.0,401.6904364116638,10.0,391.81489109363895,2.458496499504448,0.8194737646234928
400.0,3.0,401.6904364116638,25.0,377.46764677995293,6.030213178111787,0.7894667623962612
400.0,3.0,401.6904364116638,50.0,354.79032437126375,11.67568550034771,0.742037552357922
400.0,3.0,401.6904364116638,100.0,313.9507298031892,21.842617761144922,0.656622278290661
400.0,3.0,401.6904364116638,150.0,278.7834030190452,30.597450736083744,0.5830704497955573
400.0,3.0,401.6904364116638,200.0,248.7262046109999,38.08012786341316,0.5202063624589951
400.0,3.0,401.6904364116638,300.0,201.35337508048445,49.87349540128664,0.4211269455234076
800.0,0.1,13.012368063167518,0.0,13.012368063167518,0.0,0.027215132670498726
800.0,0.1,13.012368063167518,10.0,6.411024422970737,50.7313012370314,0.01340854173337027
800.0,0.1,13.012368063167518,25.0,3.1837137831645954,75.53317145880361,0.006658679847750048
800.0,0.1,13.012368063167518,50.0,1.6654790223737521,87.20079992904584,0.003483319280072739
800.0,0.1,13.012368063167518,100.0,0.8430549051908827,93.52112620010179,0.0017632341001964803
800.0,0.1,13.012368063167518,150.0,0.5633478726192038,95.67067370147788,0.0011782318958815847
800.0,0.1,13.012368063167518,200.0,0.42285728581794046,96.75034333669926,0.000884398372252998
800.0,0.1,13.012368063167518,300.0,0.2820702649615896,97.83229106652762,0.000589944862154762
800.0,0.25,32.530898480923675,0.0,32.530898480923675,0.0,0.06803778633920322
800.0,0.25,32.530898480923675,10.0,24.03320960438733,26.12190032660624,0.050265023607247244
800.0,0.25,32.530898480923675,25.0,16.027543869651304,50.7313212420187,0.03352131838550372
800.0,0.25,32.530898480923675,50.0,9.651147147193761,70.33236830869195,0.020185199862033914
800.0,0.25,32.530898480923675,100.0,5.158258619930379,84.14351013712327,0.01078840469380148
800.0,0.25,32.530898480923675,150.0,3.4870006090944514,89.28095819075132,0.007292998763786478
800.0,0.25,32.530898480923675,200.0,2.6283774696332216,91.92036619838669,0.00549720398293171
800.0,0.25,32.530898480923675,300.0,1.7586110717905399,94.59402858847628,0.0036781032785309213
800.0,0.5,65.06164212630941,0.0,65.06164212630941,0.0,0.13607524884267672
800.0,0.5,65.06164212630941,10.0,55.82565819019176,14.195743658278847,0.11675835533460527
800.0,0.5,65.06164212630941,25.0,44.69947830631129,31.29672592718672,0.09348815115764686
800.0,0.5,65.06164212630941,50.0,32.054964969658954,50.73139268844757,0.06704238000051618
800.0,0.5,65.06164212630941,100.0,19.30220985452013,70.33242748923061,0.040370223119611005
800.0,0.5,65.06164212630941,150.0,13.502346393475221,79.24684045437705,0.028239913494424142
800.0,0.5,65.06164212630941,200.0,10.316469341257147,84.14354602174203,0.021576709208539036
800.0,0.5,65.06164212630941,300.0,6.973968401511115,89.28098312063506,0.014585928892084361
800.0,0.75,97.59207610135623,0.0,97.59207610135623,0.0,0.2041120636762321
800.0,0.75,97.59207610135623,10.0,88.10307496594031,9.723126625117517,0.18426598926785157
800.0,0.75,97.59207610135623,25.0,75.74330408405764,22.38785451659733,0.15841575180957276
800.0,0.75,97.59207610135623,50.0,59.654973976436224,38.87313769769551,0.12476730010576245
800.0,0.75,97.59207610135623,100.0,39.72907112613646,59.290679414510016,0.08309263435561678
800.0,0.75,97.59207610135623,150.0,28.95310368298422,70.33252612341765,0.06055489317009929
800.0,0.75,97.59207610135623,200.0,22.54036334510849,76.90349027753162,0.04714276263171182
800.0,0.75,97.59207610135623,300.0,15.474584265948295,84.14360582935355,0.03236481336634424
800.0,1.0,130.12204557273705,0.0,130.12204557273705,0.0,0.2721479070087637
800.0,1.0,130.12204557273705,10.0,120.50573452547386,7.390224312057692,0.25203556622024587
800.0,1.0,130.12204557273705,25.0,107.50187449252729,17.38381146764657,0.2248382279412141
800.0,1.0,130.12204557273705,50.0,89.39780035579275,31.296960509416383,0.1869738840250277
800.0,1.0,130.12204557273705,100.0,64.10894778784444,50.73167847487602,0.1340827058489731
800.0,1.0,130.12204557273705,150.0,48.574285203380384,62.67021088580429,0.10159223976506894
800.0,1.0,130.12204557273705,200.0,38.60374419533625,70.33266421118695,0.0807390334145166
800.0,1.0,130.12204557273705,300.0,27.00419988745324,79.2470216952145,0.05647879609845658
800.0,1.5,195.17997168298393,0.0,195.17997168298393,0.0,0.40821538387099404
800.0,1.5,195.17997168298393,10.0,185.43597761458972,4.992312471599625,0.3878359963510142
800.0,1.5,195.17997168298393,25.0,171.77454445677267,11.991715658319146,0.35926335576366847
800.0,1.5,195.17997168298393,50.0,151.48255841677812,22.388267038577204,0.3168230336374029
800.0,1.5,195.17997168298393,100.0,119.30622733103229,38.87373468584555,0.2495268185981779
800.0,1.5,195.17997168298393,150.0,96.16096633335354,50.73215478812523,0.20111892345662177
800.0,1.5,195.17997168298393,200.0,79.45522243495543,59.29130343147679,0.16617916196607516
800.0,1.5,195.17997168298393,300.0,57.903927536665094,70.33305874707571,0.12110501811840715
800.0,2.0,260.23418184791575,0.0,260.23418184791575,0.0,0.5442750889007452
800.0,2.0,260.23418184791575,10.0,250.42624560910537,3.7688885330760535,0.5237619674867755
800.0,2.0,260.23418184791575,25.0,236.43226541889214,9.146345134219825,0.49449381079030125
800.0,2.0,260.23418184791575,50.0,214.99401767219967,17.384405021072524,0.4496561030174371
800.0,2.0,260.23418184791575,100.0,178.78635081734916,31.297898858715556,0.37392842206340576
800.0,2.0,260.23418184791575,150.0,150.36948813428785,42.21762603724143,0.3144950672547652
800.0,2.0,260.23418184791575,200.0,128.21003854552362,50.73282163199789,0.26814897886133215
800.0,2.0,260.23418184791575,300.0,97.14207709842844,62.671284606570424,0.20317089889309498
800.0,3.0,390.3265002826092,0.0,390.3265002826092,0.0,0.8163608221374603
800.0,3.0,390.3265002826092,10.0,380.4545771570231,2.5291449897556273,0.7957138733060429
800.0,3.0,390.3265002826092,25.0,366.1262926765084,6.199990927743581,0.7657465252272848
800.0,3.0,390.3265002826092,50.0,343.5159168608936,11.992673668793486,0.7184573327786351
800.0,3.0,390.3265002826092,100.0,302.932719970555,22.389917222832224,0.6335783098212504
800.0,3.0,390.3265002826092,150.0,268.15640234590416,31.299462846680882,0.5608442699176873
800.0,3.0,390.3265002826092,200.0,238.58269097499698,38.87612273256996,0.498991386982684
800.0,3.0,390.3265002826092,300.0,192.29541621151594,50.73472693442855,0.4021823882263639
2000.0,0.1,12.043633454189457,0.0,12.043633454189457,0.0,0.02518904174086482
2000.0,0.1,12.043633454189457,10.0,5.654044422412742,53.053665707121425,0.011825331740839119
2000.0,0.1,12.043633454189457,25.0,2.749758679651098,77.16836293540156,0.005751070590324465
2000.0,0.1,12.043633454189457,50.0,1.430040898086709,88.12616721086559,0.00299090469749556
2000.0,0.1,12.043633454189457,100.0,0.7226345305704882,93.99986280453334,0.0015113770626752536
2000.0,0.1,12.043633454189457,150.0,0.48272029299201336,95.99190481154925,0.0010096007700324556
2000.0,0.1,12.043633454189457,200.0,0.3622946234617075,96.9918162584425,0.0007577326583028284
2000.0,0.1,12.043633454189457,300.0,0.24165118580543776,97.993535865031,0.0005054090884728198
2000.0,0.25,30.109063572270514,0.0,30.109063572270514,0.0,0.06297256239033525
2000.0,0.25,30.109063572270514,10.0,21.726262137210984,27.84145516494848,0.04544008466621085
2000.0,0.25,30.109063572270514,25.0,14.135095620159497,53.053685690917774,0.029563297068249686
2000.0,0.25,30.109063572270514,50.0,8.365706619546955,72.2153211458509,0.017496724226383327
2000.0,0.25,30.109063572270514,100.0,4.434456522735005,85.2720211238353,0.009274585686628216
2000.0,0.25,30.109063572270514,150.0,2.9920119130375724,90.06275334383658,0.006257738850434017
2000.0,0.25,30.109063572270514,200.0,2.2536914600053137,92.51490683330022,0.004713554964374741
2000.0,0.25,30.109063572270514,300.0,1.5071403950477134,94.99439631714172,0.0031521569022008485
2000.0,0.5,60.217983836078226,0.0,60.217983836078226,0.0,0.12594482505361013
2000.0,0.5,60.217983836078226,10.0,51.04265375360231,15.236860316433788,0.10675478798441464
2000.0,0.5,60.217983836078226,25.0,40.20126975206985,33.24042554878069,0.08408022924912274
2000.0,0.5,60.217983836078226,50.0,28.27008098425719,53.05375706165736,0.059126363537938445
2000.0,0.5,60.217983836078226,100.0,16.73133931075313,72.21537779096329,0.03499329383297779
2000.0,0.5,60.217983836078226,150.0,11.636028091766036,80.67682218746988,0.024336542490789054
2000.0,0.5,60.217983836078226,200.0,8.868871728848518,85.27205468553908,0.018549084960289175
2000.0,0.5,60.217983836078226,300.0,5.983995622781208,90.06277653022977,0.0125154187141884
2000.0,0.75,90.32661748364242,0.0,90.32661748364242,0.0,0.18891648826419086
2000.0,0.75,90.32661748364242,10.0,80.87847834353444,10.459972268771144,0.1691558759806202
2000.0,0.75,90.32661748364242,25.0,68.72245102448109,23.917829606620344,0.14373176450235076
2000.0,0.75,90.32661748364242,50.0,53.241938310147276,41.056202708145186,0.11135455189333533
2000.0,0.75,90.32661748364242,100.0,34.75495473650034,61.52301978672649,0.07268935980902387
2000.0,0.75,90.32661748364242,150.0,25.096824146059987,72.21547219942686,0.052489554201630595
2000.0,0.75,90.32661748364242,200.0,19.451356400538685,78.46553215162606,0.040682160425529294
2000.0,0.75,90.32661748364242,300.0,13.303204302216272,85.27211062162779,0.027823411409055556
2000.0,1.0,120.43482120854657,0.0,120.43482120854657,0.0,0.25188725229929676
2000.0,1.0,120.43482120854657,10.0,110.84927041374547,7.959119047640407,0.2318392460229654
2000.0,1.0,120.43482120854657,25.0,98.00222014067297,18.6263414872589,0.20496987252315635
2000.0,1.0,120.43482120854657,50.0,80.40148066465571,33.24066922021546,0.16815824395459797
2000.0,1.0,120.43482120854657,100.0,56.53927992531004,53.05404254521551,0.11825088229845354
2000.0,1.0,120.43482120854657,150.0,42.36565743275116,64.82275059022156,0.0886070069727615
2000.0,1.0,120.43482120854657,200.0,33.46208719947353,72.21560437115598,0.06998535071746113
2000.0,1.0,120.43482120854657,300.0,23.271629066849243,80.67699288850044,0.04867219167475398
2000.0,1.5,180.64936567562216,0.0,180.64936567562216,0.0,0.3778248839747873
2000.0,1.5,180.64936567562216,10.0,170.9259332406625,5.38248911010254,0.3574885007395869
2000.0,1.5,180.64936567562216,25.0,157.3710320171618,12.885920507608883,0.32913866976783074
2000.0,1.5,180.64936567562216,50.0,137.44117295568938,23.918264289683876,0.28745572967350624
2000.0,1.5,180.64936567562216,100.0,106.4804913763154,41.05681413378775,0.22270202361005967
2000.0,1.5,180.64936567562216,150.0,84.80671480816866,53.05451835327815,0.17737171156313195
2000.0,1.5,180.64936567562216,200.0,69.507315891433,61.52363135542818,0.14537329518906497
2000.0,1.5,180.64936567562216,300.0,50.191652269160556,72.21598200389711,0.10497493375730974
2000.0,2.0,240.86047083917572,0.0,240.86047083917572,0.0,0.5037553224091098
2000.0,2.0,240.86047083917572,10.0,231.06797052464148,4.065631973738338,0.48327448495183634
2000.0,2.0,240.86047083917572,25.0,217.15442678767906,9.842231051406259,0.4541745596438487
2000.0,2.0,240.86047083917572,50.0,195.9954601468682,18.626971265145542,0.40992096325732363
2000.0,2.0,240.86047083917572,100.0,160.79449076402938,33.24164392612475,0.33629877187497176
2000.0,2.0,240.86047083917572,150.0,133.74947826008315,44.4701416574957,0.27973461692660445
2000.0,2.0,240.86047083917572,200.0,113.07150367427153,53.05518448904378,0.23648700673157924
2000.0,2.0,240.86047083917572,300.0,84.72557286053836,64.82379505223577,0.17720200464589894
2000.0,3.0,361.2677780124213,0.0,361.2677780124213,0.0,0.7555850296007534
2000.0,3.0,361.2677780124213,10.0,351.40615300521944,2.729727257010661,0.7349596190978496
2000.0,3.0,361.2677780124213,25.0,337.1317542415082,6.680923470037015,0.7051049720220705
2000.0,3.0,361.2677780124213,50.0,314.7114029339254,12.88694367779879,0.6582132123982251
2000.0,3.0,361.2677780124213,100.0,274.8525142373092,23.920003120826593,0.5748490669397546
2000.0,3.0,361.2677780124213,150.0,241.17056053597912,33.24326850769207,0.5044038694066503
2000.0,3.0,361.2677780124213,200.0,212.93390201100237,41.059259925561044,0.44534740833835273
2000.0,3.0,361.2677780124213,300.0,169.58961597338595,53.05708776287405,0.35469361732234383
8000.0,0.1,9.191845281645874,0.0,9.191845281645874,0.0,0.019224578309829637
8000.0,0.1,9.191845281645874,10.0,3.5827103216447753,61.0229479297408,0.007493173898110054
8000.0,0.1,9.191845281645874,25.0,1.6362538597625544,82.198853335469,0.0034221953805703884
8000.0,0.1,9.191845281645874,50.0,0.8378797716989297,90.88453138596671,0.0017524104020127727
8000.0,0.1,9.191845281645874,100.0,0.42156152779996603,95.41374430396765,0.0008816883177727643
8000.0,0.1,9.191845281645874,150.0,0.2813695029484222,96.93892255225121,0.0005884792310669988
8000.0,0.1,9.191845281645874,200.0,0.2111136267957363,97.70325086718677,0.0004415403356180144
8000.0,0.1,9.191845281645874,300.0,0.14078366606850068,98.46838516364484,0.00029444649362006834
8000.0,0.25,22.979597891637788,0.0,22.979597891637788,0.0,0.04806141374880536
8000.0,0.25,22.979597891637788,10.0,15.061163565592157,34.45854171768222,0.03150015144206541
8000.0,0.25,22.979597891637788,25.0,8.956765441681334,61.02296705139181,0.018732913072438774
8000.0,0.25,22.979597891637788,50.0,5.027828589372518,78.12046749868442,0.010515612641761622
8000.0,0.25,22.979597891637788,100.0,2.606344439617203,88.65800675926691,0.005451122298790271
8000.0,0.25,22.979597891637788,150.0,1.7499980865283646,92.38455740269858,0.0036600893754918083
8000.0,0.25,22.979597891637788,200.0,1.315826301017296,94.27393678852786,0.002752026931583751
8000.0,0.25,22.979597891637788,300.0,0.8788160028242373,96.17566849094416,0.0018380277896932631
8000.0,0.5,45.959086408540564,0.0,45.959086408540564,0.0,0.09612259874232885
8000.0,0.5,45.959086408540564,10.0,37.03443019222937,19.418698050213468,0.07745684153453772
8000.0,0.5,45.959086408540564,25.0,27.318616414309908,40.55883493534089,0.05713639258286764
8000.0,0.5,45.959086408540564,50.0,17.91345686612999,61.02303534301514,0.0374656713391729
8000.0,0.5,45.959086408540564,100.0,10.055611503946935,78.1205148105853,0.021031129755508356
8000.0,0.5,45.959086408540564,150.0,6.88287868186157,85.02390012569413,0.014395416389429446
8000.0,0.5,45.959086408540564,200.0,5.212664383823295,88.65803306556889,0.010902193365870836
8000.0,0.5,45.959086408540564,300.0,3.4999796103909375,92.38457531710087,0.007320144110467401
8000.0,0.75,68.93835617649388,0.0,68.93835617649388,0.0,0.14418332622637736
8000.0,0.75,68.93835617649388,10.0,59.659866152018495,13.459111210486196,0.12477753200259112
8000.0,0.75,68.93835617649388,25.0,48.33141858928636,29.891831964270033,0.10108428863029334
8000.0,0.75,68.93835617649388,50.0,35.16159317625012,48.99560255508489,0.07353983675780001
8000.0,0.75,68.93835617649388,100.0,21.459857369902807,68.87094708936499,0.04488290390932251
8000.0,0.75,68.93835617649388,150.0,15.083303069441683,78.12059366366981,0.031546455814305645
8000.0,0.75,68.93835617649388,200.0,11.547859720482961,83.24900627029969,0.02415213993545382
8000.0,0.75,68.93835617649388,300.0,7.8189353375083215,88.65807690933256,0.01635316197016185
8000.0,1.0,91.9172978223245,0.0,91.9172978223245,0.0,0.1922433674489354
8000.0,1.0,91.9172978223245,10.0,82.45966492994607,10.28928516878288,0.17246289915404328
8000.0,1.0,91.9172978223245,25.0,70.25644145651201,23.565593070069113,0.14694007777172155
8000.0,1.0,91.9172978223245,50.0,54.63646419369253,40.55910531736426,0.1142711775796741
8000.0,1.0,91.9172978223245,100.0,35.82632159842177,61.02330850970641,0.07493010424112304
8000.0,1.0,91.9172978223245,150.0,25.92268085428296,71.7978210103703,0.054216818583640275
8000.0,1.0,91.9172978223245,200.0,20.110857612608243,78.1207040578125,0.04206149529337952
8000.0,1.0,91.9172978223245,300.0,13.765501033746375,85.02403643288666,0.02879029666934438
8000.0,1.5,137.87375926325385,0.0,137.87375926325385,0.0,0.28836047611893856
8000.0,1.5,137.87375926325385,10.0,128.23593416106274,6.99032589935319,0.26820313907329824
8000.0,1.5,137.87375926325385,25.0,115.12199503783006,16.501881392805096,0.24077557236606326
8000.0,1.5,137.87375926325385,50.0,96.66006100292498,29.892343895284757,0.20216277093938495
8000.0,1.5,137.87375926325385,100.0,70.32079583357304,48.99624394856479,0.1470746737884605
8000.0,1.5,137.87375926325385,150.0,53.73800208449498,61.023763788228514,0.11239206031350638
8000.0,1.5,137.87375926325385,200.0,42.918038633160535,68.87149602469782,0.08976230227188409
8000.0,1.5,137.87375926325385,300.0,30.165372947227297,78.12101946851972,0.0630903324305464
8000.0,2.0,183.82759578654753,0.0,183.82759578654753,0.0,0.38447209482113903
8000.0,2.0,183.82759578654753,10.0,174.09938884380443,5.292027511494557,0.36412572578918495
8000.0,2.0,183.82759578654753,25.0,160.51976976231484,12.679176880111465,0.33572419786409696
8000.0,2.0,183.82759578654753,50.0,140.50612843859463,23.566356924047394,0.2938660286822275
8000.0,2.0,183.82759578654753,100.0,109.26677942918295,40.56018686331584,0.2285294947243802
8000.0,2.0,183.82759578654753,150.0,87.26058453241302,52.53129207339677,0.18250393574993948
8000.0,2.0,183.82759578654753,200.0,71.6479062548841,61.02440117963654,0.1498503012537345
8000.0,2.0,183.82759578654753,300.0,51.84170442496196,71.79873663519037,0.10842598802471003
8000.0,3.0,275.7238945676339,0.0,275.7238945676339,0.0,0.5766715431547778
8000.0,3.0,275.7238945676339,10.0,265.9051758041949,3.561069227908542,0.5561358702853877
8000.0,3.0,275.7238945676339,25.0,251.85495486905,8.656826691068286,0.5267500870871596
8000.0,3.0,275.7238945676339,50.0,230.22074519125755,16.503157786789004,0.48150252847643377
8000.0,3.0,275.7238945676339,100.0,193.2979134524208,29.894391722729118,0.40427909309058163
8000.0,3.0,275.7238945676339,150.0,163.8847973947507,40.561989503397776,0.3427620923512549
8000.0,3.0,275.7238945676339,200.0,140.62246848313413,48.99880958679843,0.2941093517831161
8000.0,3.0,275.7238945676339,300.0,107.46001771406196,61.026222307438616,0.22475068524540626
20200.0,0.1,6.759930807018107,0.0,6.759930807018107,0.0,0.014138273130863627
20200.0,0.1,6.759930807018107,10.0,2.070487335467135,69.37117561443719,0.004330386848403434
20200.0,0.1,6.759930807018107,25.0,0.8978119638642923,86.71862198748852,0.0018777574989513393
20200.0,0.1,6.759930807018107,50.0,0.45489732935418914,93.27068068682127,0.000951409544345167
20200.0,0.1,6.759930807018107,100.0,0.2282228941313349,96.62388712774404,0.00047732405908579344
20200.0,0.1,6.759930807018107,150.0,0.1522449532995438,97.74783266802844,0.0003184175687582244
20200.0,0.1,6.759930807018107,200.0,0.11420905202027143,98.31049968881781,0.00023886616854172847
20200.0,0.1,6.759930807018107,300.0,0.07615144245579586,98.87348784137352,0.00015926936583899893
20200.0,0.25,16.899815756336974,0.0,16.899815756336974,0.0,0.03534565927454541
20200.0,0.25,16.899815756336974,10.0,9.636796393458262,42.97691446816677,0.020155185519914375
20200.0,0.25,16.899815756336974,25.0,5.176212031965434,69.37119252306348,0.01082595393065447
20200.0,0.25,16.899815756336974,50.0,2.778819355856527,83.55710265767516,0.005811850469481421
20200.0,0.25,16.899815756336974,100.0,1.4179657289483174,91.60957877060513,0.0029656496994410367
20200.0,0.25,16.899815756336974,150.0,0.9490105055284346,94.38449200150255,0.001984838323683752
20200.0,0.25,16.899815756336974,200.0,0.7127394377301073,95.78256089884974,0.0014906816548040198
20200.0,0.25,16.899815756336974,300.0,0.47562924902598525,97.18559506278855,0.0009947699797127406
20200.0,0.5,33.79955107554538,0.0,33.79955107554538,0.0,0.07069115031628992
20200.0,0.5,33.79955107554538,10.0,25.247831889470888,25.30128038375582,0.05280538416826312
20200.0,0.5,33.79955107554538,25.0,17.040571510249485,49.58343833572789,0.0356400473903956
20200.0,0.5,33.79955107554538,50.0,10.352379016144845,69.37125291100394,0.021651813644678483
20200.0,0.5,33.79955107554538,100.0,5.557612955714376,83.55713972859417,0.011623647070757017
20200.0,0.5,33.79955107554538,150.0,3.7608846648210488,88.87297450662852,0.007865822317251133
20200.0,0.5,33.79955107554538,200.0,2.8359180542450133,91.60959845914387,0.005931271365386911
20200.0,0.5,33.79955107554538,300.0,1.8980120055585985,94.38450528139752,0.003969657812530601
20200.0,0.75,50.69912552087949,0.0,50.69912552087949,0.0,0.10603630489323333
20200.0,0.75,50.69912552087949,10.0,41.67592600604167,17.797544675838218,0.08716444615725212
20200.0,0.75,50.69912552087949,25.0,31.527880984359342,37.8137578105264,0.06593999336967474
20200.0,0.75,50.69912552087949,50.0,21.2067505829461,58.17136811519068,0.04435353563804463
20200.0,0.75,50.69912552087949,100.0,12.117801122666933,76.09859933841177,0.025344162079274975
20200.0,0.75,50.69912552087949,150.0,8.336355043880843,83.55720151337192,0.017435335936260905
20200.0,0.75,50.69912552087949,200.0,6.325958930479459,87.52254823828424,0.01323062879295903
20200.0,0.75,50.69912552087949,300.0,4.253843572405685,91.6096312733169,0.008896836964692196
20200.0,1.0,67.59845865635928,0.0,67.59845865635928,0.0,0.14138095477497692
20200.0,1.0,67.59845865635928,10.0,58.33411748691509,13.704959186332955,0.12200475262581849
20200.0,1.0,67.59845865635928,25.0,47.07323783982176,30.363445002316823,0.09845282632812638
20200.0,1.0,67.59845865635928,50.0,34.08062566795941,49.583723733687094,0.07127901274730328
20200.0,1.0,67.59845865635928,100.0,20.704397652759596,69.37149446260067,0.04330287356208184
20200.0,1.0,67.59845865635928,150.0,14.528269949925374,78.50798636729178,0.030385614074291096
20200.0,1.0,67.59845865635928,200.0,11.115019865275144,83.5572880118776,0.02324686319970702
20200.0,1.0,67.59845865635928,300.0,7.521627877968172,88.87307783716666,0.015731348790882282
20200.0,1.5,101.39607925996145,0.0,101.39607925996145,0.0,0.21206806754408125
20200.0,1.5,101.39607925996145,10.0,91.88800169447032,9.377164910996328,0.19218209512690967
20200.0,1.5,101.39607925996145,25.0,79.43258538067697,21.66108792330521,0.16613181697610355
20200.0,1.5,101.39607925996145,50.0,63.053814129786815,37.814346876146864,0.13187591286942094
20200.0,1.5,101.39607925996145,100.0,42.41195486788456,58.17199720400641,0.0887038372217479
20200.0,1.5,101.39607925996145,150.0,31.055695545023895,69.3718970480085,0.06495242605570008
20200.0,1.5,101.39607925996145,200.0,24.234620184512067,76.099055938466,0.050686270196087006
20200.0,1.5,101.39607925996145,300.0,16.672014692319124,83.55753514928811,0.0348692174655195
20200.0,2.0,135.1917694283738,0.0,135.1917694283738,0.0,0.28275114284286906
20200.0,2.0,135.1917694283738,10.0,125.56110991421758,7.123702541121513,0.2626087924951215
20200.0,2.0,135.1917694283738,25.0,112.48387003999628,16.79680611060308,0.235257981604038
20200.0,2.0,135.1917694283738,50.0,94.1416474207735,30.364364769520336,0.1968955544400728
20200.0,2.0,135.1917694283738,100.0,68.15711260953128,49.58486533779578,0.14254936942315385
20200.0,2.0,135.1917694283738,150.0,51.93269799904766,61.585902589608295,0.10861629944065551
20200.0,2.0,135.1917694283738,200.0,41.405912357536465,69.37246066634715,0.0865997174905527
20200.0,2.0,135.1917694283738,300.0,29.054424861867744,78.50873245855317,0.060766804584859495
20200.0,3.0,202.77478482373013,0.0,202.77478482373013,0.0,0.4240997983165182
20200.0,3.0,202.77478482373013,10.0,193.0212140647131,4.810051095601309,0.40370038132115155
20200.0,3.0,202.77478482373013,25.0,179.31009118570248,11.57180053645489,0.3750238155798232
20200.0,3.0,202.77478482373013,50.0,158.84830226820148,21.662694695355466,0.33222835380359256
20200.0,3.0,202.77478482373013,100.0,126.09204621195778,37.81670323478919,0.26371923616782106
20200.0,3.0,202.77478482373013,150.0,102.2253225992784,49.58676805494247,0.21380241500382755
20200.0,3.0,202.77478482373013,200.0,84.81154007573156,58.17451358685584,0.1773818035230471
20200.0,3.0,202.77478482373013,300.0,62.10166163704645,69.37407099653404,0.12988450313625916
