sweep,geom,arc_min,rho0_km,dv_ms,burn_frac,ang_from_los_deg,crlb_los_m,crlb_rel,crlb_rel_drift,info_gain,fim_cond
direction,A1_leo_5km_box,360.0,5.011105610535344,1.0,0.25,0,7.3076173741899,0.001458284447014322,0.06692914631747052,2106.425401448256,1934.5808498091792
direction,A1_leo_5km_box,360.0,5.011105610535344,1.0,0.25,15,7.33139612726683,0.0014630296579368253,0.06692914631747052,2092.783541073498,1909.332090661253
direction,A1_leo_5km_box,360.0,5.011105610535344,1.0,0.25,30,7.499176896005752,0.001496511444548183,0.06692914631747052,2000.1864750105956,1926.3579064534567
direction,A1_leo_5km_box,360.0,5.011105610535344,1.0,0.25,45,7.863419797919359,0.0015691985779320461,0.06692914631747052,1819.1761743174025,2033.6815039245328
direction,A1_leo_5km_box,360.0,5.011105610535344,1.0,0.25,60,8.506750343226345,0.0016975795372066718,0.06692914631747052,1554.4269171343317,2392.9340451559037
direction,A1_leo_5km_box,360.0,5.011105610535344,1.0,0.25,75,9.230747041960353,0.00184205797270639,0.06692914631747052,1320.1521370524365,3525.916919990572
direction,A1_leo_5km_box,360.0,5.011105610535344,1.0,0.25,90,8.430734800508706,0.0016824101217870837,0.06692914631747052,1582.5842023142195,7630.816212304171
direction,A1_leo_5km_box,360.0,5.011105610535344,1.0,0.25,105,6.73000755198492,0.0013430185023112979,0.06692914631747052,2483.5138112971918,536783.009410863
direction,A1_leo_5km_box,360.0,5.011105610535344,1.0,0.25,120,6.003414607402806,0.0011980219684017898,0.06692914631747052,3121.052020951513,1544918.4849460083
direction,A1_leo_5km_box,360.0,5.011105610535344,1.0,0.25,135,4.966039420898601,0.0009910067372074546,0.06692914631747052,4561.181532337124,7158425.7299250085
direction,A1_leo_5km_box,360.0,5.011105610535344,1.0,0.25,150,5.623083250207677,0.001122124275007438,0.06692914631747052,3557.5306955756755,311016.70461513224
direction,A1_leo_5km_box,360.0,5.011105610535344,1.0,0.25,165,5.641223875931407,0.0011257443595024824,0.06692914631747052,3534.687401455644,190095.3466683999
direction,A1_leo_5km_box,360.0,5.011105610535344,1.0,0.25,180,5.683725078036909,0.001134225761693677,0.06692914631747052,3482.0223693732205,192174.5794453118
direction,A1_leo_5km_box,360.0,5.011105610535344,1.0,0.25,195,5.744007865396671,0.0011462555994270953,0.06692914631747052,3409.3189373206396,287052.5496312035
direction,A1_leo_5km_box,360.0,5.011105610535344,1.0,0.25,210,1.7840177391731564,0.0003560127999342978,0.06692914631747052,35342.66919973966,1131117.4360774045
direction,A1_leo_5km_box,360.0,5.011105610535344,1.0,0.25,225,6.205896865217219,0.0012384286717426086,0.06692914631747052,2920.710923804545,1888799.8396077224
direction,A1_leo_5km_box,360.0,5.011105610535344,1.0,0.25,240,6.30393005751523,0.0012579918579767814,0.06692914631747052,2830.5765908326416,7259421.287591193
direction,A1_leo_5km_box,360.0,5.011105610535344,1.0,0.25,255,9.205568087269485,0.0018370333420863667,0.06692914631747052,1327.383740667553,18429.23898511932
direction,A1_leo_5km_box,360.0,5.011105610535344,1.0,0.25,270,12.332428251238799,0.002461019425595644,0.06692914631747052,739.6061056684384,7587.645407468513
direction,A1_leo_5km_box,360.0,5.011105610535344,1.0,0.25,285,10.719913807724774,0.002139231267684169,0.06692914631747052,978.8476346577555,4145.822810331767
direction,A1_leo_5km_box,360.0,5.011105610535344,1.0,0.25,300,9.038842495550583,0.0018037621231824228,0.06692914631747052,1376.8037656739468,2809.689087886751
direction,A1_leo_5km_box,360.0,5.011105610535344,1.0,0.25,315,8.150516204410133,0.0016264906066386817,0.06692914631747052,1693.2748280085484,2320.8516556704235
direction,A1_leo_5km_box,360.0,5.011105610535344,1.0,0.25,330,7.670184277147824,0.0015306371234767105,0.06692914631747052,1911.9920693115714,2104.234270564153
direction,A1_leo_5km_box,360.0,5.011105610535344,1.0,0.25,345,7.413578883207711,0.0014794297824458956,0.06692914631747052,2046.641879774977,1993.9614326845724
direction,A1_leo_5km_box,180.0,5.011105610535344,1.0,0.25,0,7.608122469260883,0.001518252270170793,0.18699762262355993,15169.954984916189,1999.7413458078527
direction,A1_leo_5km_box,180.0,5.011105610535344,1.0,0.25,15,7.413558982174705,0.0014794258110602271,0.18699762262355993,15976.652440726344,2032.858106004837
direction,A1_leo_5km_box,180.0,5.011105610535344,1.0,0.25,30,7.371610690574804,0.001471054745898138,0.18699762262355993,16159.000689273413,2167.793534180968
direction,A1_leo_5km_box,180.0,5.011105610535344,1.0,0.25,45,7.498859718595252,0.0014964481496517767,0.18699762262355993,15615.245741602337,2457.0989846820303
direction,A1_leo_5km_box,180.0,5.011105610535344,1.0,0.25,60,7.875022931501314,0.0015715140616763042,0.18699762262355993,14159.099304214315,3078.698984224594
direction,A1_leo_5km_box,180.0,5.011105610535344,1.0,0.25,75,8.719817969412262,0.0017400986223638402,0.18699762262355993,11548.469828382302,4765.989130713105
direction,A1_leo_5km_box,180.0,5.011105610535344,1.0,0.25,90,10.20480012623105,0.002036436850338274,0.18699762262355993,8431.993750756543,12780.616275943157
direction,A1_leo_5km_box,180.0,5.011105610535344,1.0,0.25,105,8.384011547159231,0.0016730861807287983,0.18699762262355993,12492.102708703802,267278.1317693884
direction,A1_leo_5km_box,180.0,5.011105610535344,1.0,0.25,120,5.641820471299095,0.0011258634141411302,0.18699762262355993,27586.763849353367,4095329.399435839
direction,A1_leo_5km_box,180.0,5.011105610535344,1.0,0.25,135,4.926101952923627,0.0009830369454930255,0.18699762262355993,36185.326027855896,228390.05761774478
direction,A1_leo_5km_box,180.0,5.011105610535344,1.0,0.25,150,5.036894548230267,0.0010051463568520097,0.18699762262355993,34610.95356012677,83739.436842399
direction,A1_leo_5km_box,180.0,5.011105610535344,1.0,0.25,165,5.125844260281183,0.0010228968731979251,0.18699762262355993,33420.15565610172,67156.61444210046
direction,A1_leo_5km_box,180.0,5.011105610535344,1.0,0.25,180,5.104672815515449,0.001018671968274504,0.18699762262355993,33697.948290528475,63235.81271655522
direction,A1_leo_5km_box,180.0,5.011105610535344,1.0,0.25,195,4.9761223467399045,0.000993018853220357,0.18699762262355993,35461.50656504311,69048.01403729188
direction,A1_leo_5km_box,180.0,5.011105610535344,1.0,0.25,210,4.803703236676011,0.0009586114542420957,0.18699762262355993,38052.82838339263,138146.40653320707
direction,A1_leo_5km_box,180.0,5.011105610535344,1.0,0.25,225,5.006710865441929,0.0009991229989078307,0.18699762262355993,35029.525789322906,3665833.9042549026
direction,A1_leo_5km_box,180.0,5.011105610535344,1.0,0.25,240,6.016693787626861,0.0012006719185836694,0.18699762262355993,24256.239023014696,16696.012190473793
direction,A1_leo_5km_box,180.0,5.011105610535344,1.0,0.25,255,8.918218794606327,0.001779690848234504,0.18699762262355993,11040.35494529652,4464.746508151407
direction,A1_leo_5km_box,180.0,5.011105610535344,1.0,0.25,270,17.30928834502427,0.0034541855012261645,0.18699762262355993,2930.7640563160794,9457.738987591105
direction,A1_leo_5km_box,180.0,5.011105610535344,1.0,0.25,285,16.579841281839858,0.00330861940865553,0.18699762262355993,3194.320909931278,7667.937115506494
direction,A1_leo_5km_box,180.0,5.011105610535344,1.0,0.25,300,11.898828262514135,0.0023744916166799695,0.18699762262355993,6201.987537242493,3947.7815055477313
direction,A1_leo_5km_box,180.0,5.011105610535344,1.0,0.25,315,9.731210787262597,0.0019419288962507014,0.18699762262355993,9272.685327993317,2743.1040220165605
direction,A1_leo_5km_box,180.0,5.011105610535344,1.0,0.25,330,8.618390545406587,0.001719858094247164,0.18699762262355993,11821.890735942288,2268.2091725431865
direction,A1_leo_5km_box,180.0,5.011105610535344,1.0,0.25,345,7.981597837394952,0.0015927818046010543,0.18699762262355993,13783.502799536085,2064.8188381213545
direction,A2_leo_10km_drift,360.0,10.189288204268129,1.0,0.25,0,29.95411132868882,0.002939764851890393,0.015075263317472911,26.296904368676188,2901.684199849692
direction,A2_leo_10km_drift,360.0,10.189288204268129,1.0,0.25,15,30.90165375981567,0.00303275882871499,0.015075263317472911,24.708936990410336,3066.5369626488714
direction,A2_leo_10km_drift,360.0,10.189288204268129,1.0,0.25,30,33.486819102498046,0.003286472855726169,0.015075263317472911,21.0411617062942,3588.054847312389
direction,A2_leo_10km_drift,360.0,10.189288204268129,1.0,0.25,45,38.56598090827672,0.0037849533878256633,0.015075263317472911,15.86385538996077,4786.219236948877
direction,A2_leo_10km_drift,360.0,10.189288204268129,1.0,0.25,60,47.44918333703114,0.004656771148857625,0.015075263317472911,10.479969580945347,7431.825632921482
direction,A2_leo_10km_drift,360.0,10.189288204268129,1.0,0.25,75,56.76179179665818,0.005570731797818966,0.015075263317472911,7.323274504286326,11306.629304394235
direction,A2_leo_10km_drift,360.0,10.189288204268129,1.0,0.25,90,48.626997221654634,0.004772364491690948,0.015075263317472911,9.978438887156853,9335.886091504799
direction,A2_leo_10km_drift,360.0,10.189288204268129,1.0,0.25,105,32.91035998755221,0.003229897842497633,0.015075263317472911,21.784732952989344,5196.594810692437
direction,A2_leo_10km_drift,360.0,10.189288204268129,1.0,0.25,120,23.522607700509134,0.002308562406808347,0.015075263317472911,42.642884574703764,3509.8962574139186
direction,A2_leo_10km_drift,360.0,10.189288204268129,1.0,0.25,135,18.759839766732487,0.0018411334914321387,0.015075263317472911,67.0438980375191,3135.2895502994547
direction,A2_leo_10km_drift,360.0,10.189288204268129,1.0,0.25,150,16.452929708435793,0.001614728073109555,0.015075263317472911,87.16276961760673,3362.379118582419
direction,A2_leo_10km_drift,360.0,10.189288204268129,1.0,0.25,165,15.532684736206404,0.001524413131203808,0.015075263317472911,97.79675644004627,3746.9887758488785
direction,A2_leo_10km_drift,360.0,10.189288204268129,1.0,0.25,180,15.566163057027532,0.0015276987700188044,0.015075263317472911,97.37654365098058,3866.1713441317906
direction,A2_leo_10km_drift,360.0,10.189288204268129,1.0,0.25,195,16.534716095306706,0.001622754775783119,0.015075263317472911,86.30262815685191,3651.553809161865
direction,A2_leo_10km_drift,360.0,10.189288204268129,1.0,0.25,210,18.82260476291281,0.0018472933914096498,0.015075263317472911,66.59752048899261,3489.1115983620016
direction,A2_leo_10km_drift,360.0,10.189288204268129,1.0,0.25,225,23.413303180500915,0.0022978350117423764,0.015075263317472911,43.04196880687698,3887.0809014862252
direction,A2_leo_10km_drift,360.0,10.189288204268129,1.0,0.25,240,32.412827061919096,0.003181068825626297,0.015075263317472911,22.458651809797445,5631.935010598231
direction,A2_leo_10km_drift,360.0,10.189288204268129,1.0,0.25,255,48.83781588682104,0.00479305471665466,0.015075263317472911,9.892476780761035,10437.092074278244
direction,A2_leo_10km_drift,360.0,10.189288204268129,1.0,0.25,270,63.04164023099534,0.00618705045604542,0.015075263317472911,5.936937784031061,15259.805155465543
direction,A2_leo_10km_drift,360.0,10.189288204268129,1.0,0.25,285,54.268748735568515,0.00532605886177959,0.015075263317472911,8.011574760136032,10471.589500690192
direction,A2_leo_10km_drift,360.0,10.189288204268129,1.0,0.25,300,42.671277026245484,0.004187856518610512,0.015075263317472911,12.958246160525926,6205.971917098592
direction,A2_leo_10km_drift,360.0,10.189288204268129,1.0,0.25,315,35.80925086113825,0.0035144016091465872,0.015075263317472911,18.400390296252155,4272.568308743713
direction,A2_leo_10km_drift,360.0,10.189288204268129,1.0,0.25,330,32.10371722861134,0.0031507320810852724,0.015075263317472911,22.8932190232436,3390.0383360761743
direction,A2_leo_10km_drift,360.0,10.189288204268129,1.0,0.25,345,30.327755212267704,0.0029764351154150195,0.015075263317472911,25.652929879255634,2998.187057149716
direction,A3_leo_100km,180.0,101.61433918643861,1.0,0.25,0,531.8069834470268,0.0052335820682874795,0.004836854142992482,0.8541377271754548,11853.518310526004
direction,A3_leo_100km,180.0,101.61433918643861,1.0,0.25,15,533.7460771121557,0.005252664942620511,0.004836854142992482,0.8479428545490084,11986.196301726168
direction,A3_leo_100km,180.0,101.61433918643861,1.0,0.25,30,533.1267262112764,0.00524656982941269,0.004836854142992482,0.8499141653128527,12016.685292009823
direction,A3_leo_100km,180.0,101.61433918643861,1.0,0.25,45,529.5396717673224,0.005211269157552071,0.004836854142992482,0.8614676496622821,11922.319715485808
direction,A3_leo_100km,180.0,101.61433918643861,1.0,0.25,60,522.7318719113684,0.0051442727089163805,0.004836854142992482,0.8840524168127839,11688.53846505458
direction,A3_leo_100km,180.0,101.61433918643861,1.0,0.25,75,512.8268554992978,0.005046796147130182,0.004836854142992482,0.9185323510043274,11319.629179156951
direction,A3_leo_100km,180.0,101.61433918643861,1.0,0.25,90,500.4560075308941,0.004925053014542309,0.004836854142992482,0.9645042888093591,10844.140223786373
direction,A3_leo_100km,180.0,101.61433918643861,1.0,0.25,105,486.71103593399516,0.00478978695163282,0.004836854142992482,1.0197497076317954,10310.626588028617
direction,A3_leo_100km,180.0,101.61433918643861,1.0,0.25,120,472.93137134327975,0.004654179470434394,0.004836854142992482,1.0800397266411277,9775.675743444228
direction,A3_leo_100km,180.0,101.61433918643861,1.0,0.25,135,460.4352174226233,0.004531203185584193,0.004836854142992482,1.1394595393251632,9290.992034161054
direction,A3_leo_100km,180.0,101.61433918643861,1.0,0.25,150,450.3101102915984,0.0044315606822515905,0.004836854142992482,1.191276518629859,8895.398708926967
direction,A3_leo_100km,180.0,101.61433918643861,1.0,0.25,165,443.31228948792045,0.004362694212620384,0.004836854142992482,1.2291826883717791,8613.041529835604
direction,A3_leo_100km,180.0,101.61433918643861,1.0,0.25,180,439.8556605554082,0.004328677075273556,0.004836854142992482,1.2485777929381903,8455.539232376601
direction,A3_leo_100km,180.0,101.61433918643861,1.0,0.25,195,440.0441176926789,0.004330531706605902,0.004836854142992482,1.2475085682831417,8425.150319380851
direction,A3_leo_100km,180.0,101.61433918643861,1.0,0.25,210,443.71009073326434,0.004366609026696122,0.004836854142992482,1.2269796678632716,8517.091092237726
direction,A3_leo_100km,180.0,101.61433918643861,1.0,0.25,225,450.4448986394802,0.004432887152009313,0.004836854142992482,1.1905636848502552,8720.470319631786
direction,A3_leo_100km,180.0,101.61433918643861,1.0,0.25,240,459.62726186056295,0.004523251989241933,0.004836854142992482,1.1434690571055564,9018.287450239672
direction,A3_leo_100km,180.0,101.61433918643861,1.0,0.25,255,470.4681523444883,0.00462993861015313,0.004836854142992482,1.091378810022109,9387.519102443282
direction,A3_leo_100km,180.0,101.61433918643861,1.0,0.25,270,482.08867168115523,0.004744297660555908,0.004836854142992482,1.0393985922174964,9800.43037437882
direction,A3_leo_100km,180.0,101.61433918643861,1.0,0.25,285,493.6305494425634,0.004857882788932638,0.004836854142992482,0.9913612028982416,10227.683471727565
direction,A3_leo_100km,180.0,101.61433918643861,1.0,0.25,300,504.37218769696375,0.004963592655673905,0.004836854142992482,0.9495847163359769,10642.587283323986
direction,A3_leo_100km,180.0,101.61433918643861,1.0,0.25,315,513.8047182898152,0.005056419422726387,0.004836854142992482,0.9150394134767349,11024.61147391427
direction,A3_leo_100km,180.0,101.61433918643861,1.0,0.25,330,521.6308454626935,0.005133437363654185,0.004836854142992482,0.8877883628793192,11360.144222548874
direction,A3_leo_100km,180.0,101.61433918643861,1.0,0.25,345,527.6842052145064,0.005193009268567195,0.004836854142992482,0.8675365621663126,11639.796368669964
timing,A1_leo_5km_box,360.0,5.011105610535344,1.0,0.0,90,325.11613712017606,0.06487912296971994,0.06692914631747052,1.0641935692683417,33019629.168431118
timing,A1_leo_5km_box,360.0,5.011105610535344,1.0,0.05,90,12.880292865984588,0.002570349513070543,0.06692914631747052,678.0257797324941,57249.79579894923
timing,A1_leo_5km_box,360.0,5.011105610535344,1.0,0.1,90,9.070724064780224,0.0018101243058437928,0.06692914631747052,1367.1424587514182,21207.442145798257
timing,A1_leo_5km_box,360.0,5.011105610535344,1.0,0.2,90,7.998057340239171,0.0015960664096609865,0.06692914631747052,1758.4444603874524,4322.964484684317
timing,A1_leo_5km_box,360.0,5.011105610535344,1.0,0.3,90,9.261975506616963,0.00184828982393518,0.06692914631747052,1311.2648703494617,11878.522240456086
timing,A1_leo_5km_box,360.0,5.011105610535344,1.0,0.4,90,10.186978725459875,0.002032880469340495,0.06692914631747052,1083.9440962364179,7791.450250502938
timing,A1_leo_5km_box,360.0,5.011105610535344,1.0,0.5,90,10.176824486731165,0.0020308541223588304,0.06692914631747052,1086.1082523021919,6664.561898649513
timing,A1_leo_5km_box,360.0,5.011105610535344,1.0,0.6,90,12.221264269892867,0.0024388359016419238,0.06692914631747052,753.1221349142193,11345.715977603326
timing,A1_leo_5km_box,360.0,5.011105610535344,1.0,0.7,90,13.566452643708953,0.002707277335202606,0.06692914631747052,611.17428947974,8210.824767918744
timing,A1_leo_5km_box,360.0,5.011105610535344,1.0,0.8,90,15.684714975180341,0.003129990903046388,0.06692914631747052,457.2402152899279,13279.22581573849
timing,A1_leo_5km_box,360.0,5.011105610535344,1.0,0.9,90,21.345588438570367,0.0042596564705587965,0.06692914631747052,246.87744804019522,21440.64128500086
timing,A1_leo_5km_box,360.0,5.011105610535344,1.0,0.95,90,39.0706766572554,0.007796817647409635,0.06692914631747052,73.6878384481446,64300.14053796706
timing,A1_leo_5km_box,180.0,5.011105610535344,1.0,0.0,90,415.51450858963324,0.08291872909564227,0.18699762262355993,5.085889222575349,38200033.49474332
timing,A1_leo_5km_box,180.0,5.011105610535344,1.0,0.05,90,29.563854438410967,0.0058996670068688925,0.18699762262355993,1004.6555118471892,208209.82032905146
timing,A1_leo_5km_box,180.0,5.011105610535344,1.0,0.1,90,13.703647993174414,0.002734655594638412,0.18699762262355993,4675.918072222525,44887.04432763156
timing,A1_leo_5km_box,180.0,5.011105610535344,1.0,0.2,90,9.783342422244218,0.0019523321164247123,0.18699762262355993,9174.127534582101,16148.104174497104
timing,A1_leo_5km_box,180.0,5.011105610535344,1.0,0.3,90,9.798605264092274,0.0019553779196933496,0.18699762262355993,9145.569551082886,7733.365365263131
timing,A1_leo_5km_box,180.0,5.011105610535344,1.0,0.4,90,8.364616539564725,0.0016692157758517328,0.18699762262355993,12550.100661818065,3285.503023030463
timing,A1_leo_5km_box,180.0,5.011105610535344,1.0,0.5,90,8.958742493928392,0.0017877776263772092,0.18699762262355993,10940.70163885755,5274.793298926824
timing,A1_leo_5km_box,180.0,5.011105610535344,1.0,0.6,90,10.218557789054165,0.002039182284957371,0.18699762262355993,8409.304357885256,8251.97386414732
timing,A1_leo_5km_box,180.0,5.011105610535344,1.0,0.7,90,12.856257871437386,0.002565553167430437,0.18699762262355993,5312.636870101968,10768.29342040981
timing,A1_leo_5km_box,180.0,5.011105610535344,1.0,0.8,90,14.239590524792122,0.0028416065498310036,0.18699762262355993,4330.562193807754,9964.748711338216
timing,A1_leo_5km_box,180.0,5.011105610535344,1.0,0.9,90,25.465108307573654,0.005081734508655303,0.18699762262355993,1354.0921692928264,24502.12552343724
timing,A1_leo_5km_box,180.0,5.011105610535344,1.0,0.95,90,62.28443717827832,0.012429280485993266,0.18699762262355993,226.34984065902134,140810.89757686248
timing,A2_leo_10km_drift,360.0,10.189288204268129,1.0,0.0,90,186.23349302142412,0.018277380057167676,0.015075263317472911,0.6803022825414937,227065.34332371852
timing,A2_leo_10km_drift,360.0,10.189288204268129,1.0,0.05,90,86.56233481880217,0.00849542510560675,0.015075263317472911,3.148905171378019,48609.02505985396
timing,A2_leo_10km_drift,360.0,10.189288204268129,1.0,0.1,90,82.8938741278832,0.00813539400064867,0.015075263317472911,3.4337813031229922,36834.164440476015
timing,A2_leo_10km_drift,360.0,10.189288204268129,1.0,0.2,90,44.66757584924684,0.004383777841374269,0.015075263317472911,11.825860156746531,6966.237472538166
timing,A2_leo_10km_drift,360.0,10.189288204268129,1.0,0.3,90,53.87820664528338,0.005287730169681005,0.015075263317472911,8.128141263772621,12752.9755202149
timing,A2_leo_10km_drift,360.0,10.189288204268129,1.0,0.4,90,62.00846232164173,0.006085652017936581,0.015075263317472911,6.136427144494582,14812.434457455714
timing,A2_leo_10km_drift,360.0,10.189288204268129,1.0,0.5,90,66.44500712511704,0.006521064650746094,0.015075263317472911,5.344324272065028,16661.53466563209
timing,A2_leo_10km_drift,360.0,10.189288204268129,1.0,0.6,90,74.49711844374248,0.007311317233380133,0.015075263317472911,4.251464500872072,22183.584790334688
timing,A2_leo_10km_drift,360.0,10.189288204268129,1.0,0.7,90,88.05820837141088,0.008642233550183096,0.015075263317472911,3.042830886965997,28844.677746100035
timing,A2_leo_10km_drift,360.0,10.189288204268129,1.0,0.8,90,96.09235915164275,0.009430723444586758,0.015075263317472911,2.5552876414571752,35395.690320013804
timing,A2_leo_10km_drift,360.0,10.189288204268129,1.0,0.9,90,101.12171693086523,0.009924316095849265,0.015075263317472911,2.3074305404304147,38932.25030328663
timing,A2_leo_10km_drift,360.0,10.189288204268129,1.0,0.95,90,127.54302861858508,0.012517363927851148,0.015075263317472911,1.4504543178707605,61404.323731868215
timing,A3_leo_100km,180.0,101.61433918643861,1.0,0.0,90,499.743520505369,0.004918041336552475,0.004836854142992482,0.9672564472014318,11061.959682997516
timing,A3_leo_100km,180.0,101.61433918643861,1.0,0.05,90,503.26936849186484,0.004952739667661302,0.004836854142992482,0.9537509450786756,11239.821292131928
timing,A3_leo_100km,180.0,101.61433918643861,1.0,0.1,90,508.92319173049987,0.0050083796815009,0.004836854142992482,0.9326774842493873,11491.199110913481
timing,A3_leo_100km,180.0,101.61433918643861,1.0,0.2,90,507.5268365599441,0.004994637967666657,0.004836854142992482,0.9378166828324239,11272.358565677006
timing,A3_leo_100km,180.0,101.61433918643861,1.0,0.3,90,492.7551945936414,0.004849268307394595,0.004836854142992482,0.9948865381588694,10414.433649749313
timing,A3_leo_100km,180.0,101.61433918643861,1.0,0.4,90,484.0218802305033,0.004763322618694947,0.004836854142992482,1.0311123491612548,9969.354323927422
timing,A3_leo_100km,180.0,101.61433918643861,1.0,0.5,90,484.0669587447909,0.00476376624224895,0.004836854142992482,1.0309203143707675,10018.398410153079
timing,A3_leo_100km,180.0,101.61433918643861,1.0,0.6,90,484.00709174345076,0.004763177083259978,0.004836854142992482,1.0311753599098172,10076.51382432333
timing,A3_leo_100km,180.0,101.61433918643861,1.0,0.7,90,481.0278347419322,0.0047338578255117945,0.004836854142992482,1.043988132319781,9954.411534286563
timing,A3_leo_100km,180.0,101.61433918643861,1.0,0.8,90,481.0498589432944,0.004734074568557496,0.004836854142992482,1.0438925394074583,9918.026181965422
timing,A3_leo_100km,180.0,101.61433918643861,1.0,0.9,90,487.05653927473605,0.004793187095190384,0.004836854142992482,1.0183034608936337,10138.887105396614
timing,A3_leo_100km,180.0,101.61433918643861,1.0,0.95,90,490.15655909427835,0.004823694795622844,0.004836854142992482,1.005463570021671,10263.027653521172
