alt1_km,alt2_km,da_km,di_deg,dv_hohmann_ms,dv_plane_at_hi_ms,dv_sequential_ms,dv_combined_burn2_ms,dv_combined_optsplit_ms,opt_split_frac_burn1,save_vs_seq_ms,save_vs_seq_pct
400.0,500.0,100.0,0.1,56.03708933425429,13.293404687512881,69.33049402176717,59.0251800403755,57.60360604975005,0.5,11.726887972017117,16.914473403774267
400.0,500.0,100.0,0.25,56.03708933425429,33.23348957361484,89.27057890786912,71.45852505768639,65.21304105886722,0.49,24.057537849001903,26.949010685626067
400.0,500.0,100.0,0.5,56.03708933425429,66.46682096760735,122.50391030186164,100.06836826639454,87.12121400970847,0.49,35.38269629215317,28.882911741320534
400.0,500.0,100.0,1.0,56.03708933425429,132.93237650275333,188.96946583700762,163.67333871404642,144.69803441366747,0.48,44.27143142334015,23.427822705243667
400.0,500.0,100.0,2.0,56.03708933425429,265.85462969036735,321.89171902462164,294.9056536048799,272.56690282827213,0.44,49.3248161963495,15.323418802388211
400.0,500.0,100.0,5.0,56.03708933425429,664.4594324000334,720.4965217342876,691.8976839164811,668.3076016193642,0.26,52.18892011492346,7.243465935033375
400.0,800.0,400.0,0.1,217.01530841059014,13.012368063167518,230.02767647375765,217.78705677882823,217.41608637245605,0.48,12.611590101301601,5.482640304259377
400.0,800.0,400.0,0.25,217.01530841059014,32.530898480923675,249.5462068915138,221.75187887195457,219.50813421022008,0.48,30.038072681293727,12.037078445496986
400.0,800.0,400.0,0.5,217.01530841059014,65.06164212630941,282.0769505368995,234.894374153101,226.82188771003922,0.48,55.255062826860296,19.58864867253029
400.0,800.0,400.0,1.0,217.01530841059014,130.12204557273705,347.1373539833272,277.49040106694355,253.9754622021236,0.48,93.16189178120362,26.837184391766186
400.0,800.0,400.0,2.0,217.01530841059014,260.23418184791575,477.2494902585059,389.1948381021945,341.6007989425093,0.47,135.6486913159966,28.423014394949153
400.0,800.0,400.0,5.0,217.01530841059014,650.4120577593175,867.4273661699076,763.9072718523684,693.1910280169191,0.39,174.23633815298854,20.086562281557065
400.0,1000.0,600.0,0.1,318.75888959628054,12.834619405221446,331.59350900150196,319.2691856771727,319.02789762151906,0.47,12.565611379982897,3.7894624107150365
400.0,1000.0,600.0,0.25,318.75888959628054,32.08652713216576,350.8454167284463,321.9216779043019,320.4364620698909,0.47,30.408954658555388,8.667337011870346
400.0,1000.0,600.0,0.5,318.75888959628054,64.1729015438436,382.9317911401241,331.05726821964913,325.41698870852787,0.47,57.51480243159625,15.019594549816361
400.0,1000.0,600.0,1.0,318.75888959628054,128.344581328145,447.10347092442555,363.5175477356804,344.61632246130716,0.47,102.48714846311839,22.922467645177804
400.0,1000.0,600.0,2.0,318.75888959628054,256.67938871951566,575.4382783157962,459.9640860089406,412.53449733789466,0.46,162.90378097790153,28.309514176688324
400.0,1000.0,600.0,5.0,318.75888959628054,641.5274435355695,960.2863331318501,814.9808112353239,727.0903245859027,0.41,233.1960085459474,24.284007852679593
400.0,1400.0,1000.0,0.1,510.0580870626728,12.499934746173436,522.5580218088462,510.35870280085373,510.2213793339778,0.46,12.336642474868427,2.3608177388923943
400.0,1400.0,1000.0,0.25,510.0580870626728,31.249816042088966,541.3079031047617,511.9310614056147,511.0778003392145,0.46,30.230102765547258,5.584640939501799
400.0,1400.0,1000.0,0.5,510.0580870626728,62.499483346138,572.5575704088109,517.4683949205494,514.1247009333772,0.46,58.43286947543368,10.205588484964423
400.0,1400.0,1000.0,1.0,510.0580870626728,124.99777679220415,635.055863854877,538.520790908185,526.1344417231116,0.46,108.92142213176533,17.151470969907628
400.0,1400.0,1000.0,2.0,510.0580870626728,249.98603451975697,760.0441215824299,610.31313653425,571.6218940536381,0.45,188.42222752879172,24.790959127016496
400.0,1400.0,1000.0,5.0,510.0580870626728,624.7985178907394,1134.8566049534122,922.3931420026322,821.4938131041404,0.42,313.36279184927184,27.61254509878241
400.0,2400.0,2000.0,0.1,927.412592071425,11.765804958695641,939.1783970301207,927.5565698911876,927.49612956781,0.42,11.68226746231062,1.243881620281344
400.0,2400.0,2000.0,0.25,927.412592071425,29.41449279636387,956.8270848677889,928.3116957725983,927.9345733006462,0.42,28.89251156714272,3.019616817299333
400.0,2400.0,2000.0,0.5,927.412592071425,58.82884559017547,986.2414376616005,930.9982654833486,929.498690883689,0.42,56.74274677791141,5.75343365337089
400.0,2400.0,2000.0,1.0,927.412592071425,117.65657116393083,1045.069163235356,941.5883837817296,935.7280306305954,0.42,109.34113260476056,10.462573813417196
400.0,2400.0,2000.0,2.0,927.412592071425,235.3041823244416,1162.7167743958667,981.7204336445373,960.2269712404006,0.42,202.489803155466,17.41523022755711
400.0,2400.0,2000.0,5.0,927.412592071425,588.1036700799551,1515.51626215138,1202.7218174934826,1116.1616959727944,0.4,399.3545661785856,26.35105779806508
800.0,900.0,100.0,0.1,51.445889819149315,12.92257698188836,64.36846680103767,54.50412097150038,53.05504079709863,0.5,11.313426003939043,17.576037718761793
800.0,900.0,100.0,0.25,51.445889819149315,32.306420927306604,83.75231074645592,66.99205592664532,60.80823071369634,0.49,22.94408003275958,27.395160597082974
800.0,900.0,100.0,0.5,51.445889819149315,64.61268808750881,116.05857790665813,95.19154552104936,82.76557991045493,0.49,33.2929979962032,28.686374240238923
800.0,900.0,100.0,1.0,51.445889819149315,129.2241460425736,180.6700358617229,157.2982571043328,139.49276895447684,0.48,41.177266907246064,22.791420121686023
800.0,900.0,100.0,2.0,51.445889819149315,258.4384511661145,309.8843409852638,285.0321564245639,264.3062830330128,0.43,45.578057952251015,14.708086832441278
800.0,900.0,100.0,5.0,51.445889819149315,645.9239275696619,697.3698173888113,671.0814536231579,649.3076562727811,0.25,48.06216111603021,6.8919187377496804
800.0,1200.0,400.0,0.1,199.58560363800441,12.663961374387311,212.2495650123917,200.38039980322094,199.99771415181766,0.48,12.251850860574052,5.772379726600973
800.0,1200.0,400.0,0.25,199.58560363800441,31.65988233937559,231.24548597738,204.45345291053593,202.1474727030681,0.48,29.09801327431191,12.583170283876687
800.0,1200.0,400.0,0.5,199.58560363800441,63.31961398894112,262.90521762694556,217.85188346088785,209.6448458602623,0.48,53.26037176668325,20.25839283351846
800.0,1200.0,400.0,1.0,199.58560363800441,126.63802246370514,326.22362610170956,260.6012514438616,237.27250029577885,0.48,88.9511258059307,27.266917135608576
800.0,1200.0,400.0,2.0,199.58560363800441,253.26640095170063,452.8520045897051,370.8244918333458,325.04749249527913,0.47,127.80451209442595,28.222136768549795
800.0,1200.0,400.0,5.0,199.58560363800441,632.9972482268332,832.5828518648376,736.8943934239294,670.6393721381762,0.39,161.9434797266614,19.45073446611791
800.0,1400.0,600.0,0.1,293.4842864473518,12.499934746173436,305.98422119352523,294.0102196855492,293.7608435078306,0.47,12.22337768569463,3.9947738605657492
800.0,1400.0,600.0,0.25,293.4842864473518,31.249816042088966,324.7341024894408,296.7408137306353,295.20849016099453,0.47,29.525612328446243,9.092242576957654
800.0,1400.0,600.0,0.5,293.4842864473518,62.499483346138,355.9837697934898,306.10785405061574,300.32134551930875,0.47,55.662424274181035,15.636225299392564
800.0,1400.0,600.0,1.0,293.4842864473518,124.99777679220415,418.48206323955594,339.0311743041308,319.95240738025745,0.47,98.52965585929849,23.54453500266179
800.0,1400.0,600.0,2.0,293.4842864473518,249.98603451975697,543.4703209671088,435.1452780835664,388.6459255116428,0.46,154.824395455466,28.488104958510895
800.0,1400.0,600.0,5.0,293.4842864473518,624.7985178907394,918.2828043380912,783.4783754517083,700.2595447822289,0.41,218.0232595558623,23.742496159776834
800.0,1800.0,1000.0,0.1,470.60258166545145,12.190137240761096,482.79271890621254,470.91274071825853,470.7703675470424,0.46,12.022351359170159,2.4901683244948902
800.0,1800.0,1000.0,0.25,470.60258166545145,30.47532279464243,501.07790446009386,472.53431100207683,471.65025502305315,0.46,29.427649437040714,5.87286910380706
800.0,1800.0,1000.0,0.5,470.60258166545145,60.95050053755807,531.5530822030096,478.2358383084368,474.77927659591614,0.46,56.773805607093436,10.680740552156278
800.0,1800.0,1000.0,1.0,470.60258166545145,121.89984066544416,592.5024223308956,499.79728204317763,487.0926546456444,0.46,105.40976768525115,17.790605356611156
800.0,1800.0,1000.0,2.0,470.60258166545145,243.79039818606722,714.3929798515187,572.366104976546,533.4819204657579,0.45,180.91105938576084,25.323745401776183
800.0,1800.0,1000.0,5.0,470.60258166545145,609.313555276264,1079.9161369417154,881.4302219031008,783.9834034037242,0.42,295.9327335379912,27.40330692493052
800.0,2800.0,2000.0,0.1,859.6344803455988,11.506357242367358,871.1408375879662,859.7833212959755,859.720265330599,0.42,11.420572257367212,1.3109903433053078
800.0,2800.0,2000.0,0.25,859.6344803455988,28.765873937750953,888.4003542833498,860.5638645097445,860.170490431416,0.42,28.229863851933715,3.1776061002031044
800.0,2800.0,2000.0,0.5,859.6344803455988,57.53161096014533,917.1660913057442,863.3396686298634,861.7764393288026,0.42,55.38965197694165,6.0392171605564835
800.0,2800.0,2000.0,1.0,859.6344803455988,115.062126601348,974.6966069469469,874.2639798491958,868.1693449576051,0.42,106.52726198934181,10.92927391252734
800.0,2800.0,2000.0,2.0,859.6344803455988,230.11549077627416,1089.749971121873,915.4378630545768,893.2664652913633,0.42,196.48350583050967,18.030145541388208
800.0,2800.0,2000.0,5.0,859.6344803455988,575.1353984910436,1434.7698788366424,1138.3374168687428,1051.7149753921253,0.4,383.0549034445171,26.698002871032557
2000.0,2100.0,100.0,0.1,40.8506651962846,11.972334973906097,52.823000170190696,44.09602427647083,42.57898597674313,0.5,10.244014193447569,19.39309422115807
2000.0,2100.0,100.0,0.25,40.8506651962846,29.930817490336562,70.78148268662116,56.63778654228979,50.694988826726615,0.5,20.086493859894546,28.378176180380034
2000.0,2100.0,100.0,0.5,40.8506651962846,59.861492520598446,100.71215771688304,83.61181354281094,72.61722222649385,0.49,28.09493549038919,27.896270050502007
2000.0,2100.0,100.0,1.0,40.8506651962846,119.72184536466777,160.57251056095237,141.72667566181624,126.82588910164924,0.48,33.74662145930313,21.016437584123786
2000.0,2100.0,100.0,2.0,40.8506651962846,239.43457344728904,280.2852386435736,260.40235838126506,243.5217475985918,0.42,36.76349104498183,13.116456372407233
2000.0,2100.0,100.0,5.0,40.8506651962846,598.426895762629,639.2775609589136,618.3402258206445,600.8192405926064,0.23,38.458320366307134,6.015903375150509
2000.0,2400.0,400.0,0.1,159.16234983777338,11.765804958695641,170.92815479646902,160.02228082013175,159.60667709750618,0.49,11.321477698962838,6.623530051233382
2000.0,2400.0,400.0,0.25,159.16234983777338,29.41449279636387,188.57684263413725,164.39319953910547,161.91938620260888,0.49,26.657456431528374,14.13612406442035
2000.0,2400.0,400.0,0.5,159.16234983777338,58.82884559017547,217.99119542794884,178.43093337048754,169.9216395684611,0.48,48.069555859487735,22.051145581875506
2000.0,2400.0,400.0,1.0,159.16234983777338,117.65657116393083,276.8189210017042,221.25486506937466,198.72781160994361,0.48,78.0911093917606,28.210177653022438
2000.0,2400.0,400.0,2.0,159.16234983777338,235.3041823244416,394.466532162215,326.98221031892194,286.2587292879622,0.47,108.20780287425282,27.431428030440596
2000.0,2400.0,400.0,5.0,159.16234983777338,588.1036700799551,747.2660199177285,670.0169503698467,614.7462204422384,0.38,132.51979947549012,17.73395229319809
2000.0,2600.0,600.0,0.1,234.68289040442733,11.633911934733362,246.3168023391607,235.25310173100218,234.98086568074996,0.48,11.33593665841073,4.602177582186194
2000.0,2600.0,600.0,0.25,234.68289040442733,29.08476045617563,263.76765086060294,238.20220458490576,236.53906446825474,0.48,27.228586392348205,10.322943811915012
2000.0,2600.0,600.0,0.5,234.68289040442733,58.16938247920797,292.8522728836353,248.18896130027198,242.0220138494314,0.48,50.83025903420389,17.356962448572585
2000.0,2600.0,600.0,1.0,234.68289040442733,116.33765749722288,351.0205479016502,282.15554142104236,262.8104746448439,0.48,88.21007325680631,25.12960388903536
2000.0,2600.0,600.0,2.0,234.68289040442733,232.6664554314078,467.34934583583515,376.6604394112614,333.1931742298004,0.47,134.15617160603477,28.70575786644185
2000.0,2600.0,600.0,5.0,234.68289040442733,581.5111103934346,816.1940007978619,706.3923390159364,635.17133752434,0.4,181.02266327352197,22.178876970005312
2000.0,3000.0,1000.0,0.1,378.26680207142255,11.382908147393623,389.64971021881615,378.60400384958143,378.44740994282705,0.46,11.202300275989103,2.874966920852632
2000.0,3000.0,1000.0,0.25,378.26680207142255,28.457251405967536,406.7240534773901,380.3644175216714,379.39417525477256,0.46,27.329878222617538,6.719513633126399
2000.0,3000.0,1000.0,0.5,378.26680207142255,56.91436736551228,435.18116943693485,386.5216932783093,382.7561578414443,0.46,52.42501159549056,12.04670957231936
2000.0,3000.0,1000.0,1.0,378.26680207142255,113.8276511635102,492.09445323493276,409.4150242507762,395.9158651573895,0.46,96.17858807754328,19.54474134899998
2000.0,3000.0,1000.0,2.0,378.26680207142255,227.64663391068262,605.9134359821052,483.5390490728188,444.647391764385,0.46,161.26604421772015,26.615360320625555
2000.0,3000.0,1000.0,5.0,378.26680207142255,568.9649013531962,947.2317034246187,782.7630754594067,695.1623506875931,0.42,252.0693527370256,26.611160904527882
2000.0,4000.0,2000.0,0.1,698.9646221802834,10.820214821113275,709.7848370013967,699.1272563015405,699.0567802245896,0.43,10.72805677680708,1.5114519524155416
2000.0,4000.0,2000.0,0.25,698.9646221802834,27.050519027644125,726.0151412079275,699.9798120041655,699.540404560474,0.43,26.474736647453483,3.6465818885547505
2000.0,4000.0,2000.0,0.5,698.9646221802834,54.100909304412596,753.0655314846961,703.0073951393636,701.2648272469313,0.43,51.80070423776476,6.878644961433541
2000.0,4000.0,2000.0,1.0,698.9646221802834,108.20078860549681,807.1654107857802,714.8600697354592,708.1192522256608,0.43,99.04615856011935,12.270862605930715
2000.0,4000.0,2000.0,2.0,698.9646221802834,216.39333730202492,915.3579594823084,758.7692670493313,734.8800684538885,0.43,180.4778910284199,19.71664627579044
2000.0,4000.0,2000.0,5.0,698.9646221802834,540.8391580252483,1239.8037802055317,985.0602077502455,899.5804968329769,0.41,340.22328337255476,27.441703986106038
8000.0,8100.0,100.0,0.1,18.228367876237748,9.160030686400306,27.388398562638052,22.032737903101594,20.407633731063235,0.5,6.980764831574817,25.48803580322379
8000.0,8100.0,100.0,0.25,18.228367876237748,22.900061456523048,41.128429332760795,33.74782907764735,29.300355195317437,0.5,11.828074137443359,28.75887635227957
8000.0,8100.0,100.0,0.5,18.228367876237748,45.8000139168763,64.02838179311405,55.77962458979197,49.366941934676504,0.49,14.661439858437546,22.898345152327927
8000.0,8100.0,100.0,1.0,18.228367876237748,91.59915586750692,109.82752374374468,101.09366483217056,93.54396492269773,0.47,16.283558821046952,14.82648271214837
8000.0,8100.0,100.0,2.0,18.228367876237748,183.19133610465397,201.4197039808917,192.38081398748255,184.358924968809,0.38,17.06077901208272,8.47026317430257
8000.0,8100.0,100.0,5.0,18.228367876237748,457.8562778856602,476.08464576189795,466.6716059243724,458.56416855953523,0.18,17.520477202362713,3.6801180962944033
8000.0,8400.0,400.0,0.1,71.79522023510128,9.066533096964,80.86175333206528,72.91856514364764,72.37317582109597,0.49,8.488577510969307,10.497642162309148
8000.0,8400.0,400.0,0.25,71.79522023510128,22.666317638687694,94.46153787378898,78.32958183408195,75.33468635761544,0.49,19.126851516173545,20.248295704998075
8000.0,8400.0,400.0,0.5,71.79522023510128,45.33252739374326,117.12774762884455,93.64627111175324,85.07365022677129,0.49,32.05409740207325,27.366783747644977
8000.0,8400.0,400.0,1.0,71.79522023510128,90.66419172151036,162.45941195661163,133.19691193193557,116.12685921140452,0.48,46.33255274520711,28.519463530731752
8000.0,8400.0,400.0,2.0,71.79522023510128,181.32147901380043,253.1166992489017,220.22414541431786,196.11231693651075,0.46,57.00438231239096,22.520988335240514
8000.0,8400.0,400.0,5.0,71.79522023510128,453.18288106460517,524.9781012997064,489.05522317687854,461.12820945300587,0.33,63.84989184670053,12.162391476639721
8000.0,8600.0,600.0,0.1,106.6028166810676,9.00576883685814,115.60858551792573,107.35434653931898,106.99022414698533,0.49,8.618361370940406,7.45477624549267
8000.0,8600.0,600.0,0.25,106.6028166810676,22.514407089648785,129.11722377071638,111.13912806683113,109.00151684378363,0.49,20.115706926932745,15.579414070003386
8000.0,8600.0,600.0,0.5,106.6028166810676,45.028707018705774,151.63152369977337,122.99157943732828,115.90002940257844,0.49,35.73149429719493,23.564687226874007
8000.0,8600.0,600.0,1.0,106.6028166810676,90.05655675573739,196.65937343680497,157.68396114537882,140.13296601625314,0.48,56.526407420551834,28.74330698440681
8000.0,8600.0,600.0,2.0,106.6028166810676,180.10625535600968,286.70907203707725,240.4347315860116,210.80699656589815,0.47,75.9020754711791,26.4735520686152
8000.0,8600.0,600.0,5.0,106.6028166810676,450.145631636844,556.7484483179115,504.5292601326368,466.2288937426089,0.37,90.51955457530266,16.258609224468763
8000.0,9000.0,1000.0,0.1,174.14573595222188,8.887817719151114,183.033553671373,174.5942664850463,174.3798746557724,0.48,8.653679015600602,4.727919467234856
8000.0,9000.0,1000.0,0.25,174.14573595222188,22.21952949187319,196.3652654440951,176.9120149016232,175.60396982564293,0.48,20.761295618452152,10.57279431344382
8000.0,9000.0,1000.0,0.5,174.14573595222188,44.43895322666735,218.58468917888922,184.73829149319351,179.9076189382757,0.48,38.67707024061352,17.694318108877372
8000.0,9000.0,1000.0,1.0,174.14573595222188,88.87706039972262,263.0227963519445,211.17409943740472,196.17874547468404,0.48,66.84405087726049,25.413786106896247
8000.0,9000.0,1000.0,2.0,174.14573595222188,177.74735246719428,351.89308841941613,284.05279056679916,250.89073259696636,0.47,101.00235582244977,28.702568804666765
8000.0,9000.0,1000.0,5.0,174.14573595222188,444.24994617740856,618.3956821296305,536.6553446874681,483.1772235974376,0.4,135.21845853219287,21.866009488702712
8000.0,10000.0,2000.0,0.1,331.8229895709659,8.612090720696807,340.4350802916627,332.0425459573159,331.9417457228933,0.46,8.493334568769399,2.4948470532158025
8000.0,10000.0,2000.0,0.25,331.8229895709659,21.530212455064483,353.3532020260304,333.1904097650862,332.5645132753948,0.46,20.788688750635572,5.883260327468078
8000.0,10000.0,2000.0,0.5,331.8229895709659,43.06032243395453,374.8833120049204,337.2261203052532,334.7791389936765,0.46,40.104173011243915,10.697774941424317
8000.0,10000.0,2000.0,1.0,331.8229895709659,86.11982506144003,417.9428146324059,352.48495278090945,343.49364442378425,0.46,74.44917020862164,17.813243248146776
8000.0,10000.0,2000.0,2.0,331.8229895709659,172.23309176477517,504.05608133574106,403.8168517709779,376.31809025167627,0.45,127.73799108406479,25.342019631141245
8000.0,10000.0,2000.0,5.0,331.8229895709659,430.4679686331297,762.2909582040957,622.2783784429878,553.4607326727755,0.42,208.83022553132014,27.395081009921668
-1,-1,-1,-1,1.0,0.1,1.1,1.004987562112089,1.004987562112089,-1,0.09501243788791114,8.637494353446462
-1,-1,-1,-1,1.0,0.25,1.25,1.0307764064044151,1.0307764064044151,-1,0.21922359359558485,17.537887487646785
-1,-1,-1,-1,1.0,0.5,1.5,1.118033988749895,1.118033988749895,-1,0.3819660112501051,25.46440075000701
-1,-1,-1,-1,1.0,0.75,1.75,1.25,1.25,-1,0.5,28.57142857142857
-1,-1,-1,-1,1.0,1.0,2.0,1.4142135623730951,1.4142135623730951,-1,0.5857864376269049,29.28932188134524
-1,-1,-1,-1,1.0,1.5,2.5,1.8027756377319946,1.8027756377319946,-1,0.6972243622680054,27.88897449072022
-1,-1,-1,-1,1.0,2.0,3.0,2.23606797749979,2.23606797749979,-1,0.7639320225002102,25.46440075000701
-1,-1,-1,-1,1.0,4.0,5.0,4.123105625617661,4.123105625617661,-1,0.8768943743823394,17.537887487646785
-1,-1,-1,-1,1.0,10.0,11.0,10.04987562112089,10.04987562112089,-1,0.95012437887911,8.637494353446451
