scenario,filt,seeds,sigma_beta_mrad,rho_km_mean,rho_over_r,crlb_los_m,crlb_los_rb_m,pos_rmse_settled_m,vel_rmse_settled_ms,pos_err_final_m,rel_range_err_settled,rel_range_err_final,nees_med,nees_in_bounds,conv5pct_frac,conv5pct_min,acq_min,acq_fail_frac,diverged_frac,n_eff_final
G6_leo_5km_1ms_burns,RB-EKF,12,0.1,14.83302839929592,0.0021910199784943383,0.5972391183656944,0.5802700165810818,1.9965370975285,0.0021335922399729765,1.8947648858859232,9.759507576178564e-05,7.256248285346877e-05,0.9622581428898858,0.9381720430107527,1.0,0.0,0.0,0.0,0.0,1.0
G6_leo_5km_1ms_burns,BO-BLS-MPC,12,0.1,14.83302839929592,0.0021910199784943383,0.5972391183656944,0.5802700165810818,1.7539395215589693,0.0019262867821028856,2.4957114045138935,8.107713344507463e-05,9.508112223117724e-05,0.6051906991199257,0.9823943661971831,1.0,44.0,44.0,0.0,0.0,1.0
G6_leo_5km_1ms_burns,BO-RPB,12,0.1,14.83302839929592,0.0021910199784943383,0.5972391183656944,0.5802700165810818,9.85233752225005,0.008752874495544656,7.76465665091961,0.0004921248694739679,0.0002853607489117408,122.24649780224216,0.010752688172043012,1.0,26.5,0.0,0.0,0.0,1.0
G5_leo_10km_burns,RB-EKF,12,0.1,80.03738642817623,0.011821969825211349,1.0967206793485238,0.9099839843216013,4.1282159684466935,0.004710594540218837,4.395021419835027,3.884706209838399e-05,3.1443357705811556e-05,0.7476633659655709,0.9712230215827338,1.0,0.0,0.0,0.0,0.0,1.0
G5_leo_10km_burns,BO-BLS-MPC,12,0.1,80.03738642817623,0.011821969825211349,1.0967206793485238,0.9099839843216013,5.249087143068715,0.005872565149937942,5.670087452440317,4.666929795442363e-05,4.017628088128367e-05,0.6222154411707449,0.9914529914529915,1.0,44.0,44.0,0.0,0.0,1.0
G5_leo_10km_burns,BO-RPB,12,0.1,80.03738642817623,0.011821969825211349,1.0967206793485238,0.9099839843216013,8.03164689267978,0.009180496769017698,9.652146215056439,7.514875980807797e-05,6.850728898995492e-05,3.0996958469066227,0.3579136690647482,1.0,33.0,0.0,0.0,0.0,1.0
G6_leo_5km_1ms_burns,RB-EKF,12,1.0,14.83302839929592,0.0021910199784943383,5.972391183656564,3.9598111172240342,8.586067950218377,0.00857554909851866,7.736060573013321,0.0003142903565688881,0.00029474126030285116,0.8421406938610654,0.9811827956989247,1.0,0.0,0.0,0.0,0.0,1.0
G6_leo_5km_1ms_burns,BO-BLS-MPC,12,1.0,14.83302839929592,0.0021910199784943383,5.972391183656564,3.9598111172240342,17.637416894715493,0.01936790666820009,25.19729649999109,0.000813994196372173,0.0009600638049783615,0.6060071599488065,0.9823943661971831,1.0,44.0,44.0,0.0,0.0,1.0
G6_leo_5km_1ms_burns,BO-RPB,12,1.0,14.83302839929592,0.0021910199784943383,5.972391183656564,3.9598111172240342,20.553014800299536,0.02178045694517928,22.453101888557917,0.0009621734689768647,0.0008582038414160238,1.5687941307683513,0.8682795698924731,1.0,27.0,0.0,0.0,0.0,1.0
G5_leo_10km_burns,RB-EKF,12,1.0,80.03738642817623,0.011821969825211349,10.967206793485332,5.383974346989909,7.406497118676301,0.007389004667351629,8.223009441406262,5.6724739834955636e-05,5.4774973030161294e-05,0.9587919739692436,0.9784172661870504,1.0,0.0,0.0,0.0,0.0,1.0
G5_leo_10km_burns,BO-BLS-MPC,12,1.0,80.03738642817623,0.011821969825211349,10.967206793485332,5.383974346989909,52.399240457888155,0.05863227236531629,56.602628532548756,0.00046181392930597586,0.00040105997374380753,0.6666561573011557,0.9914529914529915,1.0,44.0,44.0,0.0,0.0,1.0
G5_leo_10km_burns,BO-RPB,12,1.0,80.03738642817623,0.011821969825211349,10.967206793485332,5.383974346989909,57.51621605653672,0.06618885448071557,61.77814807769661,0.0006012470367898877,0.0004406397123314764,1.1710947714011637,0.9316546762589928,1.0,33.0,0.0,0.0,0.0,1.0
G6_leo_5km_1ms_burns,RB-EKF,12,10.0,14.83302839929592,0.0021910199784943383,59.72391183656957,9.029702718687039,9.07629450651264,0.008790884543338985,9.391798617430418,0.00032600589021976366,0.0003170117801811342,0.8004723008074444,0.9811827956989247,1.0,0.0,0.0,0.0,0.0,1.0
G6_leo_5km_1ms_burns,BO-BLS-MPC,12,10.0,14.83302839929592,0.0021910199784943383,59.72391183656957,9.029702718687039,181.91166027648484,0.19979407888308554,261.2218968872804,0.008400607410551562,0.009956048737136295,0.59101373754305,0.9753521126760564,1.0,84.0,44.0,0.0,0.0,1.0
G6_leo_5km_1ms_burns,BO-RPB,12,10.0,14.83302839929592,0.0021910199784943383,59.72391183656957,9.029702718687039,267.53283020350494,0.28750450907102,303.2011566872483,0.011963324025350372,0.011606621592709969,1.805562253126203,0.6532258064516129,0.75,53.0,0.0,0.0,0.08333333333333333,1.0000000001878218
G5_leo_10km_burns,RB-EKF,12,10.0,80.03738642817623,0.011821969825211349,109.67206793485528,7.326147209302895,8.18048879204051,0.009528028045679936,9.670572372112938,6.388071686044146e-05,6.642051213847378e-05,1.103794017700451,0.9406474820143884,1.0,0.0,0.0,0.0,0.0,1.0
G5_leo_10km_burns,BO-BLS-MPC,12,10.0,80.03738642817623,0.011821969825211349,109.67206793485528,7.326147209302895,521.8389087335948,0.5837299811091254,551.8699071567769,0.00417041024725445,0.0039040821268853734,0.6511906553307854,0.9871794871794872,1.0,44.0,44.0,0.0,0.0,1.0
G5_leo_10km_burns,BO-RPB,12,10.0,80.03738642817623,0.011821969825211349,109.67206793485528,7.326147209302895,576.6139778011293,0.6591910543715195,675.0991463849491,0.005111301189607577,0.004823515914305612,1.6412907162990655,0.8561151079136691,1.0,45.0,0.0,0.0,0.0,1.0000000000284597
G6_leo_5km_1ms_burns,RB-EKF,12,3.0,14.83302839929592,0.0021910199784943383,17.917173550971107,7.24816520564114,9.678271610056878,0.009583479395798603,9.544989935876163,0.0003245520058212252,0.0003377279267280331,0.7353003350290674,0.9838709677419355,1.0,0.0,0.0,0.0,0.0,1.0
G6_leo_5km_1ms_burns,BO-BLS-MPC,12,3.0,14.83302839929592,0.0021910199784943383,17.917173550971107,7.24816520564114,53.28967505525617,0.058520725732798706,76.22861784226649,0.0024595632168133747,0.002904663609647037,0.6032490217825204,0.9823943661971831,1.0,44.0,44.0,0.0,0.0,1.0
G6_leo_5km_1ms_burns,BO-RPB,12,3.0,14.83302839929592,0.0021910199784943383,17.917173550971107,7.24816520564114,60.668942669271125,0.06449729094855827,67.16743866587396,0.0028476426980779796,0.0025716217554737496,1.4229744125515413,0.8736559139784946,1.0,30.5,0.0,0.0,0.0,1.00000000003335
G5_leo_10km_burns,RB-EKF,12,3.0,80.03738642817623,0.011821969825211349,32.90162038045655,7.004713708761201,8.394565226302547,0.009275841535948348,9.828786001534088,6.620613858176815e-05,6.554802146412089e-05,1.0783667677355253,0.9514388489208633,1.0,0.0,0.0,0.0,0.0,1.0
G5_leo_10km_burns,BO-BLS-MPC,12,3.0,80.03738642817623,0.011821969825211349,32.90162038045655,7.004713708761201,157.0049205648371,0.1756703228329095,169.1535634106903,0.001355600280645791,0.0011985305502283158,0.6684484648514287,0.9914529914529915,1.0,44.0,44.0,0.0,0.0,1.0
G5_leo_10km_burns,BO-RPB,12,3.0,80.03738642817623,0.011821969825211349,32.90162038045655,7.004713708761201,169.5673992748383,0.1947637529400445,187.48599902006123,0.0017627837400804463,0.0013312183347675716,0.9915504589258454,0.9028776978417267,1.0,37.0,0.0,0.0,0.0,1.0
G6_leo_5km_1ms_burns,RB-EKF,12,30.0,14.83302839929592,0.0021910199784943383,179.17173550970034,9.294179219916396,8.759166563048861,0.008140993620580333,8.494524786688903,0.0003132987600734415,0.0002876571374944595,0.8021180317613956,0.9758064516129032,1.0,0.0,0.0,0.0,0.0,1.0
G6_leo_5km_1ms_burns,BO-BLS-MPC,12,30.0,14.83302839929592,0.0021910199784943383,179.17173550970034,9.294179219916396,755.1471641484636,0.8441589560731693,827.2204181642772,0.035442990412600656,0.03164924710092574,0.4446641100542644,1.0,0.9166666666666666,142.0,114.0,0.0,0.0,1.0
G6_leo_5km_1ms_burns,BO-RPB,12,30.0,14.83302839929592,0.0021910199784943383,179.17173550970034,9.294179219916396,1173.8261649725841,1.233961444895558,1369.0465309190818,0.05563123080028145,0.05247472421733851,2.7811459372444993,0.4838709677419355,0.5,126.0,0.0,0.0,0.0,1.0000007228366896
G5_leo_10km_burns,RB-EKF,12,30.0,80.03738642817623,0.011821969825211349,329.0162038045646,7.357034662720362,8.496390476007463,0.009245047378216416,9.581342688876333,6.703722994597988e-05,6.545429156860441e-05,1.0753091320170078,0.9514388489208634,1.0,0.0,0.0,0.0,0.0,1.0
G5_leo_10km_burns,BO-BLS-MPC,12,30.0,80.03738642817623,0.011821969825211349,329.0162038045646,7.357034662720362,1560.1085892737833,1.735384024851845,1610.8761284571044,0.012882213861626999,0.011425821745268731,0.437903564696413,0.9734299516908212,1.0,78.0,71.0,0.0,0.0,1.0
G5_leo_10km_burns,BO-RPB,12,30.0,80.03738642817623,0.011821969825211349,329.0162038045646,7.357034662720362,1739.5714784611973,2.0067456356564453,2076.39197631555,0.015348022578868156,0.01487426433435249,1.2411580668352968,0.8435251798561152,0.9166666666666666,93.0,0.0,0.0,0.0,1.0000000139318417
