alt_km,i_deg,da_km,horizon_steps,horizon_days,RAAN_rate_deg_per_day,argp_rate_deg_per_day,dRAAN_rate_deg_per_day,dlambda_rate_deg_per_day,dRAAN_available_deg,theta_equiv_deg,dv_equiv_saved_ms,frac_of_budget
400.0,0.0,50.0,3000,2.0833333333333335,-8.083127287998341,8.083127287998341,0.20548796526258162,-61.5661039645416,0.4280999276303784,0.0,0.0,0.0
400.0,0.0,50.0,6000,4.166666666666667,-8.083127287998341,8.083127287998341,0.20548796526258162,-61.5661039645416,0.8561998552607568,0.0,0.0,0.0
400.0,0.0,50.0,12000,8.333333333333334,-8.083127287998341,8.083127287998341,0.20548796526258162,-61.5661039645416,1.7123997105215136,0.0,0.0,0.0
400.0,0.0,100.0,3000,2.0833333333333335,-8.083127287998341,8.083127287998341,0.4043080150639685,-122.01421515830866,0.8423083647166011,0.0,0.0,0.0
400.0,0.0,100.0,6000,4.166666666666667,-8.083127287998341,8.083127287998341,0.4043080150639685,-122.01421515830866,1.6846167294332022,0.0,0.0,0.0
400.0,0.0,100.0,12000,8.333333333333334,-8.083127287998341,8.083127287998341,0.4043080150639685,-122.01421515830866,3.3692334588664044,0.0,0.0,0.0
400.0,0.0,200.0,3000,2.0833333333333335,-8.083127287998341,8.083127287998341,0.7829824539119863,-239.66842054897197,1.6312134456499716,0.0,0.0,0.0
400.0,0.0,200.0,6000,4.166666666666667,-8.083127287998341,8.083127287998341,0.7829824539119863,-239.66842054897197,3.2624268912999432,0.0,0.0,0.0
400.0,0.0,200.0,12000,8.333333333333334,-8.083127287998341,8.083127287998341,0.7829824539119863,-239.66842054897197,6.5248537825998865,0.0,0.0,0.0
400.0,0.0,400.0,3000,2.0833333333333335,-8.083127287998341,8.083127287998341,1.4710908630648483,-462.7435269961364,3.0647726313851007,0.0,0.0,0.0
400.0,0.0,400.0,6000,4.166666666666667,-8.083127287998341,8.083127287998341,1.4710908630648483,-462.7435269961364,6.129545262770201,0.0,0.0,0.0
400.0,0.0,400.0,12000,8.333333333333334,-8.083127287998341,8.083127287998341,1.4710908630648483,-462.7435269961364,12.259090525540403,0.0,0.0,0.0
400.0,0.0,600.0,3000,2.0833333333333335,-8.083127287998341,8.083127287998341,2.078005398764933,-670.7902915710928,4.329177914093611,0.0,0.0,0.0
400.0,0.0,600.0,6000,4.166666666666667,-8.083127287998341,8.083127287998341,2.078005398764933,-670.7902915710928,8.658355828187222,0.0,0.0,0.0
400.0,0.0,600.0,12000,8.333333333333334,-8.083127287998341,8.083127287998341,2.078005398764933,-670.7902915710928,17.316711656374444,0.0,0.0,0.0
400.0,28.5,50.0,3000,2.0833333333333335,-7.103590584517846,5.782664386773784,0.18058634031884413,-61.5661039645416,0.3762215423309253,0.17951740472158212,24.03954436344622,0.05027827264134975
400.0,28.5,50.0,6000,4.166666666666667,-7.103590584517846,5.782664386773784,0.18058634031884413,-61.5661039645416,0.7524430846618506,0.35903480944316424,48.07902972933808,0.10055642189038065
400.0,28.5,50.0,12000,8.333333333333334,-7.103590584517846,5.782664386773784,0.18058634031884413,-61.5661039645416,1.5048861693237012,0.7180696188863285,96.15758747911008,0.2011118566440275
400.0,28.5,100.0,3000,2.0833333333333335,-7.103590584517846,5.782664386773784,0.3553128024246072,-122.01421515830866,0.740235005051265,0.3532096173110266,47.298969734990855,0.09892494050789503
400.0,28.5,100.0,6000,4.166666666666667,-7.103590584517846,5.782664386773784,0.3553128024246072,-122.01421515830866,1.48047001010253,0.7064192346220532,94.59749009269115,0.1978489411513071
400.0,28.5,100.0,12000,8.333333333333334,-7.103590584517846,5.782664386773784,0.3553128024246072,-122.01421515830866,2.96094002020506,1.4128384692441065,189.19138519267426,0.39569036344032693
400.0,28.5,200.0,3000,2.0833333333333335,-7.103590584517846,5.782664386773784,0.6880983794119122,-239.66842054897197,1.433538290441484,0.684025353451737,91.59873344019603,0.19157709580017512
400.0,28.5,200.0,6000,4.166666666666667,-7.103590584517846,5.782664386773784,0.6880983794119122,-239.66842054897197,2.867076580882968,1.368050706903474,183.19420305196078,0.38314736536216365
400.0,28.5,200.0,12000,8.333333333333334,-7.103590584517846,5.782664386773784,0.6880983794119122,-239.66842054897197,5.734153161765936,2.736101413806948,366.36229617424385,0.766240122278213
400.0,28.5,400.0,3000,2.0833333333333335,-7.103590584517846,5.782664386773784,1.292819824742049,-462.7435269961364,2.693374634879269,1.2851673016936676,172.095855495101,0.35993537199423864
400.0,28.5,400.0,6000,4.166666666666667,-7.103590584517846,5.782664386773784,1.292819824742049,-462.7435269961364,5.386749269758538,2.570334603387335,344.1700648763735,0.7198254715325504
400.0,28.5,400.0,12000,8.333333333333334,-7.103590584517846,5.782664386773784,1.292819824742049,-462.7435269961364,10.773498539517076,5.14066920677467,688.1669771775879,1.4392887975830242
400.0,28.5,600.0,3000,2.0833333333333335,-7.103590584517846,5.782664386773784,1.8261867046385754,-670.7902915710928,3.804555634663699,1.8153770499748385,243.09080012762035,0.50842001581382
400.0,28.5,600.0,6000,4.166666666666667,-7.103590584517846,5.782664386773784,1.8261867046385754,-670.7902915710928,7.609111269327398,3.630754099949677,486.1205921038731,1.0167124341814726
400.0,28.5,600.0,12000,8.333333333333334,-7.103590584517846,5.782664386773784,1.8261867046385754,-670.7902915710928,15.218222538654796,7.261508199899354,971.7532108597347,2.032404280923262
400.0,51.6,50.0,3000,2.0833333333333335,-5.020816572647208,1.8775545146058734,0.12763839349675818,-61.5661039645416,0.2659133197849129,0.20839452893123003,27.906535407215177,0.058366014532827144
400.0,51.6,50.0,6000,4.166666666666667,-5.020816572647208,1.8775545146058734,0.12763839349675818,-61.5661039645416,0.5318266395698258,0.41678905786246007,55.81297852049328,0.11673183603455266
400.0,51.6,50.0,12000,8.333333333333334,-5.020816572647208,1.8775545146058734,0.12763839349675818,-61.5661039645416,1.0636532791396516,0.8335781157249201,111.6252186913214,0.2334621278241226
400.0,51.6,100.0,3000,2.0833333333333335,-5.020816572647208,1.8775545146058734,0.251135026105713,-122.01421515830866,0.5231979710535687,0.4100268268008359,54.907439793269624,0.1148379181496579
400.0,51.6,100.0,6000,4.166666666666667,-5.020816572647208,1.8775545146058734,0.251135026105713,-122.01421515830866,1.0463959421071374,0.8200536536016718,109.81417659512823,0.22967436600548272
400.0,51.6,100.0,12000,8.333333333333334,-5.020816572647208,1.8775545146058734,0.251135026105713,-122.01421515830866,2.0927918842142748,1.6401073072033436,219.6227293129715,0.45933696977324745
400.0,51.6,200.0,3000,2.0833333333333335,-5.020816572647208,1.8775545146058734,0.48634781324429444,-239.66842054897197,1.0132246109256136,0.7940574983839229,106.33306297930194,0.22239367978173857
400.0,51.6,200.0,6000,4.166666666666667,-5.020816572647208,1.8775545146058734,0.48634781324429444,-239.66842054897197,2.026449221851227,1.5881149967678458,212.66102014174976,0.4447766808397889
400.0,51.6,200.0,12000,8.333333333333334,-5.020816572647208,1.8775545146058734,0.48634781324429444,-239.66842054897197,4.052898443702454,3.1762299935356917,425.2811952196573,0.8894679349666226
400.0,51.6,400.0,3000,2.0833333333333335,-5.020816572647208,1.8775545146058734,0.913764824180434,-462.7435269961364,1.903676717042571,1.491898988009797,199.77769541826294,0.41783143998241795
400.0,51.6,400.0,6000,4.166666666666667,-5.020816572647208,1.8775545146058734,0.913764824180434,-462.7435269961364,3.807353434085142,2.983797976019594,399.5215286929326,0.8355920579033997
400.0,51.6,400.0,12000,8.333333333333334,-5.020816572647208,1.8775545146058734,0.913764824180434,-462.7435269961364,7.614706868170284,5.967595952039188,798.7721946737672,1.6706176113389386
400.0,51.6,600.0,3000,2.0833333333333335,-5.020816572647208,1.8775545146058734,1.290748440849183,-670.7902915710928,2.689059251769131,2.107398141972986,282.1902215733902,0.5901957492407258
400.0,51.6,600.0,6000,4.166666666666667,-5.020816572647208,1.8775545146058734,1.290748440849183,-670.7902915710928,5.378118503538262,4.214796283945972,564.2850059554619,1.18019189332036
400.0,51.6,600.0,12000,8.333333333333334,-5.020816572647208,1.8775545146058734,1.290748440849183,-670.7902915710928,10.756237007076525,8.429592567891945,1127.8067080315386,2.3587873503698944
400.0,63.4,50.0,3000,2.0833333333333335,-3.619293701358806,0.0049327359266952,0.09200910388781856,-61.5661039645416,0.19168563309962203,0.17139652097726366,22.95206097255149,0.04800382078012876
400.0,63.4,50.0,6000,4.166666666666667,-3.619293701358806,0.0049327359266952,0.09200910388781856,-61.5661039645416,0.38337126619924405,0.3427930419545273,45.904070597478494,0.09600753416762876
400.0,63.4,50.0,12000,8.333333333333334,-3.619293701358806,0.0049327359266952,0.09200910388781856,-61.5661039645416,0.7667425323984881,0.6855860839090546,91.80773041465032,0.19201420919566894
400.0,63.4,100.0,3000,2.0833333333333335,-3.619293701358806,0.0049327359266952,0.18103258803094613,-122.01421515830866,0.37715122506447113,0.33723136582055496,45.1592980976387,0.09444985594226007
400.0,63.4,100.0,6000,4.166666666666667,-3.619293701358806,0.0049327359266952,0.18103258803094613,-122.01421515830866,0.7543024501289423,0.6744627316411099,90.31820508652353,0.1888988938876288
400.0,63.4,100.0,12000,8.333333333333334,-3.619293701358806,0.0049327359266952,0.18103258803094613,-122.01421515830866,1.5086049002578845,1.3489254632822198,180.63328132333973,0.377791243842633
400.0,63.4,200.0,3000,2.0833333333333335,-3.619293701358806,0.0049327359266952,0.3505875093573925,-239.66842054897197,0.7303906444945678,0.6530818893226545,87.45509944594859,0.18291076017671276
400.0,63.4,200.0,6000,4.166666666666667,-3.619293701358806,0.0049327359266952,0.3505875093573925,-239.66842054897197,1.4607812889891356,1.306163778645309,174.90735826635876,0.3658155792364421
400.0,63.4,200.0,12000,8.333333333333334,-3.619293701358806,0.0049327359266952,0.3505875093573925,-239.66842054897197,2.9215625779782712,2.612327557290618,349.79199208200475,0.7315836306948494
400.0,63.4,400.0,3000,2.0833333333333335,-3.619293701358806,0.0049327359266952,0.6586943029738649,-462.7435269961364,1.3722797978622185,1.2270297953875744,164.31100723848323,0.34365350253780547
400.0,63.4,400.0,6000,4.166666666666667,-3.619293701358806,0.0049327359266952,0.6586943029738649,-462.7435269961364,2.744559595724437,2.454059590775149,328.6031750595197,0.6872676027744494
400.0,63.4,400.0,12000,8.333333333333334,-3.619293701358806,0.0049327359266952,0.6586943029738649,-462.7435269961364,5.489119191448874,4.908119181550298,657.0556477396509,1.3742200142456014
400.0,63.4,600.0,3000,2.0833333333333335,-3.619293701358806,0.0049327359266952,0.9304458018750252,-670.7902915710928,1.9384287539063028,1.7332542831165774,232.09488574959366,0.48542225958845586
400.0,63.4,600.0,6000,4.166666666666667,-3.619293701358806,0.0049327359266952,0.9304458018750252,-670.7902915710928,3.8768575078126055,3.4665085662331547,464.13667369043236,0.9707334660693786
400.0,63.4,600.0,12000,8.333333333333334,-3.619293701358806,0.0049327359266952,0.9304458018750252,-670.7902915710928,7.753715015625211,6.9330171324663095,927.8486377931666,1.940578659710593
400.0,90.0,50.0,3000,2.0833333333333335,-4.949487980173897e-16,-2.0207818219995852,1.2582508946106156e-17,-61.5661039645416,2.6213560304387827e-17,2.6213560304387824e-17,3.5103131342315014e-15,7.341756488853065e-18
400.0,90.0,50.0,6000,4.166666666666667,-4.949487980173897e-16,-2.0207818219995852,1.2582508946106156e-17,-61.5661039645416,5.2427120608775655e-17,5.242712060877565e-17,7.020626268463003e-15,1.468351297770613e-17
400.0,90.0,50.0,12000,8.333333333333334,-4.949487980173897e-16,-2.0207818219995852,1.2582508946106156e-17,-61.5661039645416,1.0485424121755131e-16,1.048542412175513e-16,1.4041252536926006e-14,2.936702595541226e-17
400.0,90.0,100.0,3000,2.0833333333333335,-4.949487980173897e-16,-2.0207818219995852,2.4756725825885394e-17,-122.01421515830866,5.157651213726124e-17,5.157651213726125e-17,6.90671949445086e-15,1.4445279018156235e-17
400.0,90.0,100.0,6000,4.166666666666667,-4.949487980173897e-16,-2.0207818219995852,2.4756725825885394e-17,-122.01421515830866,1.0315302427452249e-16,1.031530242745225e-16,1.381343898890172e-14,2.889055803631247e-17
400.0,90.0,100.0,12000,8.333333333333334,-4.949487980173897e-16,-2.0207818219995852,2.4756725825885394e-17,-122.01421515830866,2.0630604854904497e-16,2.06306048549045e-16,2.762687797780344e-14,5.778111607262494e-17
400.0,90.0,200.0,3000,2.0833333333333335,-4.949487980173897e-16,-2.0207818219995852,4.7943847798592665e-17,-239.66842054897197,9.988301624706806e-17,9.988301624706807e-17,1.337554531881165e-14,2.797471133806192e-17
400.0,90.0,200.0,6000,4.166666666666667,-4.949487980173897e-16,-2.0207818219995852,4.7943847798592665e-17,-239.66842054897197,1.9976603249413612e-16,1.9976603249413614e-16,2.67510906376233e-14,5.594942267612384e-17
400.0,90.0,200.0,12000,8.333333333333334,-4.949487980173897e-16,-2.0207818219995852,4.7943847798592665e-17,-239.66842054897197,3.9953206498827223e-16,3.995320649882723e-16,5.35021812752466e-14,1.1189884535224768e-16
400.0,90.0,400.0,3000,2.0833333333333335,-4.949487980173897e-16,-2.0207818219995852,9.007833583536416e-17,-462.7435269961364,1.876631996570087e-16,1.876631996570087e-16,2.5130374772389788e-14,5.255972473033924e-17
400.0,90.0,400.0,6000,4.166666666666667,-4.949487980173897e-16,-2.0207818219995852,9.007833583536416e-17,-462.7435269961364,3.753263993140174e-16,3.753263993140174e-16,5.0260749544779575e-14,1.0511944946067847e-16
400.0,90.0,400.0,12000,8.333333333333334,-4.949487980173897e-16,-2.0207818219995852,9.007833583536416e-17,-462.7435269961364,7.506527986280348e-16,7.506527986280348e-16,1.0052149908955915e-13,2.1023889892135695e-16
400.0,90.0,600.0,3000,2.0833333333333335,-4.949487980173897e-16,-2.0207818219995852,1.2724113301041974e-16,-670.7902915710928,2.650856937717078e-16,2.650856937717078e-16,3.549818421223521e-14,7.424381082735958e-17
400.0,90.0,600.0,6000,4.166666666666667,-4.949487980173897e-16,-2.0207818219995852,1.2724113301041974e-16,-670.7902915710928,5.301713875434156e-16,5.301713875434156e-16,7.099636842447043e-14,1.4848762165471915e-16
400.0,90.0,600.0,12000,8.333333333333334,-4.949487980173897e-16,-2.0207818219995852,1.2724113301041974e-16,-670.7902915710928,1.0603427750868312e-15,1.0603427750868312e-15,1.4199273684894085e-13,2.969752433094383e-16
400.0,98.0,50.0,3000,2.0833333333333335,1.1249538901256524,-1.8250776703422427,-0.028598397335567627,-61.5661039645416,0.05957999444909923,0.059000166038742974,7.900836292824458,0.0165244563382545
400.0,98.0,50.0,6000,4.166666666666667,1.1249538901256524,-1.8250776703422427,-0.028598397335567627,-61.5661039645416,0.11915998889819845,0.11800033207748595,15.801670491178333,0.033048908295961625
400.0,98.0,50.0,12000,8.333333333333334,1.1249538901256524,-1.8250776703422427,-0.028598397335567627,-61.5661039645416,0.2383199777963969,0.2360006641549719,31.603324226595323,0.06609778154755118
400.0,98.0,100.0,3000,2.0833333333333335,1.1249538901256524,-1.8250776703422427,-0.05626880019946127,-122.01421515830866,0.11722666708221098,0.1160858252165121,15.545294974233496,0.03251270353497956
400.0,98.0,100.0,6000,4.166666666666667,1.1249538901256524,-1.8250776703422427,-0.05626880019946127,-122.01421515830866,0.23445333416442196,0.2321716504330242,31.09057399511087,0.06502537370380305
400.0,98.0,100.0,12000,8.333333333333334,1.1249538901256524,-1.8250776703422427,-0.05626880019946127,-122.01421515830866,0.4689066683288439,0.4643433008660484,62.181020363471,0.13005048047856316
400.0,98.0,200.0,3000,2.0833333333333335,1.1249538901256524,-1.8250776703422427,-0.10897009610825249,-239.66842054897197,0.2270210335588594,0.22481168046604696,30.104986857082842,0.06296403601418651
400.0,98.0,200.0,6000,4.166666666666667,1.1249538901256524,-1.8250776703422427,-0.10897009610825249,-239.66842054897197,0.4540420671177188,0.44962336093209393,60.20985784422345,0.1259278296884826
400.0,98.0,200.0,12000,8.333333333333334,1.1249538901256524,-1.8250776703422427,-0.10897009610825249,-239.66842054897197,0.9080841342354375,0.8992467218641879,120.41878873158481,0.25185372066343825
400.0,98.0,400.0,3000,2.0833333333333335,1.1249538901256524,-1.8250776703422427,-0.20473627720675372,-462.7435269961364,0.4265339108474036,0.42238291214764756,56.562058321397224,0.11829852290226404
400.0,98.0,400.0,6000,4.166666666666667,1.1249538901256524,-1.8250776703422427,-0.20473627720675372,-462.7435269961364,0.8530678216948072,0.8447658242952951,113.12334816355819,0.23659543854409187
400.0,98.0,400.0,12000,8.333333333333334,1.1249538901256524,-1.8250776703422427,-0.20473627720675372,-462.7435269961364,1.7061356433896144,1.6895316485905902,226.24054855587164,0.47317801913571567
400.0,98.0,600.0,3000,2.0833333333333335,1.1249538901256524,-1.8250776703422427,-0.28920245515787285,-670.7902915710928,0.6025051149122351,0.596641576551057,79.89717059666516,0.16710348856028354
400.0,98.0,600.0,6000,4.166666666666667,1.1249538901256524,-1.8250776703422427,-0.28920245515787285,-670.7902915710928,1.2050102298244703,1.193283153102114,159.79217522456366,0.3342024470360307
400.0,98.0,600.0,12000,8.333333333333334,1.1249538901256524,-1.8250776703422427,-0.28920245515787285,-670.7902915710928,2.4100204596489405,2.386566306204228,319.5670230513019,0.6683686541326157
800.0,0.0,50.0,3000,2.0833333333333335,-6.612036424933493,6.612036424933493,0.1588597012177609,-53.363742986264896,0.33095771087033526,0.0,0.0,0.0
800.0,0.0,50.0,6000,4.166666666666667,-6.612036424933493,6.612036424933493,0.1588597012177609,-53.363742986264896,0.6619154217406705,0.0,0.0,0.0
800.0,0.0,50.0,12000,8.333333333333334,-6.612036424933493,6.612036424933493,0.1588597012177609,-53.363742986264896,1.323830843481341,0.0,0.0,0.0
800.0,0.0,100.0,3000,2.0833333333333335,-6.612036424933493,6.612036424933493,0.3128456723841646,-105.81165956584437,0.6517618174670097,0.0,0.0,0.0
800.0,0.0,100.0,6000,4.166666666666667,-6.612036424933493,6.612036424933493,0.3128456723841646,-105.81165956584437,1.3035236349340193,0.0,0.0,0.0
800.0,0.0,100.0,12000,8.333333333333334,-6.612036424933493,6.612036424933493,0.3128456723841646,-105.81165956584437,2.6070472698680387,0.0,0.0,0.0
800.0,0.0,200.0,3000,2.0833333333333335,-6.612036424933493,6.612036424933493,0.6069145357000849,-208.04676457495646,1.2644052827085104,0.0,0.0,0.0
800.0,0.0,200.0,6000,4.166666666666667,-6.612036424933493,6.612036424933493,0.6069145357000849,-208.04676457495646,2.5288105654170208,0.0,0.0,0.0
800.0,0.0,200.0,12000,8.333333333333334,-6.612036424933493,6.612036424933493,0.6069145357000849,-208.04676457495646,5.0576211308340415,0.0,0.0,0.0
800.0,0.0,400.0,3000,2.0833333333333335,-6.612036424933493,6.612036424933493,1.1440439968918887,-402.44537554868856,2.3834249935247684,0.0,0.0,0.0
800.0,0.0,400.0,6000,4.166666666666667,-6.612036424933493,6.612036424933493,1.1440439968918887,-402.44537554868856,4.766849987049537,0.0,0.0,0.0
800.0,0.0,400.0,12000,8.333333333333334,-6.612036424933493,6.612036424933493,1.1440439968918887,-402.44537554868856,9.533699974099074,0.0,0.0,0.0
800.0,0.0,600.0,3000,2.0833333333333335,-6.612036424933493,6.612036424933493,1.6209500612902854,-584.4172215806874,3.3769792943547614,0.0,0.0,0.0
800.0,0.0,600.0,6000,4.166666666666667,-6.612036424933493,6.612036424933493,1.6209500612902854,-584.4172215806874,6.753958588709523,0.0,0.0,0.0
800.0,0.0,600.0,12000,8.333333333333334,-6.612036424933493,6.612036424933493,1.6209500612902854,-584.4172215806874,13.507917177419046,0.0,0.0,0.0
800.0,28.5,50.0,3000,2.0833333333333335,-5.810770759775796,4.730246870575051,0.13960862394253484,-53.363742986264896,0.29085129988028097,0.13878224567077047,18.05885449040721,0.03776976784301223
800.0,28.5,50.0,6000,4.166666666666667,-5.810770759775796,4.730246870575051,0.13960862394253484,-53.363742986264896,0.5817025997605619,0.27756449134154093,36.11768249259833,0.07553948028639915
800.0,28.5,50.0,12000,8.333333333333334,-5.810770759775796,4.730246870575051,0.13960862394253484,-53.363742986264896,1.1634051995211239,0.5551289826830819,72.23515307970104,0.15107851737628333
800.0,28.5,100.0,3000,2.0833333333333335,-5.810770759775796,4.730246870575051,0.2749341305134426,-105.81165956584437,0.5727794385696722,0.27330672681009927,35.56364803066792,0.07438072722067976
800.0,28.5,100.0,6000,4.166666666666667,-5.810770759775796,4.730246870575051,0.2749341305134426,-105.81165956584437,1.1455588771393443,0.5466134536201985,71.12709375872699,0.1487610313291087
800.0,28.5,100.0,12000,8.333333333333334,-5.810770759775796,4.730246870575051,0.2749341305134426,-105.81165956584437,2.2911177542786887,1.093226907240397,142.25256910348799,0.2975186777746523
800.0,28.5,200.0,3000,2.0833333333333335,-5.810770759775796,4.730246870575051,0.5333668798965262,-208.04676457495646,1.1111809997844297,0.5302097482811706,68.99260653577623,0.14429678987251188
800.0,28.5,200.0,6000,4.166666666666667,-5.810770759775796,4.730246870575051,0.5333668798965262,-208.04676457495646,2.2223619995688595,1.0604194965623412,137.98373603263468,0.2885904905448173
800.0,28.5,200.0,12000,8.333333333333334,-5.810770759775796,4.730246870575051,0.5333668798965262,-208.04676457495646,4.444723999137719,2.1208389931246825,275.9556559436548,0.5771562678847951
800.0,28.5,400.0,3000,2.0833333333333335,-5.810770759775796,4.730246870575051,1.0054054421067844,-402.44537554868856,2.094594671055801,0.9994541964873682,130.0510263045806,0.27199937149273334
800.0,28.5,400.0,6000,4.166666666666667,-5.810770759775796,4.730246870575051,1.0054054421067844,-402.44537554868856,4.189189342111602,1.9989083929747364,260.0921595281312,0.5439780517852605
800.0,28.5,400.0,12000,8.333333333333334,-5.810770759775796,4.730246870575051,1.0054054421067844,-402.44537554868856,8.378378684223204,3.997816785949473,520.1051789234104,1.087790583412724
800.0,28.5,600.0,3000,2.0833333333333335,-5.810770759775796,4.730246870575051,1.424518652632364,-584.4172215806874,2.967747192984092,1.416086571368222,184.26173022139724,0.3853800791468138
800.0,28.5,600.0,6000,4.166666666666667,-5.810770759775796,4.730246870575051,1.424518652632364,-584.4172215806874,5.935494385968184,2.832173142736444,368.49532174658793,0.7707013067189781
800.0,28.5,600.0,12000,8.333333333333334,-5.810770759775796,4.730246870575051,1.424518652632364,-584.4172215806874,11.870988771936368,5.664346285472888,736.7655597053088,1.5409318547628983
800.0,51.6,50.0,3000,2.0833333333333335,-4.107051748466773,1.5358484900769889,0.09867535078708754,-53.363742986264896,0.20557364747309906,0.1611067225232764,20.963795463815963,0.043845399396585286
800.0,51.6,50.0,6000,4.166666666666667,-4.107051748466773,1.5358484900769889,0.09867535078708754,-53.363742986264896,0.4111472949461981,0.3222134450465528,41.92754949028786,0.08769071212771423
800.0,51.6,50.0,12000,8.333333333333334,-4.107051748466773,1.5358484900769889,0.09867535078708754,-53.363742986264896,0.8222945898923962,0.6444268900931056,83.85476748231463,0.17538073093280557
800.0,51.6,100.0,3000,2.0833333333333335,-4.107051748466773,1.5358484900769889,0.194323394971099,-105.81165956584437,0.4048404061897896,0.31727077759207356,41.28439383108825,0.08634556368832721
800.0,51.6,100.0,6000,4.166666666666667,-4.107051748466773,1.5358484900769889,0.194323394971099,-105.81165956584437,0.8096808123795792,0.6345415551841471,82.56847118636311,0.17269046547320943
800.0,51.6,100.0,12000,8.333333333333334,-4.107051748466773,1.5358484900769889,0.194323394971099,-105.81165956584437,1.6193616247591585,1.2690831103682942,165.13441058077515,0.3453756357493027
800.0,51.6,200.0,3000,2.0833333333333335,-4.107051748466773,1.5358484900769889,0.37698361666874874,-208.04676457495646,0.7853825347265599,0.6154991539631892,80.09064039763584,0.16750812715301253
800.0,51.6,200.0,6000,4.166666666666667,-4.107051748466773,1.5358484900769889,0.37698361666874874,-208.04676457495646,1.5707650694531199,1.2309983079263784,160.17897016538393,0.33501142166536796
800.0,51.6,200.0,12000,8.333333333333334,-4.107051748466773,1.5358484900769889,0.37698361666874874,-208.04676457495646,3.1415301389062398,2.461996615852757,320.33945569163643,0.6699841830420101
800.0,51.6,400.0,3000,2.0833333333333335,-4.107051748466773,1.5358484900769889,0.7106203892101226,-402.44537554868856,1.4804591441877555,1.1602261451381561,150.97033609151225,0.3157517298999717
800.0,51.6,400.0,6000,4.166666666666667,-4.107051748466773,1.5358484900769889,0.7106203892101226,-402.44537554868856,2.960918288375511,2.3204522902763123,301.92519585410025,0.6314710913376557
800.0,51.6,400.0,12000,8.333333333333334,-4.107051748466773,1.5358484900769889,0.7106203892101226,-402.44537554868856,5.921836576751022,4.640904580552625,603.7265905957364,1.2626832548856801
800.0,51.6,600.0,3000,2.0833333333333335,-4.107051748466773,1.5358484900769889,1.0068495325124518,-584.4172215806874,2.0976031927342746,1.6438778982116435,213.90013301812715,0.4473682630299506
800.0,51.6,600.0,6000,4.166666666666667,-4.107051748466773,1.5358484900769889,1.0068495325124518,-584.4172215806874,4.195206385468549,3.287755796423287,427.7562473108131,0.8946444616910597
800.0,51.6,600.0,12000,8.333333333333334,-4.107051748466773,1.5358484900769889,1.0068495325124518,-584.4172215806874,8.390412770937099,6.575511592846574,855.1603991681816,1.7885525221036083
800.0,63.4,50.0,3000,2.0833333333333335,-2.960599398384941,0.0040350013626920655,0.07113087491160439,-53.363742986264896,0.14818932273250915,0.13250411077562954,17.241920939094506,0.036061166082438846
800.0,63.4,50.0,6000,4.166666666666667,-2.960599398384941,0.0040350013626920655,0.07113087491160439,-53.363742986264896,0.2963786454650183,0.2650082215512591,34.48381882457334,0.07212228394865709
800.0,63.4,50.0,12000,8.333333333333334,-2.960599398384941,0.0040350013626920655,0.07113087491160439,-53.363742986264896,0.5927572909300366,0.5300164431025182,68.96745322040628,0.14424418216793627
800.0,63.4,100.0,3000,2.0833333333333335,-2.960599398384941,0.0040350013626920655,0.1400794929010404,-105.81165956584437,0.29183227687716756,0.26094306681619894,33.9548472539278,0.07101594946717332
800.0,63.4,100.0,6000,4.166666666666667,-2.960599398384941,0.0040350013626920655,0.1400794929010404,-105.81165956584437,0.5836645537543351,0.5218861336323979,67.90951843684302,0.1420315306850054
800.0,63.4,100.0,12000,8.333333333333334,-2.960599398384941,0.0040350013626920655,0.1400794929010404,-105.81165956584437,1.1673291075086702,1.0437722672647958,135.8176283110635,0.28406011538673853
800.0,63.4,200.0,3000,2.0833333333333335,-2.960599398384941,0.0040350013626920655,0.27175149890116035,-208.04676457495646,0.5661489560440841,0.5062244877290031,65.87158767590236,0.13776923532392651
800.0,63.4,200.0,6000,4.166666666666667,-2.960599398384941,0.0040350013626920655,0.27175149890116035,-208.04676457495646,1.1322979120881682,1.0124489754580062,131.7418898328995,0.27553578200829204
800.0,63.4,200.0,12000,8.333333333333334,-2.960599398384941,0.0040350013626920655,0.27175149890116035,-208.04676457495646,2.2645958241763364,2.0248979509160123,263.4734956650821,0.5510500552149168
800.0,63.4,400.0,3000,2.0833333333333335,-2.960599398384941,0.0040350013626920655,0.5122560964957324,-402.44537554868856,1.067200201032776,0.9542415813092819,124.16800746080968,0.25969514388719356
800.0,63.4,400.0,6000,4.166666666666667,-2.960599398384941,0.0040350013626920655,0.5122560964957324,-402.44537554868856,2.134400402065552,1.9084831626185639,248.32740461493725,0.5193722794735498
800.0,63.4,400.0,12000,8.333333333333334,-2.960599398384941,0.0040350013626920655,0.5122560964957324,-402.44537554868856,4.268800804131104,3.8169663252371278,496.58593035881506,1.0386005000329208
800.0,63.4,600.0,3000,2.0833333333333335,-2.960599398384941,0.0040350013626920655,0.7257951208755363,-584.4172215806874,1.5120731684907007,1.3520266300170878,175.92662193140166,0.36794735077377505
800.0,63.4,600.0,6000,4.166666666666667,-2.960599398384941,0.0040350013626920655,0.7257951208755363,-584.4172215806874,3.0241463369814015,2.7040532600341756,351.8287536950037,0.7358434808041348
800.0,63.4,600.0,12000,8.333333333333334,-2.960599398384941,0.0040350013626920655,0.7257951208755363,-584.4172215806874,6.048292673962803,5.408106520068351,703.4616065023114,1.4712772384415842
800.0,90.0,50.0,3000,2.0833333333333335,-4.048704621820256e-16,-1.6530091062333732,9.727351230491765e-18,-53.363742986264896,2.0265315063524513e-17,2.0265315063524513e-17,2.6369977199244276e-15,5.5152330806477616e-18
800.0,90.0,50.0,6000,4.166666666666667,-4.048704621820256e-16,-1.6530091062333732,9.727351230491765e-18,-53.363742986264896,4.0530630127049025e-17,4.0530630127049025e-17,5.273995439848855e-15,1.1030466161295523e-17
800.0,90.0,50.0,12000,8.333333333333334,-4.048704621820256e-16,-1.6530091062333732,9.727351230491765e-18,-53.363742986264896,8.106126025409805e-17,8.106126025409805e-17,1.054799087969771e-14,2.2060932322591046e-17
800.0,90.0,100.0,3000,2.0833333333333335,-4.048704621820256e-16,-1.6530091062333732,1.9156272565618423e-17,-105.81165956584437,3.990890117837172e-17,3.990890117837172e-17,5.193093770423345e-15,1.0861261781586013e-17
800.0,90.0,100.0,6000,4.166666666666667,-4.048704621820256e-16,-1.6530091062333732,1.9156272565618423e-17,-105.81165956584437,7.981780235674344e-17,7.981780235674344e-17,1.038618754084669e-14,2.1722523563172026e-17
800.0,90.0,100.0,12000,8.333333333333334,-4.048704621820256e-16,-1.6530091062333732,1.9156272565618423e-17,-105.81165956584437,1.5963560471348687e-16,1.5963560471348687e-16,2.077237508169338e-14,4.344504712634405e-17
800.0,90.0,200.0,3000,2.0833333333333335,-4.048704621820256e-16,-1.6530091062333732,3.7162797175055576e-17,-208.04676457495646,7.742249411469913e-17,7.742249411469913e-17,1.0074501176584042e-14,2.10706371644923e-17
800.0,90.0,200.0,6000,4.166666666666667,-4.048704621820256e-16,-1.6530091062333732,3.7162797175055576e-17,-208.04676457495646,1.5484498822939825e-16,1.5484498822939825e-16,2.0149002353168084e-14,4.21412743289846e-17
800.0,90.0,200.0,12000,8.333333333333334,-4.048704621820256e-16,-1.6530091062333732,3.7162797175055576e-17,-208.04676457495646,3.096899764587965e-16,3.096899764587965e-16,4.029800470633617e-14,8.42825486579692e-17
800.0,90.0,400.0,3000,2.0833333333333335,-4.048704621820256e-16,-1.6530091062333732,7.00524909438698e-17,-402.44537554868856,1.4594268946639542e-16,1.4594268946639542e-16,1.8990602325014674e-14,3.9718501602401404e-17
800.0,90.0,400.0,6000,4.166666666666667,-4.048704621820256e-16,-1.6530091062333732,7.00524909438698e-17,-402.44537554868856,2.9188537893279085e-16,2.9188537893279085e-16,3.798120465002935e-14,7.943700320480281e-17
800.0,90.0,400.0,12000,8.333333333333334,-4.048704621820256e-16,-1.6530091062333732,7.00524909438698e-17,-402.44537554868856,5.837707578655817e-16,5.837707578655817e-16,7.59624093000587e-14,1.5887400640960562e-16
800.0,90.0,600.0,3000,2.0833333333333335,-4.048704621820256e-16,-1.6530091062333732,9.92545652068427e-17,-584.4172215806874,2.0678034418092229e-16,2.0678034418092226e-16,2.6907022882251023e-14,5.627555214806557e-17
800.0,90.0,600.0,6000,4.166666666666667,-4.048704621820256e-16,-1.6530091062333732,9.92545652068427e-17,-584.4172215806874,4.1356068836184457e-16,4.1356068836184452e-16,5.3814045764502045e-14,1.1255110429613114e-16
800.0,90.0,600.0,12000,8.333333333333334,-4.048704621820256e-16,-1.6530091062333732,9.92545652068427e-17,-584.4172215806874,8.271213767236891e-16,8.2712137672368905e-16,1.0762809152900409e-13,2.251022085922623e-16
800.0,98.0,50.0,3000,2.0833333333333335,0.9202176129188988,-1.4929221827983843,-0.022108997236065363,-53.363742986264896,0.04606041090846951,0.045612154155773264,5.935221976884024,0.01241340951513469
800.0,98.0,50.0,6000,4.166666666666667,0.9202176129188988,-1.4929221827983843,-0.022108997236065363,-53.363742986264896,0.09212082181693902,0.09122430831154653,11.87044301341081,0.02482681706352921
800.0,98.0,50.0,12000,8.333333333333334,0.9202176129188988,-1.4929221827983843,-0.022108997236065363,-53.363742986264896,0.18424164363387804,0.18244861662309306,23.740878503964623,0.04965361839313895
800.0,98.0,100.0,3000,2.0833333333333335,0.9202176129188988,-1.4929221827983843,-0.04353970234764087,-105.81165956584437,0.0907077132242518,0.08982495199454403,11.6883536526345,0.02444598045582206
800.0,98.0,100.0,6000,4.166666666666667,0.9202176129188988,-1.4929221827983843,-0.04353970234764087,-105.81165956584437,0.1814154264485036,0.17964990398908806,23.376700123324365,0.04889194589073669
800.0,98.0,100.0,12000,8.333333333333334,0.9202176129188988,-1.4929221827983843,-0.04353970234764087,-105.81165956584437,0.3628308528970072,0.3592998079781761,46.75334279111816,0.09778377161426942
800.0,98.0,200.0,3000,2.0833333333333335,0.9202176129188988,-1.4929221827983843,-0.08446617795111913,-208.04676457495646,0.17597120406483155,0.17425866440340954,22.675172932727037,0.047424714448205466
800.0,98.0,200.0,6000,4.166666666666667,0.9202176129188988,-1.4929221827983843,-0.08446617795111913,-208.04676457495646,0.3519424081296631,0.34851732880681907,45.35029342891371,0.09484931922633429
800.0,98.0,200.0,12000,8.333333333333334,0.9202176129188988,-1.4929221827983843,-0.08446617795111913,-208.04676457495646,0.7038848162593262,0.6970346576136381,90.70016736623211,0.1896977610935772
800.0,98.0,400.0,3000,2.0833333333333335,0.9202176129188988,-1.4929221827983843,-0.1592201506821916,-402.44537554868856,0.3317086472545659,0.32848048150165776,42.74303615705752,0.08939628775541106
800.0,98.0,400.0,6000,4.166666666666667,0.9202176129188988,-1.4929221827983843,-0.1592201506821916,-402.44537554868856,0.6634172945091318,0.6569609630033155,85.48572109434694,0.17879184094102368
800.0,98.0,400.0,12000,8.333333333333334,0.9202176129188988,-1.4929221827983843,-0.1592201506821916,-402.44537554868856,1.3268345890182636,1.313921926006631,170.96863244786488,0.35757780535987554
800.0,98.0,600.0,3000,2.0833333333333335,0.9202176129188988,-1.4929221827983843,-0.22559264653117708,-584.4172215806874,0.4699846802732856,0.46541082167235104,60.560810310478075,0.12666184042993972
800.0,98.0,600.0,6000,4.166666666666667,0.9202176129188988,-1.4929221827983843,-0.22559264653117708,-584.4172215806874,0.9399693605465712,0.9308216433447021,121.12062163638973,0.2533215915017104
800.0,98.0,600.0,12000,8.333333333333334,0.9202176129188988,-1.4929221827983843,-0.22559264653117708,-584.4172215806874,1.8799387210931424,1.8616432866894042,242.23325149512056,0.5066264683448587
2000.0,0.0,50.0,3000,2.0833333333333335,-3.8471894169606475,3.8471894169606475,0.07935828315542005,-36.29034247853207,0.1653297565737918,0.0,0.0,0.0
2000.0,0.0,50.0,6000,4.166666666666667,-3.8471894169606475,3.8471894169606475,0.07935828315542005,-36.29034247853207,0.3306595131475836,0.0,0.0,0.0
2000.0,0.0,50.0,12000,8.333333333333334,-3.8471894169606475,3.8471894169606475,0.07935828315542005,-36.29034247853207,0.6613190262951671,0.0,0.0,0.0
2000.0,0.0,100.0,3000,2.0833333333333335,-3.8471894169606475,3.8471894169606475,0.1566242358541464,-72.04596819402694,0.32630049136280503,0.0,0.0,0.0
2000.0,0.0,100.0,6000,4.166666666666667,-3.8471894169606475,3.8471894169606475,0.1566242358541464,-72.04596819402694,0.6526009827256101,0.0,0.0,0.0
2000.0,0.0,100.0,12000,8.333333333333334,-3.8471894169606475,3.8471894169606475,0.1566242358541464,-72.04596819402694,1.3052019654512201,0.0,0.0,0.0
2000.0,0.0,200.0,3000,2.0833333333333335,-3.8471894169606475,3.8471894169606475,0.3051447522751155,-141.99664423886261,0.6357182339064906,0.0,0.0,0.0
2000.0,0.0,200.0,6000,4.166666666666667,-3.8471894169606475,3.8471894169606475,0.3051447522751155,-141.99664423886261,1.2714364678129813,0.0,0.0,0.0
2000.0,0.0,200.0,12000,8.333333333333334,-3.8471894169606475,3.8471894169606475,0.3051447522751155,-141.99664423886261,2.5428729356259625,0.0,0.0,0.0
2000.0,0.0,400.0,3000,2.0833333333333335,-3.8471894169606475,3.8471894169606475,0.5798641023179016,-275.94512572782685,1.2080502131622952,0.0,0.0,0.0
2000.0,0.0,400.0,6000,4.166666666666667,-3.8471894169606475,3.8471894169606475,0.5798641023179016,-275.94512572782685,2.4161004263245904,0.0,0.0,0.0
2000.0,0.0,400.0,12000,8.333333333333334,-3.8471894169606475,3.8471894169606475,0.5798641023179016,-275.94512572782685,4.832200852649181,0.0,0.0,0.0
2000.0,0.0,600.0,3000,2.0833333333333335,-3.8471894169606475,3.8471894169606475,0.8277851268831582,-402.4698955898879,1.7245523476732463,0.0,0.0,0.0
2000.0,0.0,600.0,6000,4.166666666666667,-3.8471894169606475,3.8471894169606475,0.8277851268831582,-402.4698955898879,3.4491046953464926,0.0,0.0,0.0
2000.0,0.0,600.0,12000,8.333333333333334,-3.8471894169606475,3.8471894169606475,0.8277851268831582,-402.4698955898879,6.898209390692985,0.0,0.0,0.0
2000.0,28.5,50.0,3000,2.0833333333333335,-3.380975895277026,2.752276988593662,0.06974141726845667,-36.29034247853207,0.14529461930928475,0.06932860042201007,8.349683064145237,0.017463211249806432
2000.0,28.5,50.0,6000,4.166666666666667,-3.380975895277026,2.752276988593662,0.06974141726845667,-36.29034247853207,0.2905892386185695,0.13865720084402014,16.699363072035474,0.03492641610751076
2000.0,28.5,50.0,12000,8.333333333333334,-3.380975895277026,2.752276988593662,0.06974141726845667,-36.29034247853207,0.581178477237139,0.2773144016880403,33.398701694037634,0.06985278107821866
2000.0,28.5,100.0,3000,2.0833333333333335,-3.380975895277026,2.752276988593662,0.1376440587262276,-72.04596819402694,0.2867584556796408,0.13682930920605726,16.47921863432274,0.03446598799404669
2000.0,28.5,100.0,6000,4.166666666666667,-3.380975895277026,2.752276988593662,0.1376440587262276,-72.04596819402694,0.5735169113592816,0.27365861841211453,32.95841377288119,0.06893192684712691
2000.0,28.5,100.0,12000,8.333333333333334,-3.380975895277026,2.752276988593662,0.1376440587262276,-72.04596819402694,1.1470338227185632,0.5473172368242291,65.91663957984903,0.13786346056694262
2000.0,28.5,200.0,3000,2.0833333333333335,-3.380975895277026,2.752276988593662,0.2681664301383677,-141.99664423886261,0.5586800627882661,0.26657908614180925,32.10578311673479,0.06714866523684089
2000.0,28.5,200.0,6000,4.166666666666667,-3.380975895277026,2.752276988593662,0.2681664301383677,-141.99664423886261,1.1173601255765322,0.5331581722836185,64.2113924814084,0.13429696707438551
2000.0,28.5,200.0,12000,8.333333333333334,-3.380975895277026,2.752276988593662,0.2681664301383677,-141.99664423886261,2.2347202511530644,1.066316344567237,128.42139495196926,0.2685910269662009
2000.0,28.5,400.0,3000,2.0833333333333335,-3.380975895277026,2.752276988593662,0.5095944961353407,-275.94512572782685,1.06165520028196,0.5065780791897062,61.0102160413618,0.12760176439531715
2000.0,28.5,400.0,6000,4.166666666666667,-3.380975895277026,2.752276988593662,0.5095944961353407,-275.94512572782685,2.12331040056392,1.0131561583794124,122.01923977217763,0.25520103509467246
2000.0,28.5,400.0,12000,8.333333333333334,-3.380975895277026,2.752276988593662,0.5095944961353407,-275.94512572782685,4.24662080112784,2.026312316758825,244.02894119979365,0.5103821209140523
2000.0,28.5,600.0,3000,2.0833333333333335,-3.380975895277026,2.752276988593662,0.7274717351119755,-402.4698955898879,1.5155661148166157,0.7231656484373677,87.09485290478104,0.1821573110455193
2000.0,28.5,600.0,6000,4.166666666666667,-3.380975895277026,2.752276988593662,0.7274717351119755,-402.4698955898879,3.0311322296332315,1.4463312968747355,174.18623715246235,0.3643073674573932
2000.0,28.5,600.0,12000,8.333333333333334,-3.380975895277026,2.752276988593662,0.7274717351119755,-402.4698955898879,6.062264459266463,2.892662593749471,348.3447258769822,0.728556699579159
2000.0,51.6,50.0,3000,2.0833333333333335,-2.3896731666553133,0.8936278745830735,0.049293221428686806,-36.29034247853207,0.1026942113097642,0.08048078150869947,9.692810759372575,0.02027233855404403
2000.0,51.6,50.0,6000,4.166666666666667,-2.3896731666553133,0.8936278745830735,0.049293221428686806,-36.29034247853207,0.2053884226195284,0.16096156301739895,19.385616737634116,0.04054466710848073
2000.0,51.6,50.0,12000,8.333333333333334,-2.3896731666553133,0.8936278745830735,0.049293221428686806,-36.29034247853207,0.4107768452390568,0.3219231260347979,38.771195226394106,0.08108925422013237
2000.0,51.6,100.0,3000,2.0833333333333335,-2.3896731666553133,0.8936278745830735,0.09728679643858956,-72.04596819402694,0.20268082591372827,0.15883963719398636,19.13005998566117,0.04001017477964228
2000.0,51.6,100.0,6000,4.166666666666667,-2.3896731666553133,0.8936278745830735,0.09728679643858956,-72.04596819402694,0.40536165182745654,0.3176792743879727,38.260083215276964,0.08002027268467983
2000.0,51.6,100.0,12000,8.333333333333334,-2.3896731666553133,0.8936278745830735,0.09728679643858956,-72.04596819402694,0.8107233036549131,0.6353585487759454,76.51987238261465,0.1600399303734081
2000.0,51.6,200.0,3000,2.0833333333333335,-2.3896731666553133,0.8936278745830735,0.18953998553926302,-141.99664423886261,0.39487496987346465,0.30946093035157235,37.270299563859325,0.07795015806313996
2000.0,51.6,200.0,6000,4.166666666666667,-2.3896731666553133,0.8936278745830735,0.18953998553926302,-141.99664423886261,0.7897499397469293,0.6189218607031447,74.54032731547396,0.15589974763588177
2000.0,51.6,200.0,12000,8.333333333333334,-2.3896731666553133,0.8936278745830735,0.18953998553926302,-141.99664423886261,1.5794998794938586,1.2378437214062894,149.07848014488442,0.31179494737345476
2000.0,51.6,400.0,3000,2.0833333333333335,-2.3896731666553133,0.8936278745830735,0.3601813000178397,-275.94512572782685,0.7503777083704994,0.5880661005731175,70.82422374060752,0.14812758415907598
2000.0,51.6,400.0,6000,4.166666666666667,-2.3896731666553133,0.8936278745830735,0.3601813000178397,-275.94512572782685,1.5007554167409989,1.176132201146235,141.6465822704907,0.29625126726362644
2000.0,51.6,400.0,12000,8.333333333333334,-2.3896731666553133,0.8936278745830735,0.3601813000178397,-275.94512572782685,3.0015108334819978,2.35226440229247,283.2782431499163,0.5924713267074698
2000.0,51.6,600.0,3000,2.0833333333333335,-2.3896731666553133,0.8936278745830735,0.5141768941108733,-402.4698955898879,1.071201862730986,0.8394938912975262,101.10467558760409,0.211458602029013
2000.0,51.6,600.0,6000,4.166666666666667,-2.3896731666553133,0.8936278745830735,0.5141768941108733,-402.4698955898879,2.142403725461972,1.6789877825950523,202.2039249336644,0.42290585517188944
2000.0,51.6,600.0,12000,8.333333333333334,-2.3896731666553133,0.8936278745830735,0.5141768941108733,-402.4698955898879,4.284807450923944,3.3579755651901046,404.3644416823064,0.8457209229091908
2000.0,63.4,50.0,3000,2.0833333333333335,-1.7226140240812677,0.0023477509109649,0.03553339247812161,-36.29034247853207,0.07402790099608669,0.06619236131997619,7.971965940556316,0.016673222711172265
2000.0,63.4,50.0,6000,4.166666666666667,-1.7226140240812677,0.0023477509109649,0.03553339247812161,-36.29034247853207,0.14805580199217339,0.13238472263995238,15.94392922114768,0.03334643985907589
2000.0,63.4,50.0,12000,8.333333333333334,-1.7226140240812677,0.0023477509109649,0.03553339247812161,-36.29034247853207,0.29611160398434677,0.26476944527990476,31.88783716258105,0.06669283521201383
2000.0,63.4,100.0,3000,2.0833333333333335,-1.7226140240812677,0.0023477509109649,0.07012992497949673,-72.04596819402694,0.14610401037395154,0.1306395198950918,15.733743511268917,0.03290684024492226
2000.0,63.4,100.0,6000,4.166666666666667,-1.7226140240812677,0.0023477509109649,0.07012992497949673,-72.04596819402694,0.2922080207479031,0.2612790397901836,31.467466573357058,0.06581363772075245
2000.0,63.4,100.0,12000,8.333333333333334,-1.7226140240812677,0.0023477509109649,0.07012992497949673,-72.04596819402694,0.5844160414958062,0.5225580795803672,62.93476955342735,0.13162693328910174
2000.0,63.4,200.0,3000,2.0833333333333335,-1.7226140240812677,0.0023477509109649,0.13663133593749305,-141.99664423886261,0.28464861653644385,0.25451976648652586,30.653406430979164,0.0641110456430437
2000.0,63.4,200.0,6000,4.166666666666667,-1.7226140240812677,0.0023477509109649,0.13663133593749305,-141.99664423886261,0.5692972330728877,0.5090395329730517,61.30666163948354,0.12822177500701396
2000.0,63.4,200.0,12000,8.333333333333334,-1.7226140240812677,0.0023477509109649,0.13663133593749305,-141.99664423886261,1.1385944661457754,1.0180790659461034,122.61211350364508,0.2564410197908026
2000.0,63.4,400.0,3000,2.0833333333333335,-1.7226140240812677,0.0023477509109649,0.2596394215243107,-275.94512572782685,0.5409154615089806,0.4836618516801772,58.25029501524272,0.12182943944098859
2000.0,63.4,400.0,6000,4.166666666666667,-1.7226140240812677,0.0023477509109649,0.2596394215243107,-275.94512572782685,1.0818309230179612,0.9673237033603544,116.49955232073654,0.24365670853078877
2000.0,63.4,400.0,12000,8.333333333333334,-1.7226140240812677,0.0023477509109649,0.2596394215243107,-275.94512572782685,2.1636618460359225,1.934647406720709,232.9908030744002,0.487296054484054
2000.0,63.4,600.0,3000,2.0833333333333335,-1.7226140240812677,0.0023477509109649,0.37064831333970316,-402.4698955898879,0.7721839861243817,0.6904515828126276,83.1549652141225,0.17391710713431546
2000.0,63.4,600.0,6000,4.166666666666667,-1.7226140240812677,0.0023477509109649,0.37064831333970316,-402.4698955898879,1.5443679722487633,1.3809031656252553,166.30691153277834,0.3478279003033139
2000.0,63.4,600.0,12000,8.333333333333334,-1.7226140240812677,0.0023477509109649,0.37064831333970316,-402.4698955898879,3.0887359444975266,2.7618063312505106,332.58967255941576,0.6956052902594339
2000.0,90.0,50.0,3000,2.0833333333333335,-2.3557241025972147e-16,-0.9617973542401619,4.8592933726057224e-18,-36.29034247853207,1.0123527859595256e-17,1.0123527859595256e-17,1.2192407427932187e-15,2.55001998186006e-18
2000.0,90.0,50.0,6000,4.166666666666667,-2.3557241025972147e-16,-0.9617973542401619,4.8592933726057224e-18,-36.29034247853207,2.0247055719190512e-17,2.0247055719190512e-17,2.4384814855864375e-15,5.10003996372012e-18
2000.0,90.0,50.0,12000,8.333333333333334,-2.3557241025972147e-16,-0.9617973542401619,4.8592933726057224e-18,-36.29034247853207,4.0494111438381025e-17,4.0494111438381025e-17,4.876962971172875e-15,1.020007992744024e-17
2000.0,90.0,100.0,3000,2.0833333333333335,-2.3557241025972147e-16,-0.9617973542401619,9.590468455384025e-18,-72.04596819402694,1.9980142615383386e-17,1.9980142615383386e-17,2.4063354456426057e-15,5.032807102056847e-18
2000.0,90.0,100.0,6000,4.166666666666667,-2.3557241025972147e-16,-0.9617973542401619,9.590468455384025e-18,-72.04596819402694,3.996028523076677e-17,3.996028523076677e-17,4.8126708912852114e-15,1.0065614204113694e-17
2000.0,90.0,100.0,12000,8.333333333333334,-2.3557241025972147e-16,-0.9617973542401619,9.590468455384025e-18,-72.04596819402694,7.992057046153355e-17,7.992057046153355e-17,9.625341782570423e-15,2.0131228408227388e-17
2000.0,90.0,200.0,3000,2.0833333333333335,-2.3557241025972147e-16,-0.9617973542401619,1.86847272075166e-17,-141.99664423886261,3.892651501565959e-17,3.892651501565959e-17,4.688167380016643e-15,9.80521736007513e-18
2000.0,90.0,200.0,6000,4.166666666666667,-2.3557241025972147e-16,-0.9617973542401619,1.86847272075166e-17,-141.99664423886261,7.785303003131918e-17,7.785303003131918e-17,9.376334760033286e-15,1.961043472015026e-17
2000.0,90.0,200.0,12000,8.333333333333334,-2.3557241025972147e-16,-0.9617973542401619,1.86847272075166e-17,-141.99664423886261,1.5570606006263836e-16,1.5570606006263836e-16,1.875266952006657e-14,3.922086944030052e-17
2000.0,90.0,400.0,3000,2.0833333333333335,-2.3557241025972147e-16,-0.9617973542401619,3.550643584220358e-17,-275.94512572782685,7.397174133792412e-17,7.397174133792412e-17,8.908886517171522e-15,1.863277516699913e-17
2000.0,90.0,400.0,6000,4.166666666666667,-2.3557241025972147e-16,-0.9617973542401619,3.550643584220358e-17,-275.94512572782685,1.4794348267584825e-16,1.4794348267584825e-16,1.7817773034343044e-14,3.726555033399826e-17
2000.0,90.0,400.0,12000,8.333333333333334,-2.3557241025972147e-16,-0.9617973542401619,3.550643584220358e-17,-275.94512572782685,2.958869653516965e-16,2.958869653516965e-16,3.563554606868609e-14,7.453110066799652e-17
2000.0,90.0,600.0,3000,2.0833333333333335,-2.3557241025972147e-16,-0.9617973542401619,5.068722030096226e-17,-402.4698955898879,1.0559837562700472e-16,1.0559837562700471e-16,1.271788290829814e-14,2.6599222290439e-17
2000.0,90.0,600.0,6000,4.166666666666667,-2.3557241025972147e-16,-0.9617973542401619,5.068722030096226e-17,-402.4698955898879,2.1119675125400944e-16,2.1119675125400941e-16,2.543576581659628e-14,5.3198444580878e-17
2000.0,90.0,600.0,12000,8.333333333333334,-2.3557241025972147e-16,-0.9617973542401619,5.068722030096226e-17,-402.4698955898879,4.223935025080189e-16,4.2239350250801883e-16,5.087153163319256e-14,1.06396889161756e-16
2000.0,98.0,50.0,3000,2.0833333333333335,0.5354252811391592,-0.8686513583544733,-0.011044538353606744,-36.29034247853207,0.023009454903347385,0.022785528469934074,2.744205859740881,0.0057394569678217554
2000.0,98.0,50.0,6000,4.166666666666667,0.5354252811391592,-0.8686513583544733,-0.011044538353606744,-36.29034247853207,0.04601890980669477,0.04557105693986815,5.488411610981787,0.011478913708717774
2000.0,98.0,50.0,12000,8.333333333333334,0.5354252811391592,-0.8686513583544733,-0.011044538353606744,-36.29034247853207,0.09203781961338954,0.0911421138797363,10.976822353963794,0.02295782560202969
2000.0,98.0,100.0,3000,2.0833333333333335,0.5354252811391592,-0.8686513583544733,-0.021797880589322183,-72.04596819402694,0.04541225122775455,0.0449703023205155,5.4160589231308025,0.011327589369491206
2000.0,98.0,100.0,6000,4.166666666666667,0.5354252811391592,-0.8686513583544733,-0.021797880589322183,-72.04596819402694,0.0908245024555091,0.089940604641031,10.832117012139301,0.022655176994430686
2000.0,98.0,100.0,12000,8.333333333333334,0.5354252811391592,-0.8686513583544733,-0.021797880589322183,-72.04596819402694,0.1816490049110182,0.179881209282062,21.66422735130096,0.04531034003244921
2000.0,98.0,200.0,3000,2.0833333333333335,0.5354252811391592,-0.8686513583544733,-0.042467941415818805,-141.99664423886261,0.08847487794962251,0.08761384651931885,10.551890841128367,0.022069089021450924
2000.0,98.0,200.0,6000,4.166666666666667,0.5354252811391592,-0.8686513583544733,-0.042467941415818805,-141.99664423886261,0.17694975589924503,0.1752276930386377,21.103775513885434,0.044138165141864735
2000.0,98.0,200.0,12000,8.333333333333334,0.5354252811391592,-0.8686513583544733,-0.042467941415818805,-141.99664423886261,0.35389951179849005,0.3504553860772754,42.20750168082211,0.08827622707547784
2000.0,98.0,400.0,3000,2.0833333333333335,0.5354252811391592,-0.8686513583544733,-0.08070148525500703,-275.94512572782685,0.16812809428126466,0.1664918832251086,20.051667636919106,0.041937700528789125
2000.0,98.0,400.0,6000,4.166666666666667,0.5354252811391592,-0.8686513583544733,-0.08070148525500703,-275.94512572782685,0.3362561885625293,0.3329837664502172,40.10329294549243,0.08387531252860791
2000.0,98.0,400.0,12000,8.333333333333334,0.5354252811391592,-0.8686513583544733,-0.08070148525500703,-275.94512572782685,0.6725123771250586,0.6659675329004344,80.2062472647547,0.16774991682657442
2000.0,98.0,600.0,3000,2.0833333333333335,0.5354252811391592,-0.8686513583544733,-0.11520542303695024,-402.4698955898879,0.24001129799364634,0.23767552454032567,28.624752095488255,0.05986815175816782
2000.0,98.0,600.0,6000,4.166666666666667,0.5354252811391592,-0.8686513583544733,-0.11520542303695024,-402.4698955898879,0.4800225959872927,0.47535104908065134,57.24938104924827,0.1197360459676362
2000.0,98.0,600.0,12000,8.333333333333334,0.5354252811391592,-0.8686513583544733,-0.11520542303695024,-402.4698955898879,0.9600451919745854,0.9507020981613027,114.49777696784912,0.23947003155232463
8000.0,0.0,50.0,3000,2.0833333333333335,-0.5803096643801001,0.5803096643801001,0.007011637362122345,-9.426790190435304,0.014607577837754888,0.0,0.0,0.0
8000.0,0.0,50.0,6000,4.166666666666667,-0.5803096643801001,0.5803096643801001,0.007011637362122345,-9.426790190435304,0.029215155675509776,0.0,0.0,0.0
8000.0,0.0,50.0,12000,8.333333333333334,-0.5803096643801001,0.5803096643801001,0.007011637362122345,-9.426790190435304,0.05843031135101955,0.0,0.0,0.0
8000.0,0.0,100.0,3000,2.0833333333333335,-0.5803096643801001,0.5803096643801001,0.013914725727494803,-18.772222510400788,0.02898901193228084,0.0,0.0,0.0
8000.0,0.0,100.0,6000,4.166666666666667,-0.5803096643801001,0.5803096643801001,0.013914725727494803,-18.772222510400788,0.05797802386456168,0.0,0.0,0.0
8000.0,0.0,100.0,12000,8.333333333333334,-0.5803096643801001,0.5803096643801001,0.013914725727494803,-18.772222510400788,0.11595604772912337,0.0,0.0,0.0
8000.0,0.0,200.0,3000,2.0833333333333335,-0.5803096643801001,0.5803096643801001,0.027403397479913726,-37.22291698403269,0.057090411416486936,0.0,0.0,0.0
8000.0,0.0,200.0,6000,4.166666666666667,-0.5803096643801001,0.5803096643801001,0.027403397479913726,-37.22291698403269,0.11418082283297387,0.0,0.0,0.0
8000.0,0.0,200.0,12000,8.333333333333334,-0.5803096643801001,0.5803096643801001,0.027403397479913726,-37.22291698403269,0.22836164566594774,0.0,0.0,0.0
8000.0,0.0,400.0,3000,2.0833333333333335,-0.5803096643801001,0.5803096643801001,0.05316523355189328,-73.19011871613931,0.11076090323311101,0.0,0.0,0.0
8000.0,0.0,400.0,6000,4.166666666666667,-0.5803096643801001,0.5803096643801001,0.05316523355189328,-73.19011871613931,0.22152180646622202,0.0,0.0,0.0
8000.0,0.0,400.0,12000,8.333333333333334,-0.5803096643801001,0.5803096643801001,0.05316523355189328,-73.19011871613931,0.44304361293244404,0.0,0.0,0.0
8000.0,0.0,600.0,3000,2.0833333333333335,-0.5803096643801001,0.5803096643801001,0.07740411274809005,-107.96012132426307,0.1612585682251876,0.0,0.0,0.0
8000.0,0.0,600.0,6000,4.166666666666667,-0.5803096643801001,0.5803096643801001,0.07740411274809005,-107.96012132426307,0.3225171364503752,0.0,0.0,0.0
8000.0,0.0,600.0,12000,8.333333333333334,-0.5803096643801001,0.5803096643801001,0.07740411274809005,-107.96012132426307,0.6450342729007504,0.0,0.0,0.0
8000.0,28.5,50.0,3000,2.0833333333333335,-0.5099860637003538,0.41515318390370753,0.006161946901613161,-9.426790190435304,0.012837389378360752,0.006125472800748481,0.5630440538097169,0.0011775964643315514
8000.0,28.5,50.0,6000,4.166666666666667,-0.5099860637003538,0.41515318390370753,0.006161946901613161,-9.426790190435304,0.025674778756721504,0.012250945601496963,1.1260881060105807,0.002355192925298216
8000.0,28.5,50.0,12000,8.333333333333334,-0.5099860637003538,0.41515318390370753,0.006161946901613161,-9.426790190435304,0.05134955751344301,0.024501891202993925,2.2521761991503384,0.004710385823677338
8000.0,28.5,100.0,3000,2.0833333333333335,-0.5099860637003538,0.41515318390370753,0.012228499087320146,-18.772222510400788,0.025476039765250307,0.01215611555071132,1.117371473404939,0.002336962245713151
8000.0,28.5,100.0,6000,4.166666666666667,-0.5099860637003538,0.41515318390370753,0.012228499087320146,-18.772222510400788,0.05095207953050061,0.02431223110142264,2.2347429342356313,0.004673924465127493
8000.0,28.5,100.0,12000,8.333333333333334,-0.5099860637003538,0.41515318390370753,0.012228499087320146,-18.772222510400788,0.10190415906100123,0.04862446220284528,4.469485767877294,0.009347848719864518
8000.0,28.5,200.0,3000,2.0833333333333335,-0.5099860637003538,0.41515318390370753,0.024082574650426,-37.22291698403269,0.05017203052172084,0.023940023883451553,2.20053021904849,0.00460236918953768
8000.0,28.5,200.0,6000,4.166666666666667,-0.5099860637003538,0.41515318390370753,0.024082574650426,-37.22291698403269,0.10034406104344168,0.047880047766903105,4.40106034205276,0.009204738178200608
8000.0,28.5,200.0,12000,8.333333333333334,-0.5099860637003538,0.41515318390370753,0.024082574650426,-37.22291698403269,0.20068812208688336,0.09576009553380621,8.802119915751776,0.018409474749403246
8000.0,28.5,400.0,3000,2.0833333333333335,-0.5099860637003538,0.41515318390370753,0.04672251704407389,-73.19011871613931,0.09733857717515394,0.04644595481033067,4.269240730724153,0.008929039843088472
8000.0,28.5,400.0,6000,4.166666666666667,-0.5099860637003538,0.41515318390370753,0.04672251704407389,-73.19011871613931,0.19467715435030788,0.09289190962066134,8.538480760088015,0.01785807821929457
8000.0,28.5,400.0,12000,8.333333333333334,-0.5099860637003538,0.41515318390370753,0.04672251704407389,-73.19011871613931,0.38935430870061577,0.18578381924132267,17.07695590929441,0.03571614470353162
8000.0,28.5,600.0,3000,2.0833333333333335,-0.5099860637003538,0.41515318390370753,0.06802405887343772,-107.96012132426307,0.14171678931966195,0.06762140749974199,6.215655582819191,0.012999931334510134
8000.0,28.5,600.0,6000,4.166666666666667,-0.5099860637003538,0.41515318390370753,0.06802405887343772,-107.96012132426307,0.2834335786393239,0.13524281499948398,12.431309001175785,0.025999858142085858
8000.0,28.5,600.0,12000,8.333333333333334,-0.5099860637003538,0.41515318390370753,0.06802405887343772,-107.96012132426307,0.5668671572786478,0.27048562999896797,24.862600686655327,0.051999680068705915
8000.0,51.6,50.0,3000,2.0833333333333335,-0.3604580599037505,0.13479473864577596,0.004355262983598788,-9.426790190435304,0.009073464549164143,0.007110814802457889,0.6536151774462291,0.001367024332796241
8000.0,51.6,50.0,6000,4.166666666666667,-0.3604580599037505,0.13479473864577596,0.004355262983598788,-9.426790190435304,0.018146929098328286,0.014221629604915778,1.3072303523756181,0.0027340486603285564
8000.0,51.6,50.0,12000,8.333333333333334,-0.3604580599037505,0.13479473864577596,0.004355262983598788,-9.426790190435304,0.03629385819665657,0.028443259209831557,2.6144606846165166,0.005468097278545711
8000.0,51.6,100.0,3000,2.0833333333333335,-0.3604580599037505,0.13479473864577596,0.008643100998814945,-18.772222510400788,0.018006460414197803,0.01411154521620355,1.2971115644789544,0.0027128853982892787
8000.0,51.6,100.0,6000,4.166666666666667,-0.3604580599037505,0.13479473864577596,0.008643100998814945,-18.772222510400788,0.036012920828395606,0.0282230904324071,2.5942231092871446,0.00542577075543751
8000.0,51.6,100.0,12000,8.333333333333334,-0.3604580599037505,0.13479473864577596,0.008643100998814945,-18.772222510400788,0.07202584165679121,0.0564461808648142,5.188446061208183,0.010851541181746653
8000.0,51.6,200.0,3000,2.0833333333333335,-0.3604580599037505,0.13479473864577596,0.017021559516732707,-37.22291698403269,0.03546158232652648,0.027791010055720437,2.5545069457150706,0.005342705116997975
8000.0,51.6,200.0,6000,4.166666666666667,-0.3604580599037505,0.13479473864577596,0.017021559516732707,-37.22291698403269,0.07092316465305296,0.05558202011144087,5.1090137411815215,0.010685409919753678
8000.0,51.6,200.0,12000,8.333333333333334,-0.3604580599037505,0.13479473864577596,0.017021559516732707,-37.22291698403269,0.1418463293061059,0.11116404022288175,10.218026280374135,0.021370817325569273
8000.0,51.6,400.0,3000,2.0833333333333335,-0.3604580599037505,0.13479473864577596,0.033023466808736475,-73.19011871613931,0.06879888918486766,0.05391723932546628,4.955989665100834,0.010365362829777446
8000.0,51.6,400.0,6000,4.166666666666667,-0.3604580599037505,0.13479473864577596,0.033023466808736475,-73.19011871613931,0.13759777836973533,0.10783447865093256,9.911978233015251,0.020730723364809328
8000.0,51.6,400.0,12000,8.333333333333334,-0.3604580599037505,0.13479473864577596,0.033023466808736475,-73.19011871613931,0.27519555673947066,0.2156689573018651,19.82394768854062,0.04146142837165718
8000.0,51.6,600.0,3000,2.0833333333333335,-0.3604580599037505,0.13479473864577596,0.04807939281788824,-107.96012132426307,0.10016540170393384,0.0784989699657875,7.215504218424529,0.015091096688604231
8000.0,51.6,600.0,6000,4.166666666666667,-0.3604580599037505,0.13479473864577596,0.04807939281788824,-107.96012132426307,0.20033080340786769,0.156997939931575,14.431005050830546,0.030182186295411927
8000.0,51.6,600.0,12000,8.333333333333334,-0.3604580599037505,0.13479473864577596,0.04807939281788824,-107.96012132426307,0.40066160681573537,0.31399587986315,28.861983013522536,0.06036431593647155
8000.0,63.4,50.0,3000,2.0833333333333335,-0.25983892598685626,0.00035413451107547885,0.0031395243495201536,-9.426790190435304,0.006540675728166987,0.005848372914132931,0.5375734577583402,0.0011243251729440129
8000.0,63.4,50.0,6000,4.166666666666667,-0.25983892598685626,0.00035413451107547885,0.0031395243495201536,-9.426790190435304,0.013081351456333974,0.011696745828265862,1.0751469141164398,0.002248650342959448
8000.0,63.4,50.0,12000,8.333333333333334,-0.25983892598685626,0.00035413451107547885,0.0031395243495201536,-9.426790190435304,0.026162702912667948,0.023393491656531724,2.1502938170309545,0.004497300662490272
8000.0,63.4,100.0,3000,2.0833333333333335,-0.25983892598685626,0.00035413451107547885,0.006230444899269749,-18.772222510400788,0.01298009354014531,0.011606205633492243,1.0668245984818672,0.0022312443701940628
8000.0,63.4,100.0,6000,4.166666666666667,-0.25983892598685626,0.00035413451107547885,0.006230444899269749,-18.772222510400788,0.02596018708029062,0.023212411266984485,2.133649186019931,0.004462488717499359
8000.0,63.4,100.0,12000,8.333333333333334,-0.25983892598685626,0.00035413451107547885,0.006230444899269749,-18.772222510400788,0.05192037416058124,0.04642482253396897,4.267298284489435,0.008924977251888582
8000.0,63.4,200.0,3000,2.0833333333333335,-0.25983892598685626,0.00035413451107547885,0.0122701202592894,-37.22291698403269,0.025562750540186252,0.022857041700775387,2.100984161829929,0.004394170409663271
8000.0,63.4,200.0,6000,4.166666666666667,-0.25983892598685626,0.00035413451107547885,0.0122701202592894,-37.22291698403269,0.051125501080372504,0.045714083401550774,4.201968240069235,0.008788340644498264
8000.0,63.4,200.0,12000,8.333333333333334,-0.25983892598685626,0.00035413451107547885,0.0122701202592894,-37.22291698403269,0.10225100216074501,0.09142816680310155,8.403935811413506,0.01757667989037035
8000.0,63.4,400.0,3000,2.0833333333333335,-0.25983892598685626,0.00035413451107547885,0.023805216479930887,-73.19011871613931,0.049594200999856015,0.044344864946684485,4.076111791873777,0.008525114157324695
8000.0,63.4,400.0,6000,4.166666666666667,-0.25983892598685626,0.00035413451107547885,0.023805216479930887,-73.19011871613931,0.09918840199971203,0.08868972989336897,8.15222297332932,0.017050227037970683
8000.0,63.4,400.0,12000,8.333333333333334,-0.25983892598685626,0.00035413451107547885,0.023805216479930887,-73.19011871613931,0.19837680399942406,0.17737945978673794,16.304441063313316,0.03410044386251286
8000.0,63.4,600.0,3000,2.0833333333333335,-0.25983892598685626,0.00035413451107547885,0.03465839491905408,-107.96012132426307,0.072204989414696,0.06456239720609216,5.934476100564802,0.01241184952829103
8000.0,63.4,600.0,6000,4.166666666666667,-0.25983892598685626,0.00035413451107547885,0.03465839491905408,-107.96012132426307,0.144409978829392,0.12912479441218433,11.868950317322579,0.024823695116633706
8000.0,63.4,600.0,12000,8.333333333333334,-0.25983892598685626,0.00035413451107547885,0.03465839491905408,-107.96012132426307,0.288819957658784,0.25824958882436866,23.737885564192535,0.049647358713688076
8000.0,90.0,50.0,3000,2.0833333333333335,-3.5533718649868225e-17,-0.14507741609502503,4.2933896261525696e-19,-9.426790190435304,8.944561721151187e-19,8.944561721151187e-19,8.221703788826257e-17,1.7195544908063522e-19
8000.0,90.0,50.0,6000,4.166666666666667,-3.5533718649868225e-17,-0.14507741609502503,4.2933896261525696e-19,-9.426790190435304,1.7889123442302374e-18,1.7889123442302374e-18,1.6443407577652514e-16,3.4391089816127043e-19
8000.0,90.0,50.0,12000,8.333333333333334,-3.5533718649868225e-17,-0.14507741609502503,4.2933896261525696e-19,-9.426790190435304,3.577824688460475e-18,3.577824688460475e-18,3.288681515530503e-16,6.878217963225409e-19
8000.0,90.0,100.0,3000,2.0833333333333335,-3.5533718649868225e-17,-0.14507741609502503,8.520312161594908e-19,-18.772222510400788,1.775065033665606e-18,1.775065033665606e-18,1.6316125225220347e-16,3.41248810760085e-19
8000.0,90.0,100.0,6000,4.166666666666667,-3.5533718649868225e-17,-0.14507741609502503,8.520312161594908e-19,-18.772222510400788,3.550130067331212e-18,3.550130067331212e-18,3.2632250450440695e-16,6.8249762152017e-19
8000.0,90.0,100.0,12000,8.333333333333334,-3.5533718649868225e-17,-0.14507741609502503,8.520312161594908e-19,-18.772222510400788,7.100260134662424e-18,7.100260134662424e-18,6.526450090088139e-16,1.36499524304034e-18
8000.0,90.0,200.0,3000,2.0833333333333335,-3.5533718649868225e-17,-0.14507741609502503,1.6779741504769464e-18,-37.22291698403269,3.495779480160305e-18,3.495779480160305e-18,3.2132668198790167e-16,6.720489490014602e-19
8000.0,90.0,200.0,6000,4.166666666666667,-3.5533718649868225e-17,-0.14507741609502503,1.6779741504769464e-18,-37.22291698403269,6.99155896032061e-18,6.99155896032061e-18,6.426533639758033e-16,1.3440978980029204e-18
8000.0,90.0,200.0,12000,8.333333333333334,-3.5533718649868225e-17,-0.14507741609502503,1.6779741504769464e-18,-37.22291698403269,1.398311792064122e-17,1.398311792064122e-17,1.2853067279516067e-15,2.688195796005841e-18
8000.0,90.0,400.0,3000,2.0833333333333335,-3.5533718649868225e-17,-0.14507741609502503,3.2554316547623767e-18,-73.19011871613931,6.782149280754952e-18,6.782149280754951e-18,6.234047477822279e-16,1.3038397650567371e-18
8000.0,90.0,400.0,6000,4.166666666666667,-3.5533718649868225e-17,-0.14507741609502503,3.2554316547623767e-18,-73.19011871613931,1.3564298561509903e-17,1.3564298561509902e-17,1.2468094955644557e-15,2.6076795301134743e-18
8000.0,90.0,400.0,12000,8.333333333333334,-3.5533718649868225e-17,-0.14507741609502503,3.2554316547623767e-18,-73.19011871613931,2.7128597123019806e-17,2.7128597123019803e-17,2.4936189911289115e-15,5.2153590602269486e-18
8000.0,90.0,600.0,3000,2.0833333333333335,-3.5533718649868225e-17,-0.14507741609502503,4.7396349458894656e-18,-107.96012132426307,9.874239470603055e-18,9.874239470603055e-18,9.076249300763555e-16,1.8982811404634756e-18
8000.0,90.0,600.0,6000,4.166666666666667,-3.5533718649868225e-17,-0.14507741609502503,4.7396349458894656e-18,-107.96012132426307,1.974847894120611e-17,1.974847894120611e-17,1.815249860152711e-15,3.796562280926951e-18
8000.0,90.0,600.0,12000,8.333333333333334,-3.5533718649868225e-17,-0.14507741609502503,4.7396349458894656e-18,-107.96012132426307,3.949695788241222e-17,3.949695788241222e-17,3.630499720305422e-15,7.593124561853902e-18
8000.0,98.0,50.0,3000,2.0833333333333335,0.08076349550887334,-0.1310272834520949,-0.0009758313144940335,-9.426790190435304,0.002032981905195903,0.002013197065044905,0.18504998291131322,0.0003870286954040394
8000.0,98.0,50.0,6000,4.166666666666667,0.08076349550887334,-0.1310272834520949,-0.0009758313144940335,-9.426790190435304,0.004065963810391806,0.00402639413008981,0.3700999657655107,0.0007740573906886222
8000.0,98.0,50.0,12000,8.333333333333334,0.08076349550887334,-0.1310272834520949,-0.0009758313144940335,-9.426790190435304,0.008131927620783613,0.00805278826017962,0.7401999310740948,0.0015481147804215906
8000.0,98.0,100.0,3000,2.0833333333333335,0.08076349550887334,-0.1310272834520949,-0.001936555528504257,-18.772222510400788,0.004034490684383869,0.0039952272983806705,0.36723515845375776,0.0007680656979631867
8000.0,98.0,100.0,6000,4.166666666666667,0.08076349550887334,-0.1310272834520949,-0.001936555528504257,-18.772222510400788,0.008068981368767738,0.007990454596761341,0.7344703164611179,0.0015361313949927408
8000.0,98.0,100.0,12000,8.333333333333334,0.08076349550887334,-0.1310272834520949,-0.001936555528504257,-18.772222510400788,0.016137962737535476,0.015980909193522682,1.4689406293510539,0.003072262782516419
8000.0,98.0,200.0,3000,2.0833333333333335,0.08076349550887334,-0.1310272834520949,-0.003813815804120836,-37.22291698403269,0.007945449591918409,0.007868125022672541,0.7232259698769226,0.001512614047297347
8000.0,98.0,200.0,6000,4.166666666666667,0.08076349550887334,-0.1310272834520949,-0.003813815804120836,-37.22291698403269,0.015890899183836817,0.015736250045345082,1.446451936344184,0.0030252280874634493
8000.0,98.0,200.0,12000,8.333333333333334,0.08076349550887334,-0.1310272834520949,-0.003813815804120836,-37.22291698403269,0.031781798367673635,0.031472500090690164,2.892903845411076,0.006050456117876936
8000.0,98.0,400.0,3000,2.0833333333333335,0.08076349550887334,-0.1310272834520949,-0.0073991704166831065,-73.19011871613931,0.015414938368089806,0.015264921247538627,1.4031281173795325,0.002934617102960707
8000.0,98.0,400.0,6000,4.166666666666667,0.08076349550887334,-0.1310272834520949,-0.0073991704166831065,-73.19011871613931,0.030829876736179613,0.030529842495077255,2.806256209860105,0.005869234153845689
8000.0,98.0,400.0,12000,8.333333333333334,0.08076349550887334,-0.1310272834520949,-0.0073991704166831065,-73.19011871613931,0.061659753472359226,0.06105968499015451,5.612512220528533,0.011738467891085584
8000.0,98.0,600.0,3000,2.0833333333333335,0.08076349550887334,-0.1310272834520949,-0.010772570398214224,-107.96012132426307,0.022442854996279637,0.022224442674212943,2.0428366317998203,0.004272555901331726
8000.0,98.0,600.0,6000,4.166666666666667,0.08076349550887334,-0.1310272834520949,-0.010772570398214224,-107.96012132426307,0.044885709992559274,0.044448885348425886,4.0856731867591485,0.008545111641952952
8000.0,98.0,600.0,12000,8.333333333333334,0.08076349550887334,-0.1310272834520949,-0.010772570398214224,-107.96012132426307,0.08977141998511855,0.08889777069685177,8.171345758794379,0.01709022199822194
20200.0,0.0,50.0,3000,2.0833333333333335,-0.06752065058994981,0.06752065058994981,0.00044282327392711234,-2.0320120314590433,0.0009225484873481508,0.0,0.0,0.0
20200.0,0.0,50.0,6000,4.166666666666667,-0.06752065058994981,0.06752065058994981,0.00044282327392711234,-2.0320120314590433,0.0018450969746963016,0.0,0.0,0.0
20200.0,0.0,50.0,12000,8.333333333333334,-0.06752065058994981,0.06752065058994981,0.00044282327392711234,-2.0320120314590433,0.003690193949392603,0.0,0.0,0.0
20200.0,0.0,100.0,3000,2.0833333333333335,-0.06752065058994981,0.06752065058994981,0.0008819195822272461,-4.0545050203051405,0.0018373324629734295,0.0,0.0,0.0
20200.0,0.0,100.0,6000,4.166666666666667,-0.06752065058994981,0.06752065058994981,0.0008819195822272461,-4.0545050203051405,0.003674664925946859,0.0,0.0,0.0
20200.0,0.0,100.0,12000,8.333333333333334,-0.06752065058994981,0.06752065058994981,0.0008819195822272461,-4.0545050203051405,0.007349329851893718,0.0,0.0,0.0
20200.0,0.0,200.0,3000,2.0833333333333335,-0.06752065058994981,0.06752065058994981,0.0017490839044582783,-8.071182596711369,0.0036439248009547467,0.0,0.0,0.0
20200.0,0.0,200.0,6000,4.166666666666667,-0.06752065058994981,0.06752065058994981,0.0017490839044582783,-8.071182596711369,0.0072878496019094935,0.0,0.0,0.0
20200.0,0.0,200.0,12000,8.333333333333334,-0.06752065058994981,0.06752065058994981,0.0017490839044582783,-8.071182596711369,0.014575699203818987,0.0,0.0,0.0
20200.0,0.0,400.0,3000,2.0833333333333335,-0.06752065058994981,0.06752065058994981,0.0034403419938569537,-15.993016214666254,0.0071673791538686546,0.0,0.0,0.0
20200.0,0.0,400.0,6000,4.166666666666667,-0.06752065058994981,0.06752065058994981,0.0034403419938569537,-15.993016214666254,0.014334758307737309,0.0,0.0,0.0
20200.0,0.0,400.0,12000,8.333333333333334,-0.06752065058994981,0.06752065058994981,0.0034403419938569537,-15.993016214666254,0.028669516615474618,0.0,0.0,0.0
20200.0,0.0,600.0,3000,2.0833333333333335,-0.06752065058994981,0.06752065058994981,0.005076093794130386,-23.7693413892288,0.010575195404438305,0.0,0.0,0.0
20200.0,0.0,600.0,6000,4.166666666666667,-0.06752065058994981,0.06752065058994981,0.005076093794130386,-23.7693413892288,0.02115039080887661,0.0,0.0,0.0
20200.0,0.0,600.0,12000,8.333333333333334,-0.06752065058994981,0.06752065058994981,0.005076093794130386,-23.7693413892288,0.04230078161775322,0.0,0.0,0.0
20200.0,28.5,50.0,3000,2.0833333333333335,-0.05933830319651713,0.04830423270929186,0.00038916067101213946,-2.0320120314590433,0.0008107513979419572,0.00038685713192072873,0.02615127775902903,5.469492487916842e-05
20200.0,28.5,50.0,6000,4.166666666666667,-0.05933830319651713,0.04830423270929186,0.00038916067101213946,-2.0320120314590433,0.0016215027958839145,0.0007737142638414575,0.052302555517760016,0.00010938984975771347
20200.0,28.5,50.0,12000,8.333333333333334,-0.05933830319651713,0.04830423270929186,0.00038916067101213946,-2.0320120314590433,0.003243005591767829,0.001547428527682915,0.10460511103313562,0.00021877969951044
20200.0,28.5,100.0,3000,2.0833333333333335,-0.05933830319651713,0.04830423270929186,0.0007750460208529973,-4.0545050203051405,0.0016146792101104112,0.0007704583301132476,0.052082456622679844,0.00010892951689584245
20200.0,28.5,100.0,6000,4.166666666666667,-0.05933830319651713,0.04830423270929186,0.0007750460208529973,-4.0545050203051405,0.0032293584202208224,0.0015409166602264953,0.10416491324300527,0.00021785903378676068
20200.0,28.5,100.0,12000,8.333333333333334,-0.05933830319651713,0.04830423270929186,0.0007750460208529973,-4.0545050203051405,0.006458716840441645,0.0030818333204529905,0.20832982646717513,0.00043571806753412747
20200.0,28.5,200.0,3000,2.0833333333333335,-0.05933830319651713,0.04830423270929186,0.001537124866719539,-8.071182596711369,0.003202343472332373,0.0015280262411835647,0.10329352972444719,0.00021603655090360503
20200.0,28.5,200.0,6000,4.166666666666667,-0.05933830319651713,0.04830423270929186,0.001537124866719539,-8.071182596711369,0.006404686944664746,0.0030560524823671294,0.20658705943052777,0.0004320731017687966
20200.0,28.5,200.0,12000,8.333333333333334,-0.05933830319651713,0.04830423270929186,0.001537124866719539,-8.071182596711369,0.012809373889329493,0.006112104964734259,0.4131741187141225,0.0008641462032302855
20200.0,28.5,400.0,3000,2.0833333333333335,-0.05933830319651713,0.04830423270929186,0.0030234314176110786,-15.993016214666254,0.006298815453356414,0.00300553497282761,0.2031721103079832,0.00042493079738715816
20200.0,28.5,400.0,6000,4.166666666666667,-0.05933830319651713,0.04830423270929186,0.0030234314176110786,-15.993016214666254,0.012597630906712828,0.00601106994565522,0.4063442204762001,0.0008498615944819976
20200.0,28.5,400.0,12000,8.333333333333334,-0.05933830319651713,0.04830423270929186,0.0030234314176110786,-15.993016214666254,0.025195261813425657,0.01202213989131044,0.8126884398342701,0.0016997231866254464
20200.0,28.5,600.0,3000,2.0833333333333335,-0.05933830319651713,0.04830423270929186,0.0044609580917589825,-23.7693413892288,0.009293662691164547,0.004434552567987051,0.29977272317027537,0.0006269692336146381
20200.0,28.5,600.0,6000,4.166666666666667,-0.05933830319651713,0.04830423270929186,0.0044609580917589825,-23.7693413892288,0.018587325382329094,0.008869105135974102,0.5995454458916126,0.0012539384662903301
20200.0,28.5,600.0,12000,8.333333333333334,-0.05933830319651713,0.04830423270929186,0.0044609580917589825,-23.7693413892288,0.03717465076465819,0.017738210271948204,1.1990908881917204,0.002507876925069093
20200.0,51.6,50.0,3000,2.0833333333333335,-0.041940302236894704,0.015683744400823298,0.00027505869365540206,-2.0320120314590433,0.000573038945115421,0.00044908687207985653,0.03035796566907451,6.349313662813752e-05
20200.0,51.6,50.0,6000,4.166666666666667,-0.041940302236894704,0.015683744400823298,0.00027505869365540206,-2.0320120314590433,0.001146077890230842,0.0008981737441597131,0.06071593133768277,0.0001269862732552999
20200.0,51.6,50.0,12000,8.333333333333334,-0.041940302236894704,0.015683744400823298,0.00027505869365540206,-2.0320120314590433,0.002292155780461684,0.0017963474883194261,0.12143186267163546,0.00025397254650279835
20200.0,51.6,100.0,3000,2.0833333333333335,-0.041940302236894704,0.015683744400823298,0.0005478023908844302,-4.0545050203051405,0.0011412549810092295,0.0008943940617574588,0.06046042739014359,0.00012645189136598048
20200.0,51.6,100.0,6000,4.166666666666667,-0.041940302236894704,0.015683744400823298,0.0005478023908844302,-4.0545050203051405,0.002282509962018459,0.0017887881235149176,0.12092085477660401,0.00025290378272425766
20200.0,51.6,100.0,12000,8.333333333333334,-0.041940302236894704,0.015683744400823298,0.0005478023908844302,-4.0545050203051405,0.004565019924036918,0.0035775762470298352,0.2418417095237425,0.0005058075653868887
20200.0,51.6,200.0,3000,2.0833333333333335,-0.041940302236894704,0.015683744400823298,0.0010864395847747749,-8.071182596711369,0.0022634158016141145,0.001773824154932903,0.11990930072620769,0.0002507881357066452
20200.0,51.6,200.0,6000,4.166666666666667,-0.041940302236894704,0.015683744400823298,0.0010864395847747749,-8.071182596711369,0.004526831603228229,0.003547648309865806,0.2398186014236832,0.0005015762713531975
20200.0,51.6,200.0,12000,8.333333333333334,-0.041940302236894704,0.015683744400823298,0.0010864395847747749,-8.071182596711369,0.009053663206456458,0.007095296619731612,0.4796372026175088,0.0010031525422256522
20200.0,51.6,400.0,3000,2.0833333333333335,-0.041940302236894704,0.015683744400823298,0.0021369607928825056,-15.993016214666254,0.004452001651838553,0.0034890045665497056,0.23585432445157653,0.0004932850577005595
20200.0,51.6,400.0,6000,4.166666666666667,-0.041940302236894704,0.015683744400823298,0.0021369607928825056,-15.993016214666254,0.008904003303677107,0.006978009133099411,0.471708648684507,0.0009865701149438246
20200.0,51.6,400.0,12000,8.333333333333334,-0.041940302236894704,0.015683744400823298,0.0021369607928825056,-15.993016214666254,0.017808006607354213,0.013956018266198822,0.9434172956198454,0.001973140226229295
20200.0,51.6,600.0,3000,2.0833333333333335,-0.041940302236894704,0.015683744400823298,0.003153004392708598,-23.7693413892288,0.006568759151476246,0.005147893569761169,0.34799408738651233,0.0007278233455123822
20200.0,51.6,600.0,6000,4.166666666666667,-0.041940302236894704,0.015683744400823298,0.003153004392708598,-23.7693413892288,0.013137518302952492,0.010295787139522339,0.6959881740707198,0.0014556466895559064
20200.0,51.6,600.0,12000,8.333333333333334,-0.041940302236894704,0.015683744400823298,0.003153004392708598,-23.7693413892288,0.026275036605904984,0.020591574279044678,1.3919763425229998,0.0029112933673609478
20200.0,63.4,50.0,3000,2.0833333333333335,-0.030232984918436217,4.120453966540917e-05,0.0001982781452073796,-2.0320120314590433,0.00041307946918204083,0.000369356757520479,0.02496826440845679,5.2220673833509205e-05
20200.0,63.4,50.0,6000,4.166666666666667,-0.030232984918436217,4.120453966540917e-05,0.0001982781452073796,-2.0320120314590433,0.0008261589383640817,0.000738713515040958,0.049936528816654176,0.00010444134766647587
20200.0,63.4,50.0,12000,8.333333333333334,-0.030232984918436217,4.120453966540917e-05,0.0001982781452073796,-2.0320120314590433,0.0016523178767281633,0.001477427030081916,0.09987305763123314,0.00020888269532861147
20200.0,63.4,100.0,3000,2.0833333333333335,-0.030232984918436217,4.120453966540917e-05,0.00039488750768522005,-4.0545050203051405,0.0008226823076775418,0.0007356048709826627,0.0497263866026092,0.00010400183902307264
20200.0,63.4,100.0,6000,4.166666666666667,-0.030232984918436217,4.120453966540917e-05,0.00039488750768522005,-4.0545050203051405,0.0016453646153550836,0.0014712097419653253,0.09945277320316927,0.00020800367804185956
20200.0,63.4,100.0,12000,8.333333333333334,-0.030232984918436217,4.120453966540917e-05,0.00039488750768522005,-4.0545050203051405,0.003290729230710167,0.0029424194839306507,0.19890554638994545,0.0004160073560494333
20200.0,63.4,200.0,3000,2.0833333333333335,-0.030232984918436217,4.120453966540917e-05,0.0007831682136137089,-8.071182596711369,0.0016316004450285602,0.0014589024507512857,0.09862080872735378,0.00020626363937429755
20200.0,63.4,200.0,6000,4.166666666666667,-0.030232984918436217,4.120453966540917e-05,0.0007831682136137089,-8.071182596711369,0.0032632008900571204,0.0029178049015025713,0.19724161743872243,0.0004125272787151625
20200.0,63.4,200.0,12000,8.333333333333334,-0.030232984918436217,4.120453966540917e-05,0.0007831682136137089,-8.071182596711369,0.006526401780114241,0.005835609803005143,0.3944832347495639,0.0008250545571628643
20200.0,63.4,400.0,3000,2.0833333333333335,-0.030232984918436217,4.120453966540917e-05,0.001540444393022802,-15.993016214666254,0.0032092591521308378,0.002869572667993307,0.19398115141402522,0.0004057080729411607
20200.0,63.4,400.0,6000,4.166666666666667,-0.030232984918436217,4.120453966540917e-05,0.001540444393022802,-15.993016214666254,0.0064185183042616755,0.005739145335986614,0.387962302706407,0.0008114161456279065
20200.0,63.4,400.0,12000,8.333333333333334,-0.030232984918436217,4.120453966540917e-05,0.001540444393022802,-15.993016214666254,0.012837036608523351,0.011478290671973227,0.7759246044396664,0.001622832289220492
20200.0,63.4,600.0,3000,2.0833333333333335,-0.030232984918436217,4.120453966540917e-05,0.0022728671270438577,-23.7693413892288,0.004735139848008037,0.004233945357123308,0.28621181281049546,0.0005986068346429391
20200.0,63.4,600.0,6000,4.166666666666667,-0.030232984918436217,4.120453966540917e-05,0.0022728671270438577,-23.7693413892288,0.009470279696016074,0.008467890714246615,0.5724236252302645,0.001197213668468681
20200.0,63.4,600.0,12000,8.333333333333334,-0.030232984918436217,4.120453966540917e-05,0.0022728671270438577,-23.7693413892288,0.01894055939203215,0.01693578142849323,1.1448472473347173,0.0023944273303997832
20200.0,90.0,50.0,3000,2.0833333333333335,-4.134447431066445e-18,-0.016880162647487453,2.711510525014009e-20,-2.0320120314590433,5.648980260445852e-20,5.648980260445852e-20,3.818672053763335e-18,7.98668359700525e-21
20200.0,90.0,50.0,6000,4.166666666666667,-4.134447431066445e-18,-0.016880162647487453,2.711510525014009e-20,-2.0320120314590433,1.1297960520891704e-19,1.1297960520891704e-19,7.63734410752667e-18,1.59733671940105e-20
20200.0,90.0,50.0,12000,8.333333333333334,-4.134447431066445e-18,-0.016880162647487453,2.711510525014009e-20,-2.0320120314590433,2.259592104178341e-19,2.259592104178341e-19,1.527468821505334e-17,3.1946734388021e-20
20200.0,90.0,100.0,3000,2.0833333333333335,-4.134447431066445e-18,-0.016880162647487453,5.400199967399867e-20,-4.0545050203051405,1.1250416598749725e-19,1.1250416598749725e-19,7.605204741050012e-18,1.590614828978323e-20
20200.0,90.0,100.0,6000,4.166666666666667,-4.134447431066445e-18,-0.016880162647487453,5.400199967399867e-20,-4.0545050203051405,2.250083319749945e-19,2.250083319749945e-19,1.5210409482100023e-17,3.181229657956646e-20
20200.0,90.0,100.0,12000,8.333333333333334,-4.134447431066445e-18,-0.016880162647487453,5.400199967399867e-20,-4.0545050203051405,4.50016663949989e-19,4.50016663949989e-19,3.0420818964200046e-17,6.362459315913293e-20
20200.0,90.0,200.0,3000,2.0833333333333335,-4.134447431066445e-18,-0.016880162647487453,1.0710050025174969e-19,-8.071182596711369,2.231260421911452e-19,2.231260421911452e-19,1.5083167978974253e-17,3.15461732750341e-20
20200.0,90.0,200.0,6000,4.166666666666667,-4.134447431066445e-18,-0.016880162647487453,1.0710050025174969e-19,-8.071182596711369,4.462520843822904e-19,4.462520843822904e-19,3.0166335957948506e-17,6.30923465500682e-20
20200.0,90.0,200.0,12000,8.333333333333334,-4.134447431066445e-18,-0.016880162647487453,1.0710050025174969e-19,-8.071182596711369,8.925041687645809e-19,8.925041687645809e-19,6.033267191589701e-17,1.261846931001364e-19
20200.0,90.0,400.0,3000,2.0833333333333335,-4.134447431066445e-18,-0.016880162647487453,2.1066019053745754e-19,-15.993016214666254,4.388753969530365e-19,4.388753969530365e-19,2.966767692858918e-17,6.204941020093662e-20
20200.0,90.0,400.0,6000,4.166666666666667,-4.134447431066445e-18,-0.016880162647487453,2.1066019053745754e-19,-15.993016214666254,8.77750793906073e-19,8.77750793906073e-19,5.933535385717836e-17,1.2409882040187325e-19
20200.0,90.0,400.0,12000,8.333333333333334,-4.134447431066445e-18,-0.016880162647487453,2.1066019053745754e-19,-15.993016214666254,1.755501587812146e-18,1.755501587812146e-18,1.1867070771435671e-16,2.481976408037465e-19
20200.0,90.0,600.0,3000,2.0833333333333335,-4.134447431066445e-18,-0.016880162647487453,3.108211008576766e-19,-23.7693413892288,6.475439601201596e-19,6.475439601201596e-19,4.3773529205055633e-17,9.155154534427982e-20
20200.0,90.0,600.0,6000,4.166666666666667,-4.134447431066445e-18,-0.016880162647487453,3.108211008576766e-19,-23.7693413892288,1.2950879202403192e-18,1.2950879202403192e-18,8.754705841011127e-17,1.8310309068855964e-19
20200.0,90.0,600.0,12000,8.333333333333334,-4.134447431066445e-18,-0.016880162647487453,3.108211008576766e-19,-23.7693413892288,2.5901758404806385e-18,2.5901758404806385e-18,1.7509411682022253e-16,3.662061813771193e-19
20200.0,98.0,50.0,3000,2.0833333333333335,0.009397058321444381,-0.015245390464364968,-6.162908820972451e-05,-2.0320120314590433,0.00012839393377025939,0.00012714441283280786,0.008594875423380778,1.7976026638519277e-05
20200.0,98.0,50.0,6000,4.166666666666667,0.009397058321444381,-0.015245390464364968,-6.162908820972451e-05,-2.0320120314590433,0.00025678786754051877,0.0002542888256656157,0.01718975084675098,3.595205327701643e-05
20200.0,98.0,50.0,12000,8.333333333333334,0.009397058321444381,-0.015245390464364968,-6.162908820972451e-05,-2.0320120314590433,0.0005135757350810375,0.0005085776513312314,0.0343795016934173,7.190410655385581e-05
20200.0,98.0,100.0,3000,2.0833333333333335,0.009397058321444381,-0.015245390464364968,-0.00012273948305597122,-4.0545050203051405,0.00025570725636660675,0.0002532187309253653,0.017117413173559304,3.580076034067849e-05
20200.0,98.0,100.0,6000,4.166666666666667,0.009397058321444381,-0.015245390464364968,-0.00012273948305597122,-4.0545050203051405,0.0005114145127332135,0.0005064374618507306,0.03423482634703502,7.160152068118217e-05
20200.0,98.0,100.0,12000,8.333333333333334,0.009397058321444381,-0.015245390464364968,-0.00012273948305597122,-4.0545050203051405,0.001022829025466427,0.0010128749237014612,0.06846965269340138,0.00014320304136096584
20200.0,98.0,200.0,3000,2.0833333333333335,0.009397058321444381,-0.015245390464364968,-0.0002434254308227971,-8.071182596711369,0.0005071363142141607,0.0005022008984655751,0.03394843755725624,7.100254370240803e-05
20200.0,98.0,200.0,6000,4.166666666666667,0.009397058321444381,-0.015245390464364968,-0.0002434254308227971,-8.071182596711369,0.0010142726284283214,0.0010044017969311502,0.06789687511386043,0.0001420050874034523
20200.0,98.0,200.0,12000,8.333333333333334,0.009397058321444381,-0.015245390464364968,-0.0002434254308227971,-8.071182596711369,0.002028545256856643,0.0020088035938623005,0.13579375022250462,0.0002840101747959949
20200.0,98.0,400.0,3000,2.0833333333333335,0.009397058321444381,-0.015245390464364968,-0.00047880306364820566,-15.993016214666254,0.0009975063826004286,0.0009877987190551162,0.0667745183951937,0.00013965769860735755
20200.0,98.0,400.0,6000,4.166666666666667,0.009397058321444381,-0.015245390464364968,-0.00047880306364820566,-15.993016214666254,0.001995012765200857,0.0019755974381102325,0.13354903678542557,0.00027931539720433754
20200.0,98.0,400.0,12000,8.333333333333334,0.009397058321444381,-0.015245390464364968,-0.00047880306364820566,-15.993016214666254,0.003990025530401714,0.003951194876220465,0.26709807353115644,0.0005586307943256543
20200.0,98.0,600.0,3000,2.0833333333333335,0.009397058321444381,-0.015245390464364968,-0.0007064557140932688,-23.7693413892288,0.0014717827376943102,0.001457459449263726,0.09852326281287749,0.000206059623856826
20200.0,98.0,600.0,6000,4.166666666666667,0.009397058321444381,-0.015245390464364968,-0.0007064557140932688,-23.7693413892288,0.0029435654753886204,0.002914918898527452,0.19704652560981722,0.0004121192476803185
20200.0,98.0,600.0,12000,8.333333333333334,0.009397058321444381,-0.015245390464364968,-0.0007064557140932688,-23.7693413892288,0.005887130950777241,0.005829837797054904,0.3940930510921326,0.0008242384950939691
