i_t_deg,da_m,di_deg,dv_ms,dv_axis,j2,orbits,n_obs,rho0_km,rho_max_km,oop_amp_m,raan_rate_deg_day,draan_deg_per_orbit,sigma_range_m,sigma_inplane_m,sigma_plane_m,sigma_vrange_ms,sigma_vplane_ms,range_frac_of_box,j2_gain,fim_cond
51.6,0.0,0.0,0.0,none,0,1.0,95,4.999999889678393,4.999999889678393,9.000621953328391e-09,-4.769666919805919,0.0,inf,inf,inf,inf,inf,inf,inf,404079017063351.5
51.6,0.0,0.0,0.0,none,0,3.0,284,4.999999889678393,4.999999889678393,1.5451983292616322e-08,-4.769666919805919,0.0,285574.14402532927,0.7334837826491133,0.4191537978414122,0.1724827586178336,0.00046560647666785783,57.114828805065855,1.0,19192247957530.484
51.6,0.0,0.0,0.0,none,1,1.0,95,4.999999889678393,4.999999889678393,12.405616180167184,-4.769666919805919,0.0,235056.3121246476,1.600237653700193,0.8123021719092269,0.14197350816040363,0.0010838572341384158,47.01126242492952,inf,4450802263982.942
51.6,0.0,0.0,0.0,none,1,3.0,284,4.999999889678393,4.999999889678393,52.72977386675608,-4.769666919805919,0.0,19524.735095231903,0.6120716751907199,0.41840990845226733,0.011725286493633384,0.00047820656527087433,3.9049470190463804,213.9279192074792,98834219872.51604
51.6,0.0,0.0,1.0,nor,0,1.0,95,4.999999889678393,5.080721690711098,901.8209349360326,-4.769666919805919,0.0,9.31157057945804,0.8852645503787733,0.804783607636826,0.0008505124870723407,0.001049670618726004,0.001862314115891608,1.0,9929.508857375955
51.6,0.0,0.0,1.0,nor,0,3.0,284,4.999999889678393,5.082901208523432,902.0983239950093,-4.769666919805919,0.0,7.466473491114216,0.47371304126876385,0.6772957847499689,0.0004739603703353134,0.0009408267648638229,0.001493294698222843,1.0,59004.49921976565
51.6,0.0,0.0,1.0,nor,1,1.0,95,4.999999889678393,5.003111853084586,897.3971205069417,-4.769666919805919,0.0,9.263519235482098,0.8776844774708065,0.8011940385796792,0.0008442701495159537,0.0010444438162026956,0.0018527038470964197,1.0104012239244458,10283.491983909256
51.6,0.0,0.0,1.0,nor,1,3.0,284,4.999999889678393,5.003111853084586,897.3971205069417,-4.769666919805919,0.0,7.392193993272761,0.4596407738800119,0.6741230858829089,0.00046202878131439156,0.000933341048044802,0.001478438798654552,1.0201977090524463,67566.86938547654
51.6,0.0,0.04169392,0.0,none,0,1.0,95,4.999999889678859,7.0709084489338725,4999.7916798226415,-4.769666919805919,0.00028737023240764967,1718.1613525652576,0.9933860010976902,0.9262077525780766,0.002906934094296609,1.9019397018905642,0.3436322705130515,1.0,1970543298.3542418
51.6,0.0,0.04169392,0.0,none,0,3.0,284,4.999999889678859,7.071001825219612,4999.895357925368,-4.769666919805919,0.00028737023240764967,683.7344343648309,0.40859807487876704,0.5018174471118073,0.0009343025464909937,0.7575811707770957,0.13674688687296618,1.0,6263435018.676165
51.6,0.0,0.04169392,0.0,none,1,1.0,95,4.999999889678859,7.073354376933602,5016.815026905385,-4.769666919805919,0.00028737023240764967,1717.0141801472355,0.9922323573595718,0.9242677557457425,0.002907913340796676,1.9006782285223027,0.3434028360294471,1.0013366874380076,1972234720.299112
51.6,0.0,0.04169392,0.0,none,1,3.0,284,4.999999889678859,7.083791072617842,5075.026280513748,-4.769666919805919,0.00028737023240764967,682.824501083205,0.4080854118184741,0.5036747146667097,0.0009337695755078605,0.7565765721200305,0.136564900216641,1.002666979786541,6286943421.959699
51.6,0.0,0.04169392,1.0,nor,0,1.0,95,4.999999889678859,7.0699549025070985,4998.471413864528,-4.769666919805919,0.00028737023240764967,14.704277130592933,0.9414059081932191,1.0415909309066647,0.0008685453169239351,0.01500886419438551,0.0029408554261185866,1.0,119826.16412858172
51.6,0.0,0.04169392,1.0,nor,0,3.0,284,4.999999889678859,7.0699549025070985,4998.471413864528,-4.769666919805919,0.00028737023240764967,9.201595825888187,0.3550047577175576,0.9490893712585817,0.00037773616259795614,0.009162377163246664,0.0018403191651776374,1.0,944209.5349254466
51.6,0.0,0.04169392,1.0,nor,1,1.0,95,4.999999889678859,7.073354376933602,5003.370360260422,-4.769666919805919,0.00028737023240764967,14.682064434719553,0.9400986858407473,1.0429874981215532,0.0008690908026343201,0.014982163725502644,0.0029364128869439105,1.0030281162322574,119898.60522411116
51.6,0.0,0.04169392,1.0,nor,1,3.0,284,4.999999889678859,7.073354376933602,5003.370360260422,-4.769666919805919,0.00028737023240764967,9.203183271339924,0.3539692588794242,0.9513200073673624,0.00037725773044724586,0.009161855847675754,0.0018406366542679847,0.9996550522799106,957007.7245961358
51.6,0.0,1.0,0.0,none,0,1.0,95,4.999999889678457,120.01883520638262,119910.48785197659,-4.769666919805919,0.006937698379605104,67.31352829051728,2.6531825457291127,3.38918351432905,0.030549837873521505,1.7242548202967138,0.013462705658103457,1.0,60864659.294932835
51.6,0.0,1.0,0.0,none,0,3.0,284,4.999999889678457,120.02199969798917,119912.97437408741,-4.769666919805919,0.006937698379605104,36.42745424803617,1.384656838173117,1.9943119146244748,0.016655677923365957,0.9477319092110865,0.007285490849607234,1.0,377879657.336954
51.6,0.0,1.0,0.0,none,1,1.0,95,4.999999889678457,120.23146627858435,120073.04749385451,-4.769666919805919,0.006937698379605104,67.85188792490102,2.818317481335069,3.468925192794935,0.030877627951463107,1.739559925452058,0.013570377584980205,0.9841942829348418,46181430.522119865
51.6,0.0,1.0,0.0,none,1,3.0,284,4.999999889678457,121.03624321886859,120736.25781949029,-4.769666919805919,0.006937698379605104,36.69770174450184,1.6283719276482531,2.4138302298693044,0.0167394613284975,0.9501039238501472,0.007339540348900368,0.9853259244209898,218454335.98728704
51.6,0.0,1.0,1.0,nor,0,1.0,95,4.999999889678457,119.98651749615047,119878.82378565933,-4.769666919805919,0.006937698379605104,53.46268885895541,2.588453567984093,3.3965999596663834,0.023765229730782357,1.3509122820342283,0.010692537771791083,1.0,37065414.198794335
51.6,0.0,1.0,1.0,nor,0,3.0,284,4.999999889678457,119.98651749615047,119878.82378565933,-4.769666919805919,0.006937698379605104,27.245444210807005,1.377679379187096,2.6722933367889907,0.012349506643214932,0.7004790773414741,0.005449088842161401,1.0,204583630.3684797
51.6,0.0,1.0,1.0,nor,1,1.0,95,4.999999889678457,120.06000502032931,119944.89081530714,-4.769666919805919,0.006937698379605104,54.08188432702144,2.7533738896292537,3.468887358536857,0.02414461491327011,1.3680240557145247,0.010816376865404289,0.9772326418459252,28266344.12660466
51.6,0.0,1.0,1.0,nor,1,3.0,284,4.999999889678457,120.30241728605132,120000.67621204043,-4.769666919805919,0.006937698379605104,30.905221893495206,1.6227071489676737,2.7069351504721557,0.013947014853167142,0.7891107966817462,0.006181044378699041,0.7771843628999524,151701843.71745664
51.6,601.4087963297178,0.0,0.0,none,0,1.0,95,5.0362565116574025,10.656831097409231,6.16377167230924e-09,-4.769666919805919,9.584016664678513e-05,2353.053673269898,1.9241261446718159,1.0505472425280395,0.4621206672259224,0.0012067504128931135,0.47061073465397957,1.0,117112606.88853286
51.6,601.4087963297178,0.0,0.0,none,0,3.0,284,5.0362565116574025,21.98732157939363,1.179337633224777e-08,-4.769666919805919,9.584016664678513e-05,343.2868507534714,1.3260637740385703,0.8737924111132032,0.06730523402055154,0.0009944629496169894,0.06865737015069429,1.0,3126823.0326022166
51.6,601.4087963297178,0.0,0.0,none,1,1.0,95,5.0362565116574025,10.586786891391396,26.168220140429664,-4.769666919805919,9.584016664678513e-05,2365.0666365700604,1.9201699200634783,1.0480805375017401,0.464471403122301,0.001201691331641243,0.4730133273140121,0.9898671317005464,119996055.5422969
51.6,601.4087963297178,0.0,0.0,none,1,3.0,284,5.0362565116574025,21.77673687066976,231.32997715442593,-4.769666919805919,9.584016664678513e-05,346.7972142081085,1.3242901608207653,0.8714321770081022,0.06799037293128804,0.000987606094234688,0.06935944284162171,0.9798579864726347,3250569.3505587527
51.6,601.4087963297178,0.0,1.0,nor,0,1.0,95,5.0362565116574025,10.672228287793532,901.9441326376184,-4.769666919805919,9.584016664678513e-05,14.6456813179441,1.4006041264651188,1.1124731375910135,0.00308912138604882,0.0014168164870599104,0.0029291362635888198,1.0,5125.343103482759
51.6,601.4087963297178,0.0,1.0,nor,0,3.0,284,5.0362565116574025,21.997109850180312,902.2109484966379,-4.769666919805919,9.584016664678513e-05,11.568743164915054,1.2447429828586671,1.0332283897025312,0.0023631022130627846,0.001354545172844825,0.0023137486329830106,1.0,4756.5519698824555
51.6,601.4087963297178,0.0,1.0,nor,1,1.0,95,5.0362565116574025,10.598499664487367,888.5282382237234,-4.769666919805919,9.584016664678513e-05,14.59244182329592,1.3971677717771012,1.110758809202198,0.003077490728836359,0.00141263130042205,0.002918488364659184,1.0073101699584506,5178.216651183992
51.6,601.4087963297178,0.0,1.0,nor,1,3.0,284,5.0362565116574025,21.772920409440424,888.5282382237234,-4.769666919805919,9.584016664678513e-05,11.542591954362399,1.2411571412152977,1.0320208946237126,0.0023544487786203772,0.0013494491411234074,0.0023085183908724796,1.00453638751217,4863.392244198677
51.6,601.4087963297178,0.04169392,0.0,none,0,1.0,95,5.036256511657525,10.675511351046557,5000.256641943259,-4.769666919805919,0.00038312238052135554,1197.2792546319245,1.692481356143854,1.2179611400110302,0.23382616148830385,1.3161366119092577,0.23945585092638488,1.0,180906851.182599
51.6,601.4087963297178,0.04169392,0.0,none,0,3.0,284,5.036256511657525,21.9877877734822,5000.297003200732,-4.769666919805919,0.00038312238052135554,285.47386570725814,1.0509824464370037,0.9793527489563141,0.05581226696025357,0.31373195298193746,0.05709477314145163,1.0,30265373.722858388
51.6,601.4087963297178,0.04169392,0.0,none,1,1.0,95,5.036256511657525,10.674682362652133,5031.6345254659,-4.769666919805919,0.00038312238052135554,1194.323513688075,1.6919220196553888,1.2193679794274581,0.23324508832831317,1.312892172333128,0.238864702737615,1.004955773506591,180119422.2219987
51.6,601.4087963297178,0.04169392,0.0,none,1,3.0,284,5.036256511657525,21.988936998273406,5238.682623432765,-4.769666919805919,0.00038312238052135554,284.86003516676976,1.0504348379409185,0.9818985170681492,0.05569154982607594,0.31305947172601034,0.05697200703335395,1.004314342630648,30242309.55834189
51.6,601.4087963297178,0.04169392,1.0,nor,0,1.0,95,5.036256511657525,10.66512082423144,4998.934721975366,-4.769666919805919,0.00038312238052135554,20.164203058257282,1.461706094209258,1.3027676348120418,0.0038104653072971013,0.020903801417869464,0.004032840611651456,1.0,41539.005791696305
51.6,601.4087963297178,0.04169392,1.0,nor,0,3.0,284,5.036256511657525,21.99408968648971,4998.934721975366,-4.769666919805919,0.00038312238052135554,14.391108251266626,1.0730963540527045,1.244725990123531,0.0027977593188608005,0.014719024649115562,0.0028782216502533254,1.0,58237.61206161481
51.6,601.4087963297178,0.04169392,1.0,nor,1,1.0,95,5.036256511657525,10.662743128498716,5006.378892703933,-4.769666919805919,0.00038312238052135554,20.17344822343014,1.4613969430700462,1.3046249082534922,0.00381223564607134,0.020912399214591957,0.004034689644686028,0.9990836423584486,41641.931210464194
51.6,601.4087963297178,0.04169392,1.0,nor,1,3.0,284,5.036256511657525,21.983156994530464,5006.378892703933,-4.769666919805919,0.00038312238052135554,14.406862021424086,1.0721450992581516,1.2475213983129783,0.002800475817501641,0.014734047634822934,0.002881372404284817,0.9978142142496844,58676.305613066004
51.6,601.4087963297178,1.0,0.0,none,0,1.0,95,5.03625651165759,120.27870219472321,119921.63908347704,-4.769666919805919,0.007031413600917267,68.3613027123353,3.3655153083732823,3.7519378899677354,0.017668222257057036,1.7517022846203794,0.013672260542467061,1.0,31165076.324020237
51.6,601.4087963297178,1.0,0.0,none,0,3.0,284,5.03625651165759,121.67372876118556,119922.60707154934,-4.769666919805919,0.007031413600917267,36.933336546660385,2.1582862537706196,3.010803058543171,0.009572228725402676,0.9468644286413884,0.007386667309332077,1.0,108340477.21144415
51.6,601.4087963297178,1.0,0.0,none,1,1.0,95,5.03625651165759,120.54731696602434,120098.67030020678,-4.769666919805919,0.007031413600917267,68.08056952092262,3.4342204211559344,3.85008398728623,0.017640351122362504,1.7458773955091318,0.013616113904184525,1.0082640906549007,27001110.066637795
51.6,601.4087963297178,1.0,0.0,none,1,3.0,284,5.03625651165759,123.29816903217629,120912.35635493882,-4.769666919805919,0.007031413600917267,36.06760974619505,2.2642666755701337,3.225861924278612,0.009380520521028186,0.9234723443324568,0.007213521949239011,1.0485819148197058,84208233.18121102
51.6,601.4087963297178,1.0,1.0,nor,0,1.0,95,5.03625651165759,120.06220633759499,119889.93534894216,-4.769666919805919,0.007031413600917267,60.04068308193248,3.284383249833182,3.708776478936207,0.015186626481450317,1.5215437351891814,0.012008136616386495,1.0,23523794.092238817
51.6,601.4087963297178,1.0,1.0,nor,0,3.0,284,5.03625651165759,120.95959698011737,119889.93534894216,-4.769666919805919,0.007031413600917267,35.73396166397348,2.154249575064069,2.9244066069617873,0.009141531081831746,0.9063338195014713,0.007146792332794696,1.0,99721607.93685247
51.6,601.4087963297178,1.0,1.0,nor,1,1.0,95,5.03625651165759,120.14177501727724,119958.52373427073,-4.769666919805919,0.007031413600917267,61.215866751482956,3.3553353597617166,3.7872894033336704,0.015554402868549179,1.5534514254069707,0.012243173350296592,0.9619737981929365,21413969.35053711
51.6,601.4087963297178,1.0,1.0,nor,1,3.0,284,5.03625651165759,122.57755397228843,120177.6134193797,-4.769666919805919,0.007031413600917267,37.04731899351742,2.261211290279442,3.0093731941470634,0.009497520561026516,0.9397609612988682,0.007409463798703484,0.9303551470688592,87639048.88966078
51.6,30070.43981648589,0.0,0.0,none,0,1.0,95,30.485090788119447,287.6446541846369,5.5896236321589135e-09,-4.769666919805919,0.004746132074279743,416.1627136201951,13.631736508397962,11.011715386088538,0.15169814786786237,0.016862425898509333,0.08323254272403903,1.0,5141.978914323383
51.6,30070.43981648589,0.0,0.0,none,0,3.0,284,30.485090788119447,851.2251165273764,1.3375082138454634e-08,-4.769666919805919,0.004746132074279743,54.29489804403087,12.918678863584784,10.717630231728986,0.03534756603205903,0.016153544075651127,0.010858979608806175,1.0,107.03445190633677
51.6,30070.43981648589,0.0,0.0,none,1,1.0,95,30.485090788119447,287.83699573853534,726.6302360481536,-4.769666919805919,0.004746132074279743,414.9944672889174,13.634251076620009,11.015565035248784,0.15136221960010587,0.016855078815159418,0.08299889345778348,1.0056381025876238,5112.289097109287
51.6,30070.43981648589,0.0,0.0,none,1,3.0,284,30.485090788119447,851.8208978633027,8961.471807184187,-4.769666919805919,0.004746132074279743,54.220908985366655,12.92166775332959,10.722841299700208,0.03536051237623285,0.01614207357493886,0.01084418179707333,1.0027310328153063,106.70838004169403
51.6,30070.43981648589,0.0,1.0,nor,0,1.0,95,30.485090788119447,287.64552119396643,907.9391105139536,-4.769666919805919,0.004746132074279743,405.62690214115753,13.60383843671103,11.023950710574573,0.14801323558489468,0.016910949024941332,0.0811253804282315,1.0,4885.691709686612
51.6,30070.43981648589,0.0,1.0,nor,0,3.0,284,30.485090788119447,851.2278381848772,908.0372134554086,-4.769666919805919,0.004746132074279743,54.26084382939536,12.918606003111972,10.718358531605418,0.03533923593880749,0.016155813709502677,0.010852168765879073,1.0,106.92652395931903
51.6,30070.43981648589,0.0,1.0,nor,1,1.0,95,30.485090788119447,287.83387478945446,1104.486031658363,-4.769666919805919,0.004746132074279743,404.40540205191206,13.606363810061065,11.02712119261531,0.14765838044695387,0.01690113305149729,0.08088108041038242,1.0060500915360715,4855.476658584928
51.6,30070.43981648589,0.0,1.0,nor,1,3.0,284,30.485090788119447,851.8093898028682,8588.959115063484,-4.769666919805919,0.004746132074279743,54.186319572035195,12.921595954871938,10.723523408971198,0.03535213217032725,0.01614422647950738,0.01083726391440704,1.002752558424371,106.59832962068675
51.6,30070.43981648589,0.04169392,0.0,none,0,1.0,95,30.48509078811882,287.6447531373208,5021.368263215207,-4.769666919805919,0.005029143512271291,414.7497330045658,13.635841079728436,11.06361829673487,0.15112857290191475,0.0814283682098135,0.08294994660091316,1.0,5284.068935815714
51.6,30070.43981648589,0.04169392,0.0,none,0,3.0,284,30.48509078811882,851.2251764923645,5021.8673957930605,-4.769666919805919,0.005029143512271291,54.27018028426791,12.924118600481535,10.740543121917113,0.03529541731337709,0.019239446537514585,0.010854036056853582,1.0,110.61762191060755
51.6,30070.43981648589,0.04169392,0.0,none,1,1.0,95,30.48509078811882,287.90718801052844,5752.97643699291,-4.769666919805919,0.005029143512271291,413.39170978875364,13.638559708083282,11.069828198968478,0.1507404215325819,0.08120768888354638,0.08267834195775073,1.0065809438766717,5246.369509904831
51.6,30070.43981648589,0.04169392,0.0,none,1,3.0,284,30.48509078811882,852.0316734898664,13619.75823015671,-4.769666919805919,0.005029143512271291,54.182488120951724,12.927588859032053,10.74722702729057,0.03530959025494546,0.019228540337348735,0.010836497624190346,1.0032395384364123,110.1752877723221
51.6,30070.43981648589,0.04169392,1.0,nor,0,1.0,95,30.48509078811882,287.64530418032007,5021.368263215207,-4.769666919805919,0.005029143512271291,400.4688321589476,13.60221639911979,11.039631519515847,0.14590310203580834,0.07749006512469138,0.08009376643178952,1.0,4914.298758508162
51.6,30070.43981648589,0.04169392,1.0,nor,0,3.0,284,30.48509078811882,851.2277971094188,5021.368263215207,-4.769666919805919,0.005029143512271291,54.206604135670624,12.924118752959947,10.739723836829887,0.035253286254199295,0.019092008958354594,0.010841320827134125,1.0,109.99119112299726
51.6,30070.43981648589,0.04169392,1.0,nor,1,1.0,95,30.48509078811882,287.90379235012455,5152.53071590968,-4.769666919805919,0.005029143512271291,399.13149576633964,13.605064415432196,11.045268286142859,0.14552161670999217,0.07728002796571129,0.07982629915326793,1.0067124587119907,4878.632770205092
51.6,30070.43981648589,0.04169392,1.0,nor,1,3.0,284,30.48509078811882,852.020103220744,13106.365228067529,-4.769666919805919,0.005029143512271291,54.11861168106598,12.927588946793788,10.746363917276696,0.035267477346066486,0.019081511502877388,0.010823722336213195,1.0032544807101003,109.55008739757928
51.6,30070.43981648589,1.0,0.0,none,0,1.0,95,30.48509078811906,287.70156942338275,120427.96114010598,-4.769666919805919,0.011578600344612045,231.2747416691801,15.850541998012952,18.487737266641247,0.08159770040225742,1.0609260157202716,0.04625494833383602,1.0,90621.50921774449
51.6,30070.43981648589,1.0,0.0,none,0,3.0,284,30.48509078811906,851.2596098749611,120439.9318850941,-4.769666919805919,0.011578600344612045,49.729147805435446,15.072886078560705,15.503771099793358,0.02862136116475321,0.22167387537980485,0.00994582956108709,1.0,5842.559117145277
51.6,30070.43981648589,1.0,0.0,none,1,1.0,95,30.48509078811906,289.56423435813406,121295.36973088229,-4.769666919805919,0.011578600344612045,229.45193328718128,15.851098222942259,18.520312262905232,0.08122163706771753,1.0529961649541852,0.045890386657436257,1.0159514781016825,87497.15641349272
51.6,30070.43981648589,1.0,0.0,none,1,3.0,284,30.48509078811906,856.889095072084,129152.10515376992,-4.769666919805919,0.011578600344612045,49.381624072940724,15.081444909318915,15.553453217959648,0.028661544761085938,0.22003569509491236,0.009876324814588144,1.0141245489641841,5647.398438887516
51.6,30070.43981648589,1.0,1.0,nor,0,1.0,95,30.48509078811906,287.69485984734484,120427.96114010598,-4.769666919805919,0.011578600344612045,228.6004692233365,15.832090264316498,18.251169309482524,0.07972763608886174,1.0452218893595677,0.0457200938446673,1.0,87593.84162370503
51.6,30070.43981648589,1.0,1.0,nor,0,3.0,284,30.48509078811906,851.2599083343562,120427.96114010598,-4.769666919805919,0.011578600344612045,49.78234195184129,15.072673893875425,15.475803365707808,0.02848623214163825,0.22105483490010014,0.009956468390368258,1.0,5776.869051649716
51.6,30070.43981648589,1.0,1.0,nor,1,1.0,95,30.48509078811906,289.55454272542795,120619.10413770014,-4.769666919805919,0.011578600344612045,226.8668033085026,15.83343412857453,18.287987188670403,0.07939226125300523,1.0377398462519316,0.04537336066170052,1.0153419542667457,84629.3440879297
51.6,30070.43981648589,1.0,1.0,nor,1,3.0,284,30.48509078811906,856.8760910630627,128423.59547911653,-4.769666919805919,0.011578600344612045,49.43433644667117,15.081252381047188,15.526021286250812,0.02852893515613388,0.21942644249997756,0.009886867289334234,1.0141290635872156,5584.339557631937
97.4,0.0,0.0,0.0,none,0,1.0,95,4.999999889678475,4.999999889678475,8.464291322680682e-10,0.9889950764010182,0.0,inf,inf,inf,inf,inf,inf,inf,368130233651883.4
97.4,0.0,0.0,0.0,none,0,3.0,284,4.999999889678475,4.999999889678475,2.9831553063958503e-09,0.9889950764010182,0.0,281885.5318720124,0.7394206324141714,0.41915360959116815,0.17024243436750391,0.00046560624927380605,56.37710637440249,1.0,18726099912922.93
97.4,0.0,0.0,0.0,none,1,1.0,95,4.999999889678475,4.999999889678475,3.2229488746207706,0.9889950764010182,0.0,170436.37059582563,1.8238746451778558,0.7196378395419986,0.10273439043404638,0.0008051908876846721,34.08727411916512,inf,2388244130769.8003
97.4,0.0,0.0,0.0,none,1,3.0,284,4.999999889678475,4.999999889678475,13.450800842145481,0.9889950764010182,0.0,12845.72682750928,0.614560846753813,0.40638479317162424,0.007679682384192093,0.00044525267142628917,2.5691453655018557,481.53538590242636,45502114093.895226
97.4,0.0,0.0,1.0,nor,0,1.0,95,4.999999889678475,5.080721690795223,901.8209349335222,0.9889950764010182,0.0,9.311570301462636,0.8852645454420165,0.8047835933665664,0.0008505124959496463,0.0010496706387174068,0.0018623140602925272,1.0,9929.508023676486
97.4,0.0,0.0,1.0,nor,0,3.0,284,4.999999889678475,5.082901208791505,902.0983239917542,0.9889950764010182,0.0,7.466472603979071,0.47371297469914025,0.6772957665845453,0.00047396034051391296,0.0009408267851561499,0.001493294520795814,1.0,59004.46810632042
97.4,0.0,0.0,1.0,nor,1,1.0,95,4.999999889678475,4.999999889678475,904.0182997356732,0.9889950764010182,0.0,9.194674302204515,0.8745510264018953,0.796958190325592,0.0008412883712888209,0.0010419954790055913,0.001838934860440903,1.0255885245968142,10314.540532187015
97.4,0.0,0.0,1.0,nor,1,3.0,284,4.999999889678475,4.999999889678475,911.9304011987301,0.9889950764010182,0.0,7.318430856499731,0.4535991448392153,0.6664225938814159,0.00045652917661234357,0.0009331628721219194,0.001463686171299946,1.0408664344705212,70432.19917015142
97.4,0.0,0.04169392,0.0,none,0,1.0,95,4.99999988967827,7.070908448957358,4999.791679823913,0.9889950764010182,0.00036351094712275294,1718.1590392275039,0.9933804931677337,0.9262054952856199,0.002906914820224807,1.9019371593472387,0.3436318078455008,1.0,1970538056.963989
97.4,0.0,0.04169392,0.0,none,0,3.0,284,4.99999988967827,7.071001825195095,4999.895357932998,0.9889950764010182,0.00036351094712275294,683.7316600346228,0.4086169787624777,0.5018176588885256,0.0009342741490718316,0.7575782680113412,0.13674633200692457,1.0,6263381213.495718
97.4,0.0,0.04169392,0.0,none,1,1.0,95,4.99999988967827,7.069075963196406,5015.1878021684715,0.9889950764010182,0.00036351094712275294,1726.1186568737305,0.9787312258802081,0.924205657466506,0.002907122862222721,1.9107536598797832,0.3452237313747461,0.9907987025121452,2120965378.119625
97.4,0.0,0.04169392,0.0,none,1,3.0,284,4.99999988967827,7.069075963196406,5047.327970163882,0.9889950764010182,0.00036351094712275294,699.9633866498419,0.4004267917955987,0.48987788247633957,0.0009451275902887474,0.7755836199506294,0.1399926773299684,0.9541589603942611,7790045672.284576
97.4,0.0,0.04169392,1.0,nor,0,1.0,95,4.99999988967827,7.069954902510197,4998.471413864724,0.9889950764010182,0.00036351094712275294,14.70427725445499,0.941405897755422,1.0415908938543121,0.0008685452895869763,0.015008864481032927,0.0029408554508909977,1.0,119826.1656799524
97.4,0.0,0.04169392,1.0,nor,0,3.0,284,4.99999988967827,7.069954902510197,4998.471413864724,0.9889950764010182,0.00036351094712275294,9.20159559501343,0.35500471868401057,0.9490894646033798,0.0003777361047863969,0.009162378856135368,0.001840319119002686,1.0,944209.3278609926
97.4,0.0,0.04169392,1.0,nor,1,1.0,95,4.99999988967827,7.069075963196406,5010.500874223832,0.9889950764010182,0.00036351094712275294,14.687147096013087,0.9301915375335889,1.034130487730168,0.0008597838489965237,0.01499904890768049,0.002937429419202617,1.0023340337093312,128165.7590906129
97.4,0.0,0.04169392,1.0,nor,1,3.0,284,4.99999988967827,7.069075963196406,5010.500874223832,0.9889950764010182,0.00036351094712275294,9.104881823006655,0.33832663084621367,0.9369247789338744,0.00036054497754950767,0.009054289977194586,0.001820976364601331,1.0213572081133164,1112701.805297856
97.4,0.0,1.0,0.0,none,0,1.0,95,4.999999889677978,120.01883520638614,119910.48785197895,0.9889950764010182,0.008708648457320783,67.31351727255725,2.6531841329015444,3.389183524768754,0.03054984234725385,1.7242545127893825,0.01346270345451145,1.0,60864635.73990756
97.4,0.0,1.0,0.0,none,0,3.0,284,4.999999889677978,120.02199969799479,119912.97437408817,0.9889950764010182,0.008708648457320783,36.42737428417763,1.3846568026606114,1.9943112487668346,0.01665567563407107,0.9477315018775597,0.007285474856835526,1.0,377879207.725539
97.4,0.0,1.0,0.0,none,1,1.0,95,4.999999889677978,120.43483916121404,120343.71896360679,0.9889950764010182,0.008708648457320783,67.0516751545927,2.659894341317557,3.5224216298338433,0.030434219997145254,1.7173775863580905,0.013410335030918541,1.007825408522462,67923214.97415741
97.4,0.0,1.0,0.0,none,1,3.0,284,4.999999889677978,121.3658157476722,121305.15181527432,0.9889950764010182,0.008708648457320783,35.94675905415291,1.3071077728149123,1.953973620299109,0.016459286932120034,0.9369150877614183,0.0071893518108305824,1.0269191550378816,514136588.1290155
97.4,0.0,1.0,1.0,nor,0,1.0,95,4.999999889677978,119.98651749614902,119878.82378565805,0.9889950764010182,0.008708648457320783,53.46269547229578,2.5884534569191517,3.3965998322045685,0.023765240218842746,1.350912430261707,0.010692539094459155,1.0,37065421.283931725
97.4,0.0,1.0,1.0,nor,0,3.0,284,4.999999889677978,119.98651749614902,119878.82378565805,0.9889950764010182,0.008708648457320783,27.245352257003642,1.3776793353333667,2.6722944852694357,0.01234948961993002,0.7004778911804151,0.005449070451400729,1.0,204582870.61270154
97.4,0.0,1.0,1.0,nor,1,1.0,95,4.999999889677978,120.28594638543265,120180.73529385157,0.9889950764010182,0.008708648457320783,57.59196832371202,2.588046868576698,3.512107634258478,0.025694005036139517,1.4608963057578916,0.011518393664742404,0.8617431877804302,50151367.442535415
97.4,0.0,1.0,1.0,nor,1,3.0,284,4.999999889677978,120.64067606009014,120579.70375529616,0.9889950764010182,0.008708648457320783,26.721544348926702,1.2991892687764637,2.707632698883819,0.0121335536401165,0.6886876678480859,0.005344308869785341,1.0395891690996948,281238011.25646716
97.4,601.4087963297178,0.0,0.0,none,0,1.0,95,5.036256511657857,10.656831097496427,1.664740674181415e-09,0.9889950764010182,-1.9872551800546772e-05,2353.145981989187,1.9241338348385322,1.050547243715057,0.4621388270464319,0.0012067504142585564,0.4706291963978374,1.0,117121795.74503401
97.4,601.4087963297178,0.0,0.0,none,0,3.0,284,5.036256511657857,21.987321578856964,1.81631040977759e-09,0.9889950764010182,-1.9872551800546772e-05,343.29117430100445,1.3260610597705318,0.87379241460465,0.06730609342925746,0.0009944629537196753,0.0686582348602009,1.0,3126901.8671286413
97.4,601.4087963297178,0.0,0.0,none,1,1.0,95,5.036256511657857,10.532161784033734,6.829810241959486,0.9889950764010182,-1.9872551800546772e-05,2383.857300146506,1.9170029373914907,1.0461170673213482,0.4681605227631923,0.001195564193580211,0.4767714600293012,0.9743999016595148,123337630.0548206
97.4,601.4087963297178,0.0,0.0,none,1,3.0,284,5.036256511657857,21.61288680655327,60.27431589973274,0.9889950764010182,-1.9872551800546772e-05,350.11278430362205,1.3220635969281842,0.8689592694318015,0.0686397189423766,0.0009807791016948318,0.07002255686072441,0.9614115561675138,3362561.3739183494
97.4,601.4087963297178,0.0,1.0,nor,0,1.0,95,5.036256511657857,10.672228287868208,901.9441326436482,0.9889950764010182,-1.9872551800546772e-05,14.645681042961503,1.4006041148483026,1.1124731211550203,0.0030891215136089364,0.0014168165189557096,0.0029291362085923007,1.0,5125.342871821207
97.4,601.4087963297178,0.0,1.0,nor,0,3.0,284,5.036256511657857,21.9971098498348,902.2109485012231,0.9889950764010182,-1.9872551800546772e-05,11.568743897084703,1.2447429386438114,1.0332283742432393,0.002363102695422371,0.0013545452108422481,0.0023137487794169407,1.0,4756.552383414037
97.4,601.4087963297178,0.0,1.0,nor,1,1.0,95,5.036256511657857,10.548759719452441,906.5400579560815,0.9889950764010182,-1.9872551800546772e-05,14.499867967974598,1.3948857560947012,1.1069894521418548,0.003059387135060546,0.0014086508468079606,0.00289997359359492,1.020213457878732,5166.969450683472
97.4,601.4087963297178,0.0,1.0,nor,1,3.0,284,5.036256511657857,21.626666035975216,933.9406297270591,0.9889950764010182,-1.9872551800546772e-05,11.470242349213104,1.2383765617663367,1.0261523579525162,0.002339631695353381,0.0013472796297560106,0.002294048469842621,1.0172488931785524,4864.721077195782
97.4,601.4087963297178,0.04169392,0.0,none,0,1.0,95,5.036256511657922,10.67551135106262,5000.256641944541,0.9889950764010182,0.00034352705567483886,1197.2867066154697,1.6924765094551624,1.2179619750275577,0.23382762675030935,1.3161448029704934,0.23945734132309393,1.0,180909101.60366803
97.4,601.4087963297178,0.04169392,0.0,none,0,3.0,284,5.036256511657922,21.987787772803717,5000.297003208349,0.9889950764010182,0.00034352705567483886,285.47575571674474,1.0509806188864914,0.9793533242706329,0.05581264914852972,0.31373405419650396,0.05709515114334895,1.0,30265770.63579023
97.4,601.4087963297178,0.04169392,0.0,none,1,1.0,95,5.036256511657922,10.561621123487695,5011.856922422176,0.9889950764010182,0.00034352705567483886,1205.5113747405683,1.6843405438369068,1.2127975240956363,0.23543241401225654,1.3251728844596595,0.24110227494811365,0.986401436485912,191949397.7416992
97.4,601.4087963297178,0.04169392,0.0,none,1,3.0,284,5.036256511657922,21.55895837302318,5017.206044161237,0.9889950764010182,0.00034352705567483886,289.89068997692124,1.036589613804247,0.9742683261275773,0.056678704928206175,0.31859432097006635,0.057978137995384246,0.9697726387498902,33434917.379637126
97.4,601.4087963297178,0.04169392,1.0,nor,0,1.0,95,5.036256511657922,10.665120824223,4998.934721976967,0.9889950764010182,0.00034352705567483886,20.16420328327741,1.461706094917594,1.3027676108464155,0.0038104655173670445,0.020903801642410427,0.004032840656655482,1.0,41539.006358326646
97.4,601.4087963297178,0.04169392,1.0,nor,0,3.0,284,5.036256511657922,21.994089685126433,4998.934721976967,0.9889950764010182,0.00034352705567483886,14.391106144316966,1.0730963941048277,1.2447258865289847,0.002797759525130594,0.01471902347649059,0.0028782212288633933,1.0,58237.58747891983
97.4,601.4087963297178,0.04169392,1.0,nor,1,1.0,95,5.036256511657922,10.521229607177093,5010.289958080634,0.9889950764010182,0.00034352705567483886,20.125633706847484,1.4560949792520146,1.2970203254637116,0.0038049701869264725,0.020864146629338384,0.004025126741369497,1.0038365534361278,43309.90984968762
97.4,601.4087963297178,0.04169392,1.0,nor,1,3.0,284,5.036256511657922,21.56532252721702,5010.289958080634,0.9889950764010182,0.00034352705567483886,14.341879299493389,1.0600131651149094,1.2377009076757814,0.002790578266382751,0.01467525435176096,0.0028683758598986777,1.0068765503494304,61874.1600810055
97.4,601.4087963297178,1.0,0.0,none,0,1.0,95,5.036256511657854,120.278702194726,119921.63908347931,0.9889950764010182,0.008686108536473894,68.36126527872523,3.3655165770083486,3.7519380486937277,0.01766822007459027,1.751701391342492,0.013672253055745046,1.0,31165043.97714113
97.4,601.4087963297178,1.0,0.0,none,0,3.0,284,5.036256511657854,121.67372876100175,119922.60707155637,0.9889950764010182,0.008686108536473894,36.93333986519002,2.1582860195071083,3.0108033119239614,0.009572247505929863,0.9468654165674282,0.007386667973038004,1.0,108340671.88304998
97.4,601.4087963297178,1.0,0.0,none,1,1.0,95,5.036256511657854,120.6726170210445,120350.37274421992,0.9889950764010182,0.008686108536473894,68.12092230248115,3.3512655086412795,3.765500653593491,0.017598310601161984,1.7451990031431193,0.013624184460496229,1.0070688110179546,32918708.005105745
97.4,601.4087963297178,1.0,0.0,none,1,3.0,284,5.036256511657854,122.77948077671233,121268.73249296332,0.9889950764010182,0.008686108536473894,36.86008822949622,2.124837978700728,2.9586941784833654,0.009551904012430782,0.9454168967419545,0.0073720176458992445,1.0039785266551773,116271289.82158321
97.4,601.4087963297178,1.0,1.0,nor,0,1.0,95,5.036256511657854,120.06220633759678,119889.93534894382,0.9889950764010182,0.008686108536473894,60.040674075594154,3.284383712269018,3.708776420265626,0.015186630603553608,1.521543568816013,0.01200813481511883,1.0,23523788.5321214
97.4,601.4087963297178,1.0,1.0,nor,0,3.0,284,5.036256511657854,120.95959698004273,119889.93534894382,0.9889950764010182,0.008686108536473894,35.73393586150292,2.1542493265291447,2.924406763688605,0.009141541688873909,0.9063340015689907,0.007146787172300584,1.0,99721619.2246347
97.4,601.4087963297178,1.0,1.0,nor,1,1.0,95,5.036256511657854,120.35924450868748,120191.04458482677,0.9889950764010182,0.008686108536473894,60.67705822201714,3.2689097090221133,3.726803388075353,0.01533186054088091,1.5384224798256656,0.012135411644403427,0.9791338950852627,25604316.410175875
97.4,601.4087963297178,1.0,1.0,nor,1,3.0,284,5.036256511657854,122.0643044920068,120544.1549282093,0.9889950764010182,0.008686108536473894,35.09771225122498,2.1204376332413073,2.9164426689363285,0.008983096353061139,0.890518607565615,0.007019542450244997,1.0365830163098113,103651146.2867771
97.4,30070.43981648589,0.0,0.0,none,0,1.0,95,30.485090788119425,287.64465418473617,1.4833933699375335e-09,0.9889950764010182,-0.0009841151032832865,416.1631162589016,13.631736658576303,11.011715392617099,0.15169827460822657,0.01686242591002683,0.08323262325178032,1.0,5141.988925184542
97.4,30070.43981648589,0.0,0.0,none,0,3.0,284,30.485090788119425,851.2251165269544,3.539204805694156e-09,0.9889950764010182,-0.0009841151032832865,54.29491706717344,12.918678816510273,10.717630241810655,0.0353475701215612,0.016153544097142244,0.010858983413434687,1.0,107.03452408516513
97.4,30070.43981648589,0.0,0.0,none,1,1.0,95,30.485090788119425,287.3256418933944,190.45018933846072,0.9889950764010182,-0.0009841151032832865,416.4224133300051,13.628306898076708,11.004107923010777,0.1516348353875885,0.01679624331062159,0.08328448266600103,0.9987550317489341,5170.282916438017
97.4,30070.43981648589,0.0,0.0,none,1,3.0,284,30.485090788119425,850.3060693649858,2347.864468783297,0.9889950764010182,-0.0009841151032832865,54.36663902668533,12.915888144143493,10.710964511831587,0.03530841589393855,0.0160823714159319,0.010873327805337065,0.9973632855733514,107.68078903304217
97.4,30070.43981648589,0.0,1.0,nor,0,1.0,95,30.485090788119425,287.6455211941166,907.9391105145535,0.9889950764010182,-0.0009841151032832865,405.6272681809632,13.60383850993016,11.023950735269265,0.1480133497409238,0.016910949391572023,0.08112545363619264,1.0,4885.700586166492
97.4,30070.43981648589,0.0,1.0,nor,0,3.0,284,30.485090788119425,851.2278381846477,908.0372134525533,0.9889950764010182,-0.0009841151032832865,54.260862820496,12.918605955976659,10.718358541047095,0.03533924001745721,0.016155813736288088,0.0108521725640992,1.0,106.92659598511838
97.4,30070.43981648589,0.0,1.0,nor,1,1.0,95,30.485090788119425,287.32757078257225,1050.972798733904,0.9889950764010182,-0.0009841151032832865,405.8646823184203,13.600336933170132,11.0164151865876,0.1479453929803073,0.01684562340803992,0.08117293646368406,0.998830424478666,4912.218671258515
97.4,30070.43981648589,0.0,1.0,nor,1,3.0,284,30.485090788119425,850.3126147724138,2871.5929732252534,0.9889950764010182,-0.0009841151032832865,54.332364379786206,12.9158143918933,10.711703869168359,0.03530001298745556,0.016084710677855784,0.010866472875957241,0.9973697256885663,107.57168133863522
97.4,30070.43981648589,0.04169392,0.0,none,0,1.0,95,30.48509078811967,287.6447531374686,5021.368263215295,0.9889950764010182,-0.0006261178430628068,414.750122176267,13.635841230306426,11.063618341416682,0.15112869505285478,0.08142843607438417,0.0829500244352534,1.0,5284.078893631842
97.4,30070.43981648589,0.04169392,0.0,none,0,3.0,284,30.48509078811967,851.225176492045,5021.867395795359,0.9889950764010182,-0.0006261178430628068,54.27019937901748,12.924118554937813,10.740543133687186,0.035295421435949846,0.01923944833594619,0.010854039875803495,1.0,110.61769670405155
97.4,30070.43981648589,0.04169392,0.0,none,1,1.0,95,30.48509078811967,287.3073235518994,4999.952059059725,0.9889950764010182,-0.0006261178430628068,415.0499097701747,13.632344092524997,11.055516746634888,0.15107515832909651,0.08145070779468555,0.08300998195403493,0.998555935950683,5315.319019617403
97.4,30070.43981648589,0.04169392,0.0,none,1,3.0,284,30.48509078811967,850.2507075096527,4999.952059059725,0.9889950764010182,-0.0006261178430628068,54.3453392640723,12.921206782040594,10.733638050216767,0.0352551785322731,0.019184237468095472,0.010869067852814461,0.9972366373833216,111.32680311552068
97.4,30070.43981648589,0.04169392,1.0,nor,0,1.0,95,30.48509078811967,287.6453041804696,5021.368263215295,0.9889950764010182,-0.0006261178430628068,400.4691766166725,13.602216461323051,11.039631527651924,0.14590320865284784,0.07749012357590483,0.0800938353233345,1.0,4914.307251998749
97.4,30070.43981648589,0.04169392,1.0,nor,0,3.0,284,30.48509078811967,851.2277971090402,5021.368263215295,0.9889950764010182,-0.0006261178430628068,54.20662315326195,12.924118707338357,10.739723847667083,0.03525329033959862,0.019092010670090486,0.01084132463065239,1.0,109.99126528579785
97.4,30070.43981648589,0.04169392,1.0,nor,1,1.0,95,30.48509078811967,287.3088433225107,4999.952059059725,0.9889950764010182,-0.0006261178430628068,400.675179002098,13.598518673097908,11.031748285769215,0.14581921730350508,0.07749262231163177,0.0801350358004196,0.9989719880872167,4941.221738828629
97.4,30070.43981648589,0.04169392,1.0,nor,1,3.0,284,30.48509078811967,850.2570581039074,4999.952059059725,0.9889950764010182,-0.0006261178430628068,54.28081385176625,12.921205305623022,10.73283148564759,0.035212365340738065,0.01903509018900978,0.010856162770353249,0.9972682798382265,110.68836505960985
97.4,30070.43981648589,1.0,0.0,none,0,1.0,95,30.485090788119116,287.7015694236696,120427.96114010908,0.9889950764010182,0.007592441703660108,231.27478136821603,15.850542059167152,18.48773770601969,0.0815977082401539,1.060926182279723,0.046254956273643205,1.0,90621.5381040419
97.4,30070.43981648589,1.0,0.0,none,0,3.0,284,30.485090788119116,851.2596098751566,120439.93188510375,0.9889950764010182,0.007592441703660108,49.7291641742252,15.072886008925217,15.503771110397125,0.028621362184884837,0.22167394097840315,0.009945832834845039,1.0,5842.562192127915
97.4,30070.43981648589,1.0,0.0,none,1,1.0,95,30.485090788119116,286.9442051182923,120690.09219558559,0.9889950764010182,0.007592441703660108,231.49381872625275,15.849131253608267,18.480471956489186,0.08148883243641447,1.0616027204313025,0.04629876374525055,0.9981085133619759,91786.39075427673
97.4,30070.43981648589,1.0,0.0,none,1,3.0,284,30.485090788119116,848.9911296072843,120739.95526397003,0.9889950764010182,0.007592441703660108,49.83956620791842,15.069158837288162,15.506043051016107,0.0285390606194271,0.2220831231267952,0.009967913241583685,0.9955746101484574,5952.5208436750645
97.4,30070.43981648589,1.0,1.0,nor,0,1.0,95,30.485090788119116,287.6948598476804,120427.96114010908,0.9889950764010182,0.007592441703660108,228.6005079366073,15.83209031991772,18.251169686171814,0.07972764348311033,1.0452220510312697,0.04572010158732146,1.0,87593.86914512944
97.4,30070.43981648589,1.0,1.0,nor,0,3.0,284,30.485090788119116,851.2599083348781,120427.96114010908,0.9889950764010182,0.007592441703660108,49.782358286034025,15.072673824612245,15.475803368050014,0.02848623310292484,0.2210549000817011,0.009956471657206804,1.0,5776.872082437409
97.4,30070.43981648589,1.0,1.0,nor,1,1.0,95,30.485090788119116,286.93631482239823,120690.09219558559,0.9889950764010182,0.007592441703660108,228.75661961799338,15.83032986346612,18.2446186672769,0.07959934821603289,1.0456088327677588,0.04575132392359867,0.9986355943399126,88673.10199727067
97.4,30070.43981648589,1.0,1.0,nor,1,3.0,284,30.485090788119116,848.9929994975483,120690.09219558559,0.9889950764010182,0.007592441703660108,49.89181505263546,15.068929410583841,15.478178645229304,0.028402460083210287,0.22145337712875143,0.009978363010527092,0.9956170486538389,5884.903904893097
