trial,n_intervals_analytic,n_components_bruteforce,span_ratio,support_rel_err
0,2,2,107135.85749824064,9.24061458181814e-06
1,1,1,30433.39343156744,3.253037852828622e-05
2,2,2,41338.28529538629,2.394887510028786e-05
3,1,1,8088.761210525246,0.00012240052142218372
4,1,1,17965.444001096126,5.51076329044239e-05
5,1,1,19183.36511637859,5.16076583428227e-05
6,1,1,21581.02083136692,4.587481053610486e-05
7,2,2,131800.6753902821,7.511355433484781e-06
8,1,1,27157.24093249255,3.6455153937968284e-05
9,1,1,9328.656742294948,0.00010613128136498478
10,2,2,114454.27338728934,8.649781758689452e-06
11,2,2,124817.43042639278,7.931592212897756e-06
12,1,1,5222.186696638344,0.0001895845295575847
13,2,2,113841.59107923687,8.696312907733513e-06
14,1,1,4753.084443841222,0.00020829123164951081
15,2,2,72918.37045568945,1.3576934411196806e-05
16,2,2,51956.189896247786,1.9054517028737597e-05
17,1,1,4201.188077994752,0.0002356698363908688
18,1,1,14966.794868459425,6.61471067785885e-05
19,2,2,120487.81369739157,8.21662345802756e-06
20,2,2,85948.6325139535,1.151856015495566e-05
21,1,1,14269.340149142286,6.938165747663281e-05
22,2,2,88258.03951162354,1.1217110009879581e-05
23,1,1,4132.267632607305,0.0002395962941380023
24,2,2,43633.41104662619,2.268936120032776e-05
25,1,1,5658.051255492559,0.00017497525322750484
26,1,1,11772.679146049853,8.409307518541721e-05
27,1,1,14162.059929781628,6.990511991343076e-05
28,1,1,5148.894598113085,0.00019227778644579456
29,1,1,9285.222426412674,0.00010662308473412985
30,1,1,16032.765831957036,6.175051781931612e-05
31,2,2,40122.47090731212,2.4674831883962653e-05
32,2,2,55649.19175300031,1.779022370446282e-05
33,1,1,10349.15085888762,9.566598669076902e-05
34,1,1,22884.253402626746,4.326136201799125e-05
35,2,2,111756.23560812985,8.858583355571248e-06
36,1,1,7942.307684483747,0.00012465511960996735
37,1,1,35992.158611739695,2.7506062928137135e-05
38,2,2,80225.3596305006,1.2340284748138467e-05
39,1,1,5557.770174350449,0.00017813609082413713
40,2,2,69164.95653071119,1.431370646338863e-05
41,2,2,78415.60084766595,1.2625121279754835e-05
42,2,2,83556.50865103971,1.1848342525883229e-05
43,1,1,5293.321092210095,0.00018704167181933873
44,2,2,49677.497983830915,1.992864540012105e-05
45,2,2,116735.67717951223,8.480705394348246e-06
46,1,1,8405.811688706983,0.00011778479186820754
47,2,2,41232.21363070067,2.40105195514898e-05
48,2,2,39752.7192875988,2.4904064953748537e-05
49,1,1,7062.981514337877,0.00014017212237744359
50,1,1,6070.652031965815,0.00016308977125910476
51,2,2,77459.11769970722,1.2781041787946935e-05
52,1,1,11054.592050568252,8.955925650943724e-05
53,2,2,91598.7525217479,1.0808062358339345e-05
54,2,2,112922.8877655397,8.767055938820466e-06
55,2,2,99354.17011017677,9.964395622090878e-06
56,2,2,77688.42164842867,1.2743289490966372e-05
57,1,1,37175.67885026639,2.6630597724475076e-05
58,1,1,17058.793091949927,5.8035832297285286e-05
59,1,1,5212.048949284646,0.0001899497164482378
60,1,1,29433.514724834786,3.363519841528082e-05
61,2,2,119865.39660838939,8.259291380436882e-06
62,2,2,73617.54623491329,1.3447988003646017e-05
63,1,1,34859.43975108437,2.8400090349075287e-05
64,1,1,13839.532434428744,7.153511531374798e-05
65,2,2,105234.56137308392,9.407607934701334e-06
66,1,1,17287.43122534083,5.726786366603733e-05
67,1,1,6688.66722801718,0.0001480170605658417
68,1,1,4714.0263272207885,0.00021003411822126362
69,2,2,68610.11812084519,1.4429501513222427e-05
70,2,2,96402.30842129298,1.0269480297178942e-05
71,1,1,5616.927552824049,0.00017627103292841372
72,1,1,12787.209371438159,7.742449152108917e-05
73,1,1,5133.1930795245435,0.00019286874803574078
74,2,2,122815.42107171826,8.060894022102701e-06
75,1,1,4273.871548372312,0.0002316754417317723
76,2,2,114086.45743877081,8.677673228793482e-06
77,1,1,34707.77484562179,2.8523900624635573e-05
78,2,2,104769.48555961232,9.449333380521855e-06
79,1,1,4108.917051988272,0.00024097640558168697
80,1,1,6557.991963380273,0.00015096283026995975
81,1,1,7113.758600160363,0.00013916887573444945
82,2,2,93270.79434877016,1.0614280749637927e-05
83,2,2,115974.09769436263,8.536395316514135e-06
84,2,2,131829.01329589493,7.509761923871898e-06
85,1,1,29311.38777810618,3.377591419956247e-05
86,1,1,29656.723521724503,3.338225946615824e-05
87,1,1,6880.53740439801,0.00014389776749439633
88,2,2,53375.376521269434,1.854789511699241e-05
89,1,1,5702.78931067043,0.00017361101194534557
90,2,2,121927.77855958522,8.119586625561503e-06
91,1,1,4221.602042935723,0.00023450890398623024
92,2,2,131773.3858800834,7.512908734482896e-06
93,1,1,19181.74449555318,5.161344654733564e-05
94,1,1,4944.692651468459,0.0002002254381219183
95,1,1,18118.344406251035,5.4640878098255904e-05
96,1,1,13942.97567087146,7.100530771116603e-05
97,1,1,10257.506133783278,9.651536927361778e-05
98,1,1,15267.191500419349,6.484529280083349e-05
99,2,2,125154.91573214358,7.910232614196104e-06
100,1,1,34194.08371555708,2.8952808846994255e-05
101,1,1,6823.308086675811,0.00014509250285660825
102,1,1,26350.076565969397,3.7571279468402884e-05
103,1,1,7788.240616217348,0.0001271229664149365
104,2,2,45049.22487485712,2.197604115729464e-05
105,2,2,96705.93832266018,1.0237268236043293e-05
106,2,2,84228.38578698467,1.175382291318848e-05
107,1,1,4203.033757736348,0.00023554920717623043
108,1,1,18236.837311243486,5.428636038591841e-05
109,1,1,32030.15650942192,3.090844841668809e-05
110,1,1,20919.02781991531,4.7326335334133014e-05
111,1,1,4448.221635914612,0.00022256232216061341
112,2,2,121018.88091024845,8.180545706181497e-06
113,1,1,4646.433951844499,0.00021308137314004146
114,1,1,7042.133135398808,0.00014058607204917563
115,1,1,5580.301354683982,0.00017742638655492924
116,1,1,14148.147099100439,6.997598520868397e-05
117,1,1,4769.283926335275,0.00020760214932063548
118,1,1,5288.4412559944485,0.00018721922663717563
119,1,1,36428.54837419552,2.7176850115494613e-05
120,1,1,5491.859318759171,0.00018027613920658668
121,2,2,86203.49364739435,1.1484543946814468e-05
122,1,1,5241.4822961228065,0.00018888419127166022
123,1,1,35093.03550156285,2.821089961781817e-05
124,2,2,96060.90120017022,1.0305971649721806e-05
125,2,2,137740.25198501546,7.18744416500356e-06
126,1,1,13139.814617505826,7.534552951502002e-05
127,2,2,62199.44387418217,1.5916586532179296e-05
128,2,2,132493.38316899596,7.472083457639652e-06
129,1,1,13717.695046375375,7.217084957785007e-05
130,1,1,11088.407042246885,8.928702256430497e-05
131,2,2,43113.691951254725,2.296259052900692e-05
132,1,1,4146.662713260064,0.00023876752998621648
133,1,1,4084.771845700303,0.00024237250844606732
134,1,1,16480.942476158292,6.007120138824104e-05
135,2,2,98868.94707646481,1.001332430343186e-05
136,1,1,4328.467814815333,0.0002287200130041667
137,2,2,74481.17298155813,1.3291968368655103e-05
138,2,2,60277.11495507246,1.6424252390813548e-05
139,2,2,55412.37451278425,1.7866199125870233e-05
140,1,1,24659.431491076477,4.014763219062925e-05
141,2,2,129913.48157131959,7.620482445358848e-06
142,1,1,7131.293504884616,0.0001388329899406349
143,1,1,4192.637484705737,0.00023615359131572635
144,1,1,4862.733761648247,0.00020359155713169482
145,2,2,51110.407535053346,1.936998467700142e-05
146,1,1,17236.812491246437,5.7437027252378596e-05
147,2,2,114467.00345321161,8.648806366154153e-06
148,1,1,22872.04454551856,4.3284420266392516e-05
149,1,1,16487.879075129877,6.004507440278779e-05
150,1,1,7041.6649143623745,0.0001406003897874777
151,1,1,23359.41656133484,4.238216359607596e-05
152,2,2,55442.40849931268,1.785649350686279e-05
153,1,1,22879.745350902984,4.327085361497497e-05
154,1,1,11603.028403702043,8.532484537341977e-05
155,2,2,58619.09280222228,1.6888786363332935e-05
156,2,2,82275.96690790332,1.2032675756121613e-05
157,2,2,122995.4348145543,8.049097615711227e-06
158,2,2,56797.60704193774,1.7430394234275458e-05
159,2,2,43224.582215093214,2.290392309713771e-05
160,1,1,8815.823813372539,0.00011230420742814056
161,1,1,7263.62863825649,0.00013629729364498115
162,1,1,28690.065590966653,3.450701626668871e-05
163,1,1,5471.835021336963,0.0001809377018110794
164,2,2,109338.47165997465,9.0544956564723e-06
165,2,2,75789.27941352798,1.306257101885687e-05
166,1,1,11412.288318120602,8.67510354564333e-05
167,1,1,5510.123461523186,0.00017968953302411518
168,1,1,33260.98058474022,2.9764925465185696e-05
169,2,2,65331.50226997836,1.5153637345023036e-05
170,1,1,5506.7591360420265,0.00017978313334015086
171,1,1,4443.762106760005,0.0002228137638566696
172,2,2,136126.4239870706,7.272673612855807e-06
173,2,2,114008.97759233833,8.683568053000207e-06
174,1,1,34853.324227174024,2.8404764971168676e-05
175,2,2,46470.4620057688,2.1303904000052068e-05
176,2,2,74495.30786492264,1.3289537293646651e-05
177,2,2,70752.86843284262,1.3992368042111233e-05
178,1,1,24741.670772848058,4.001381456162709e-05
179,1,1,16993.978753258387,5.825624000397637e-05
180,1,1,8360.583737295581,0.00011842130181944718
181,2,2,64076.408791691974,1.5450421610026587e-05
182,1,1,4336.4460017820265,0.00022830395308336612
183,2,2,93315.07291260533,1.0609223534158134e-05
184,1,1,19137.968772576292,5.173142228811628e-05
185,1,1,21598.72009002535,4.5836732587553954e-05
186,2,2,78666.56695596006,1.2584840587993677e-05
187,2,2,96647.93164003665,1.0243420850707151e-05
188,2,2,109614.22390117343,9.031690155188624e-06
189,1,1,4365.543043009229,0.00022680368411637897
190,1,1,18065.855128823347,5.48013823353564e-05
191,1,1,13935.742598724803,7.104184620586996e-05
192,1,1,19558.836024258166,5.061804216943131e-05
193,2,2,139293.67135816845,7.107297942739115e-06
194,1,1,6859.086314468142,0.00014434914000907974
195,1,1,4569.722163745565,0.00021665947374099762
196,1,1,37358.73960285528,2.650024605444313e-05
197,1,1,5684.062975997757,0.0001741805146413904
198,2,2,105159.36406974115,9.414343967128228e-06
199,2,2,54891.24998748964,1.803588655676987e-05
