file,success,cause,gap0_deg,da0_km,e_t,e_s,steps,dv,hohmann,shape_lb,burn_records,warp_share,final_dist_km,final_rvel
ep_0000001.npz,1,1,-16.18,-167.7,0.0128,0.0293,139,175.0,90.5,137.8,7,0.943,29.86,45.0
ep_0000002.npz,1,1,-158.11,-202.2,0.0457,0.0193,972,270.0,107.6,209.5,12,0.988,29.0,21.77
ep_0000003.npz,1,1,-136.33,188.3,0.0116,0.016,1365,160.0,105.7,105.7,7,0.995,29.33,28.61
ep_0000004.npz,1,1,-25.29,105.8,0.0238,0.0209,354,200.0,59.1,61.7,8,0.975,29.44,22.41
ep_0000005.npz,1,1,13.4,-276.6,0.0301,0.0188,542,235.0,152.1,152.1,10,0.98,29.55,18.31
ep_0000006.npz,1,1,167.2,147.4,0.0206,0.0025,871,200.0,79.6,79.6,8,0.991,29.08,39.55
ep_0000007.npz,1,1,37.39,-130.3,0.0071,0.0348,501,220.0,69.6,156.4,10,0.978,29.78,46.51
ep_0000008.npz,1,1,28.7,-300.3,0.0314,0.0023,533,280.0,162.4,162.4,13,0.974,28.63,46.07
ep_0000009.npz,1,1,30.91,132.3,0.0235,0.0134,378,145.0,74.1,129.7,7,0.979,29.29,40.75
ep_0000010.npz,1,1,35.2,167.8,0.0278,0.0096,475,95.0,91.2,91.2,5,0.989,30.0,41.22
ep_0000011.npz,1,1,54.63,257.7,0.0149,0.0122,608,185.0,141.0,141.0,8,0.987,29.11,43.21
ep_0000012.npz,1,1,177.89,-77.5,0.0106,0.0471,871,300.0,40.9,209.1,12,0.985,29.86,40.0
ep_0000013.npz,1,1,36.87,207.3,0.0094,0.0463,515,250.0,110.3,209.1,10,0.979,29.62,34.28
ep_0000014.npz,1,1,17.93,-326.0,0.0313,0.0255,695,270.0,178.0,178.0,12,0.981,28.85,41.18
ep_0000015.npz,1,1,-137.66,-180.5,0.0164,0.0022,832,205.0,96.6,96.6,10,0.987,29.48,28.28
ep_0000016.npz,1,1,49.14,-167.6,0.0123,0.0082,1089,200.0,93.5,93.5,8,0.992,29.13,23.62
ep_0000017.npz,1,1,-35.22,225.9,0.0307,0.029,664,295.0,123.0,221.7,13,0.98,28.65,40.4
ep_0000018.npz,1,1,33.57,173.8,0.035,0.0046,272,200.0,94.9,129.0,8,0.971,29.12,34.72
ep_0000019.npz,1,1,11.01,-283.1,0.0272,0.0077,530,185.0,155.1,155.1,8,0.983,28.38,42.81
ep_0000020.npz,1,1,-66.44,188.8,0.0157,0.0445,588,350.0,103.1,227.0,14,0.976,28.83,43.92
ep_0000021.npz,1,1,-143.25,377.6,0.0,0.0149,1180,250.0,206.7,206.7,12,0.99,29.99,40.93
ep_0000022.npz,1,1,-173.71,183.4,0.0255,0.0089,955,235.0,99.0,130.1,10,0.99,24.78,49.87
ep_0000023.npz,1,1,-44.51,-356.2,0.0121,0.009,310,195.0,195.9,195.9,9,0.971,28.69,29.14
ep_0000024.npz,1,1,-24.44,-148.5,0.0013,0.0492,404,255.0,79.0,179.9,12,0.968,29.66,41.45
ep_0000025.npz,1,1,-16.36,-96.5,0.0253,0.0241,222,165.0,51.7,110.6,8,0.964,29.9,35.42
ep_0000026.npz,1,1,-66.63,473.0,0.0109,0.0427,1248,385.0,259.2,259.2,16,0.987,29.73,48.56
ep_0000027.npz,1,1,102.69,261.4,0.0259,0.0195,626,135.0,143.2,143.2,6,0.99,29.9,45.63
ep_0000028.npz,1,1,168.47,260.5,0.0149,0.0218,985,205.0,142.1,142.1,9,0.991,29.51,34.65
ep_0000029.npz,1,1,-90.93,-197.5,0.003,0.0174,540,150.0,109.2,109.2,6,0.987,29.32,39.66
ep_0000030.npz,1,1,-171.65,227.6,0.0059,0.008,1171,110.0,125.0,125.0,5,0.996,28.8,30.31
ep_0000031.npz,1,1,174.67,-136.6,0.0039,0.0271,1007,210.0,75.7,103.0,9,0.991,28.49,38.13
ep_0000032.npz,1,1,-171.27,312.7,0.0042,0.027,1201,200.0,173.7,173.7,10,0.992,29.91,36.28
ep_0000033.npz,1,1,168.56,175.2,0.0182,0.0159,1125,230.0,94.0,128.7,11,0.99,28.39,28.86
ep_0000034.npz,1,1,65.63,65.2,0.0089,0.0255,561,175.0,34.4,83.1,7,0.988,29.88,24.03
ep_0000035.npz,1,1,17.96,-74.9,0.022,0.0131,649,215.0,40.0,131.3,10,0.983,29.45,42.89
ep_0000036.npz,1,1,-36.99,-127.1,0.0163,0.0362,327,185.0,68.2,154.8,8,0.976,10.93,49.74
ep_0000037.npz,1,1,172.57,-254.2,0.0366,0.0145,829,175.0,141.5,141.5,7,0.992,28.87,38.99
ep_0000038.npz,1,1,160.33,55.6,0.0185,0.0301,836,250.0,29.5,43.9,10,0.987,27.95,46.34
ep_0000039.npz,1,1,143.77,321.9,0.0129,0.0118,744,195.0,179.8,179.8,9,0.988,28.4,40.9
ep_0000040.npz,1,1,-140.66,-206.5,0.0104,0.0099,766,170.0,115.8,115.8,8,0.988,29.79,26.63
ep_0000041.npz,1,1,83.76,61.8,0.0074,0.04,600,255.0,32.9,172.5,12,0.98,29.4,34.13
ep_0000042.npz,1,1,123.79,-120.8,0.0244,0.0275,830,330.0,65.8,177.6,15,0.981,29.8,29.23
ep_0000043.npz,1,1,15.86,-88.0,0.0186,0.0128,509,95.0,46.6,46.6,5,0.988,25.02,49.74
ep_0000044.npz,1,1,127.05,-198.1,0.0057,0.0279,1170,215.0,109.9,109.9,10,0.991,28.22,38.7
ep_0000045.npz,1,1,-136.54,214.5,0.0084,0.0337,1155,220.0,119.6,129.5,10,0.991,29.59,21.62
ep_0000046.npz,1,1,-7.36,206.9,0.0471,0.0469,186,310.0,111.5,249.9,13,0.925,29.75,39.4
ep_0000047.npz,1,1,155.57,155.7,0.0187,0.031,996,185.0,84.3,84.3,8,0.991,29.74,34.35
ep_0000048.npz,1,1,76.78,62.3,0.0288,0.0124,757,195.0,32.6,61.4,9,0.987,29.76,40.29
ep_0000049.npz,1,1,177.99,-262.1,0.011,0.0115,865,185.0,140.5,140.5,8,0.99,29.64,25.04
ep_0000050.npz,1,1,-152.13,233.3,0.0475,0.0473,996,270.0,124.8,205.1,12,0.988,29.94,41.91
ep_0000051.npz,1,1,121.08,-281.3,0.0495,0.0368,1055,185.0,152.5,152.5,8,0.992,27.55,44.2
ep_0000052.npz,1,1,149.21,-146.4,0.0485,0.0108,1009,285.0,80.6,149.1,12,0.987,29.99,23.49
ep_0000053.npz,1,1,155.78,-278.9,0.0295,0.0076,827,185.0,151.2,151.2,8,0.989,29.47,23.95
ep_0000054.npz,1,1,-151.76,-100.7,0.0035,0.023,1145,210.0,54.2,99.3,11,0.99,29.46,40.52
ep_0000055.npz,1,1,-51.84,251.2,0.0005,0.0204,647,260.0,134.3,134.3,11,0.981,29.76,24.26
ep_0000056.npz,1,1,-6.11,-339.6,0.0352,0.0086,432,260.0,187.3,187.3,11,0.975,29.42,37.79
ep_0000057.npz,1,1,179.42,-188.1,0.0114,0.0167,933,175.0,102.9,102.9,7,0.993,28.93,21.01
ep_0000058.npz,1,1,129.93,-100.0,0.004,0.0058,1124,295.0,55.2,55.2,13,0.988,29.7,41.19
ep_0000059.npz,1,1,19.82,319.7,0.0236,0.0262,224,195.0,174.1,174.1,9,0.96,29.75,31.95
ep_0000060.npz,1,1,80.07,-163.7,0.0053,0.007,862,245.0,90.4,90.4,11,0.986,29.02,21.72
ep_0000061.npz,1,1,118.54,-102.5,0.05,0.0345,1057,225.0,55.2,67.3,9,0.991,29.74,12.13
ep_0000062.npz,1,1,73.28,225.8,0.032,0.0095,517,175.0,120.8,157.6,7,0.986,22.49,35.42
ep_0000063.npz,1,1,-51.65,-76.9,0.0018,0.0027,585,85.0,43.0,43.0,4,0.991,25.48,47.67
ep_0000064.npz,1,1,-79.41,286.5,0.0113,0.0111,981,350.0,154.7,154.7,16,0.983,28.95,26.68
ep_0000065.npz,1,1,-109.85,396.6,0.0182,0.0164,972,210.0,215.1,215.1,9,0.991,28.49,37.78
ep_0000066.npz,1,1,3.8,81.5,0.0158,0.0285,333,195.0,44.1,145.5,9,0.97,29.72,42.07
ep_0000067.npz,1,1,-91.37,99.5,0.0163,0.0394,695,330.0,55.4,182.6,15,0.977,28.52,43.31
ep_0000068.npz,1,1,46.09,-58.4,0.0496,0.0421,805,175.0,31.9,69.9,9,0.989,29.46,34.82
ep_0000069.npz,1,1,140.88,233.7,0.0185,0.014,850,175.0,130.7,130.7,7,0.992,29.69,45.71
ep_0000070.npz,1,1,-157.0,-69.5,0.0015,0.0408,731,275.0,37.3,149.3,11,0.984,17.47,33.47
ep_0000071.npz,1,1,-174.25,-250.5,0.0178,0.0277,1084,185.0,137.6,137.6,8,0.993,28.56,39.9
ep_0000072.npz,1,1,136.22,275.2,0.0148,0.0296,798,245.0,149.6,167.0,11,0.985,28.71,46.59
ep_0000073.npz,1,1,-33.51,-184.1,0.0391,0.0276,327,95.0,98.2,98.2,5,0.985,29.23,28.4
ep_0000074.npz,1,1,99.58,227.3,0.0117,0.0218,655,120.0,126.3,126.3,6,0.991,29.5,26.39
ep_0000075.npz,1,1,122.25,-124.9,0.0097,0.0242,958,335.0,67.1,83.1,14,0.984,29.83,36.69
ep_0000076.npz,1,1,72.82,-65.3,0.0305,0.0304,665,260.0,36.6,214.8,11,0.982,28.28,49.87
ep_0000077.npz,1,1,-88.52,-128.7,0.0047,0.0152,581,160.0,72.8,72.8,7,0.988,29.5,32.6
ep_0000078.npz,1,1,-98.04,-251.3,0.0445,0.0229,515,185.0,135.2,135.2,8,0.983,29.02,33.99
ep_0000079.npz,1,1,-93.1,110.6,0.0043,0.0106,947,245.0,61.1,61.1,11,0.987,29.72,28.2
ep_0000080.npz,1,1,-158.54,166.5,0.0258,0.0421,1193,285.0,88.9,237.9,12,0.99,28.95,33.66
ep_0000081.npz,1,1,-90.18,-71.3,0.0389,0.0321,602,245.0,39.4,97.1,11,0.98,29.06,26.59
ep_0000082.npz,1,1,-119.86,-249.1,0.0311,0.0142,684,195.0,133.5,133.5,9,0.987,29.9,36.76
ep_0000083.npz,1,1,72.3,257.8,0.0091,0.005,675,135.0,140.9,140.9,6,0.991,28.07,39.09
ep_0000084.npz,1,1,-112.46,414.9,0.0162,0.0347,868,220.0,227.3,227.3,10,0.988,28.8,48.73
ep_0000085.npz,1,1,-44.83,117.2,0.0398,0.042,626,445.0,61.8,306.5,19,0.968,27.87,42.85
ep_0000086.npz,1,1,-55.06,-201.1,0.0231,0.0129,466,110.0,113.5,113.5,5,0.989,29.68,24.75
ep_0000087.npz,1,1,-4.04,294.6,0.0152,0.0361,265,220.0,164.5,164.5,10,0.959,28.25,29.37
ep_0000088.npz,1,1,-144.71,72.4,0.0034,0.0245,1242,260.0,39.3,100.1,11,0.99,27.75,40.5
ep_0000089.npz,1,1,-130.33,277.7,0.0309,0.0034,923,225.0,148.9,148.9,9,0.99,20.22,48.97
ep_0000090.npz,1,1,116.88,-374.5,0.0265,0.0016,890,175.0,202.9,202.9,7,0.992,29.6,9.31
ep_0000091.npz,1,1,-32.48,96.7,0.0016,0.007,618,150.0,55.0,55.0,6,0.989,25.56,49.7
ep_0000092.npz,1,1,-123.85,-96.1,0.0282,0.0489,693,320.0,51.2,200.6,14,0.978,28.66,36.82
ep_0000093.npz,1,1,161.37,-195.7,0.0456,0.0342,1018,290.0,107.4,201.4,14,0.985,29.52,30.01
ep_0000094.npz,1,1,-12.72,-458.7,0.0223,0.0078,355,280.0,252.4,252.4,13,0.961,29.12,23.45
ep_0000095.npz,1,1,-113.05,159.9,0.0369,0.0236,918,360.0,84.6,228.2,15,0.984,29.08,42.05
ep_0000096.npz,1,1,12.63,180.9,0.0173,0.0263,298,180.0,96.7,159.4,9,0.967,29.56,22.6
ep_0000097.npz,1,1,-60.53,190.7,0.0431,0.0477,749,330.0,103.4,272.7,15,0.98,29.95,27.9
ep_0000098.npz,1,1,50.27,-158.0,0.0082,0.0368,716,205.0,85.2,107.2,10,0.985,29.51,35.4
ep_0000099.npz,1,1,-141.0,220.5,0.0321,0.0277,972,200.0,120.8,132.8,8,0.992,29.4,18.88
ep_0000100.npz,1,1,-87.96,-254.7,0.0276,0.0048,554,185.0,137.4,137.4,8,0.986,27.79,41.43
ep_0000101.npz,1,1,-96.0,122.9,0.0339,0.0219,772,275.0,66.7,128.8,11,0.986,29.58,15.46
ep_0000102.npz,1,1,-97.59,94.3,0.0091,0.0495,720,260.0,51.3,183.5,11,0.985,29.47,30.84
ep_0000103.npz,1,1,138.46,-139.3,0.041,0.0155,1025,300.0,78.3,165.8,12,0.988,25.76,46.38
ep_0000104.npz,1,1,55.46,-246.3,0.0284,0.0225,799,310.0,134.7,142.5,13,0.984,28.94,30.86
ep_0000105.npz,1,1,19.2,50.8,0.0463,0.0079,296,235.0,27.8,205.1,10,0.963,29.45,19.66
ep_0000106.npz,1,1,-63.99,-64.1,0.0213,0.0371,814,275.0,35.5,199.6,14,0.983,29.86,34.79
ep_0000107.npz,1,1,103.01,134.2,0.0412,0.0348,1015,260.0,73.5,161.7,13,0.987,28.93,29.51
ep_0000108.npz,1,1,-129.07,-268.0,0.0271,0.0419,551,260.0,143.5,202.8,11,0.978,28.62,43.15
ep_0000109.npz,1,1,-94.91,-252.5,0.0388,0.0003,549,185.0,136.6,145.2,8,0.985,29.9,32.25
ep_0000110.npz,1,1,77.3,244.4,0.0367,0.0244,661,240.0,132.0,209.3,12,0.98,28.9,38.9
ep_0000111.npz,1,1,19.24,200.4,0.0328,0.009,378,180.0,107.3,107.3,9,0.974,29.6,38.89
ep_0000112.npz,1,1,177.7,-54.3,0.0011,0.0086,1550,175.0,31.2,31.2,7,0.995,28.89,28.5
ep_0000113.npz,1,1,122.89,102.3,0.0229,0.0005,758,200.0,57.1,86.4,8,0.989,29.19,42.85
ep_0000114.npz,1,1,45.95,-80.9,0.0286,0.0251,463,260.0,43.1,163.8,11,0.976,29.38,39.1
ep_0000115.npz,1,1,-6.06,142.2,0.0107,0.0089,277,125.0,76.7,76.7,5,0.978,27.53,45.99
ep_0000116.npz,1,1,-115.4,142.6,0.0067,0.0341,813,250.0,79.3,105.0,10,0.986,29.87,13.56
ep_0000117.npz,1,1,-166.86,-73.6,0.0387,0.0328,932,275.0,39.5,220.6,11,0.988,29.7,33.84
ep_0000118.npz,1,1,-140.0,230.4,0.0296,0.0105,1333,200.0,123.7,123.7,10,0.993,28.76,34.63
ep_0000119.npz,1,1,137.97,302.4,0.0266,0.0338,824,205.0,166.3,166.3,10,0.988,29.8,35.05
ep_0000120.npz,1,1,-172.32,94.1,0.0108,0.0171,1025,250.0,52.4,74.1,10,0.99,29.93,42.12
ep_0000121.npz,1,1,-109.76,415.4,0.0056,0.0134,956,220.0,228.3,228.3,10,0.99,29.52,41.05
ep_0000122.npz,1,1,-26.39,119.5,0.0297,0.0098,459,180.0,64.2,84.2,9,0.978,28.5,33.95
ep_0000123.npz,1,1,102.81,332.8,0.0075,0.0306,531,195.0,182.9,182.9,9,0.983,29.2,28.04
ep_0000124.npz,1,1,-142.55,192.8,0.0307,0.0495,982,365.0,105.9,296.4,17,0.982,29.61,33.13
ep_0000125.npz,1,1,-168.72,-161.0,0.0484,0.0304,836,370.0,85.4,261.3,17,0.978,29.01,44.14
ep_0000126.npz,1,1,-121.22,283.0,0.0443,0.0025,1011,260.0,151.7,164.1,11,0.989,28.95,48.97
ep_0000127.npz,1,1,176.45,72.8,0.018,0.0263,1120,255.0,39.8,127.3,12,0.988,29.84,41.85
ep_0000128.npz,1,1,62.62,77.0,0.027,0.0278,387,225.0,40.8,184.7,9,0.974,29.6,34.19
ep_0000129.npz,1,1,52.73,-172.3,0.0402,0.002,912,210.0,96.9,152.7,9,0.99,27.51,48.2
ep_0000130.npz,1,1,2.26,-351.1,0.0212,0.0124,497,290.0,191.9,191.9,15,0.968,29.15,24.47
ep_0000131.npz,1,1,101.36,-285.5,0.018,0.0333,1092,340.0,154.0,184.1,16,0.985,28.62,31.83
ep_0000132.npz,1,1,-65.19,-89.3,0.0131,0.0161,586,185.0,47.4,104.6,8,0.985,28.8,31.75
ep_0000133.npz,1,1,112.8,-278.3,0.0116,0.0026,1082,185.0,151.6,151.6,8,0.993,28.59,43.56
ep_0000134.npz,1,1,-87.61,-246.4,0.0355,0.0338,538,245.0,134.7,178.1,11,0.98,29.11,29.47
ep_0000135.npz,1,1,-119.46,-102.2,0.0238,0.0331,778,260.0,55.3,199.9,11,0.986,28.66,33.67
ep_0000136.npz,1,1,-171.63,-75.3,0.041,0.0375,861,285.0,39.7,39.7,12,0.986,29.9,25.75
ep_0000137.npz,1,1,175.83,-286.5,0.0426,0.0142,955,280.0,156.3,182.5,13,0.986,28.41,41.58
ep_0000138.npz,1,1,45.94,-153.8,0.0135,0.0213,651,210.0,83.8,121.5,9,0.985,28.18,38.01
ep_0000139.npz,1,1,-145.17,58.3,0.0215,0.0168,943,320.0,31.0,91.6,14,0.985,28.9,29.2
ep_0000140.npz,1,1,-32.65,-349.3,0.0357,0.0038,348,185.0,192.0,192.0,8,0.974,29.63,30.44
ep_0000141.npz,1,1,-128.85,114.1,0.0068,0.0177,918,275.0,60.4,60.4,11,0.988,13.96,49.07
ep_0000142.npz,1,1,165.88,201.0,0.0023,0.0496,912,270.0,109.9,195.3,12,0.986,28.9,26.66
ep_0000143.npz,1,1,91.06,-122.1,0.0209,0.0187,932,285.0,66.0,148.2,12,0.987,29.66,24.68
ep_0000144.npz,1,1,-163.79,-62.4,0.0269,0.0456,1056,310.0,33.0,158.3,15,0.985,29.76,36.6
ep_0000145.npz,1,1,-62.96,-202.9,0.0192,0.0079,438,195.0,109.3,109.3,9,0.979,29.44,21.34
ep_0000146.npz,1,1,150.18,-81.4,0.0045,0.0492,966,310.0,44.3,170.2,13,0.986,29.65,25.98
ep_0000147.npz,1,1,24.9,-237.5,0.0379,0.0207,724,350.0,126.7,218.5,16,0.977,28.91,23.14
ep_0000148.npz,1,1,-72.93,-255.5,0.0353,0.0241,571,295.0,141.6,222.1,13,0.977,28.26,33.32
ep_0000149.npz,1,1,-19.11,234.0,0.0224,0.0129,591,225.0,130.0,130.0,11,0.98,28.89,32.26
ep_0000150.npz,1,1,165.14,96.1,0.01,0.011,1208,205.0,53.9,53.9,10,0.991,29.44,40.37
ep_0000151.npz,1,1,-70.06,146.7,0.0158,0.0205,1021,225.0,80.3,80.3,11,0.989,29.49,32.22
ep_0000152.npz,1,1,-17.27,-309.0,0.0201,0.0144,267,160.0,166.0,166.0,7,0.97,29.01,40.01
ep_0000153.npz,1,1,-111.44,236.4,0.0103,0.0269,968,310.0,128.4,138.4,13,0.987,25.03,47.34
ep_0000154.npz,1,1,-22.73,-227.2,0.0042,0.0001,431,140.0,127.1,127.1,7,0.981,29.34,25.18
ep_0000155.npz,1,1,-56.28,262.8,0.0269,0.0131,717,300.0,143.3,144.1,12,0.983,28.23,30.86
ep_0000156.npz,1,1,30.04,-247.5,0.0356,0.0086,840,205.0,137.5,137.5,10,0.987,27.73,38.18
ep_0000157.npz,1,1,47.26,-104.3,0.0112,0.0266,758,200.0,57.0,133.6,8,0.989,28.93,31.98
ep_0000158.npz,1,1,91.58,-255.9,0.0092,0.0027,922,275.0,140.7,140.7,11,0.987,29.74,41.25
ep_0000159.npz,1,1,-45.17,-218.4,0.0277,0.0158,433,210.0,116.7,141.5,9,0.979,28.2,36.02
ep_0000160.npz,1,1,-19.52,-271.4,0.005,0.0057,261,160.0,145.3,145.3,7,0.969,29.6,43.04
ep_0000161.npz,1,1,33.25,106.1,0.0025,0.0459,480,220.0,56.5,182.1,10,0.977,29.5,36.38
ep_0000162.npz,1,1,143.02,240.8,0.01,0.0284,757,220.0,132.4,139.5,10,0.987,28.91,21.95
ep_0000163.npz,1,1,71.69,179.4,0.0036,0.0385,486,210.0,99.0,153.2,9,0.982,29.45,25.65
ep_0000164.npz,1,1,99.02,-186.1,0.0268,0.0225,835,285.0,100.8,144.0,12,0.984,29.54,22.62
ep_0000165.npz,1,1,-106.71,292.3,0.0165,0.0382,1038,250.0,163.3,195.4,10,0.989,29.8,19.17
ep_0000166.npz,1,1,83.2,76.1,0.0182,0.034,797,195.0,40.6,127.0,9,0.989,28.72,35.51
ep_0000167.npz,1,1,128.81,-159.2,0.0461,0.0228,853,370.0,86.3,155.0,16,0.98,28.59,36.79
ep_0000168.npz,1,1,87.66,-118.3,0.0266,0.0331,781,340.0,65.4,219.8,15,0.98,29.83,26.53
ep_0000169.npz,1,1,-157.65,417.7,0.0133,0.0056,810,210.0,227.5,227.5,9,0.989,29.09,27.14
ep_0000170.npz,1,1,-67.29,148.4,0.0115,0.0266,839,235.0,80.9,144.9,10,0.988,28.37,28.5
ep_0000171.npz,1,1,-144.65,-246.7,0.0014,0.0436,901,240.0,133.1,165.5,11,0.988,28.55,27.91
ep_0000172.npz,1,1,32.91,-81.4,0.0081,0.0278,501,160.0,43.7,88.3,7,0.984,29.52,32.64
ep_0000173.npz,1,1,3.21,-304.6,0.0486,0.0199,247,255.0,164.6,164.6,12,0.948,29.55,29.05
ep_0000174.npz,1,1,4.29,-274.0,0.0104,0.0138,332,195.0,147.0,147.0,9,0.97,29.03,43.12
ep_0000175.npz,1,1,171.91,119.8,0.0021,0.0368,1064,270.0,65.9,133.8,12,0.988,29.26,29.05
ep_0000176.npz,1,1,34.98,149.8,0.028,0.002,391,185.0,82.5,114.5,8,0.98,29.71,33.12
ep_0000177.npz,1,1,58.73,172.8,0.0151,0.047,505,300.0,95.9,223.7,12,0.976,29.75,33.85
ep_0000178.npz,1,1,170.36,-208.5,0.0358,0.0341,860,300.0,111.1,234.8,12,0.985,29.05,27.58
ep_0000179.npz,1,1,49.67,112.9,0.0141,0.0004,642,130.0,60.5,60.5,7,0.988,29.28,45.46
ep_0000180.npz,1,1,-76.28,222.9,0.0343,0.0404,771,345.0,119.9,119.9,15,0.979,28.34,34.62
ep_0000181.npz,1,1,-57.23,175.9,0.0317,0.0452,728,310.0,97.2,193.8,13,0.981,29.35,23.96
ep_0000182.npz,1,1,68.89,333.0,0.0217,0.0421,657,235.0,180.5,180.5,10,0.985,29.61,22.12
ep_0000183.npz,1,1,-37.01,-180.8,0.0346,0.0111,493,150.0,97.7,97.7,8,0.982,28.63,31.8
ep_0000184.npz,1,1,138.19,95.2,0.0146,0.0425,781,255.0,52.8,112.7,11,0.985,29.92,38.76
ep_0000185.npz,1,1,-134.25,140.6,0.0006,0.0227,1067,260.0,74.9,83.4,11,0.989,29.35,45.3
ep_0000186.npz,1,1,-50.17,-348.2,0.0088,0.0008,423,195.0,190.0,190.0,9,0.979,29.23,33.51
ep_0000187.npz,1,1,-177.17,-254.0,0.0159,0.0041,914,185.0,139.3,139.3,8,0.99,29.34,31.37
ep_0000188.npz,1,1,25.36,-123.7,0.0413,0.0007,377,285.0,68.6,155.1,12,0.968,28.81,39.31
ep_0000189.npz,1,1,128.24,-92.5,0.0478,0.0123,977,225.0,49.8,151.9,9,0.991,29.88,33.56
ep_0000190.npz,1,1,43.45,386.9,0.0085,0.0303,397,205.0,213.4,213.4,10,0.975,28.8,31.72
ep_0000191.npz,1,1,-8.46,58.5,0.0346,0.0409,415,345.0,31.6,278.1,15,0.964,28.97,42.01
ep_0000192.npz,1,1,-143.02,230.6,0.0361,0.0365,1151,345.0,124.3,239.8,15,0.987,27.43,45.47
ep_0000193.npz,1,1,115.77,309.0,0.0275,0.0199,699,170.0,167.8,167.8,8,0.989,29.44,31.53
ep_0000194.npz,1,1,-22.62,375.7,0.0203,0.0396,533,325.0,205.4,205.4,13,0.974,13.06,48.27
ep_0000195.npz,1,1,32.6,-256.9,0.0465,0.0213,559,270.0,138.9,138.9,12,0.977,29.48,29.5
ep_0000196.npz,1,1,38.49,175.9,0.0417,0.0438,564,340.0,94.7,264.6,16,0.972,28.93,31.79
ep_0000197.npz,1,1,37.58,362.1,0.0011,0.0216,288,205.0,198.3,198.3,10,0.965,29.04,31.55
ep_0000198.npz,1,1,49.58,-60.6,0.0132,0.0051,635,185.0,33.3,51.3,8,0.986,29.53,41.28
ep_0000199.npz,1,1,-12.94,204.0,0.0029,0.0396,295,195.0,113.6,156.9,9,0.966,24.55,49.03
ep_0000200.npz,1,1,-84.06,275.9,0.0252,0.0404,993,295.0,151.4,151.4,13,0.986,29.24,29.19
ep_0000201.npz,1,1,-3.48,-143.7,0.005,0.0405,410,220.0,76.3,135.4,10,0.973,28.94,34.19
ep_0000202.npz,1,1,12.67,-56.6,0.0413,0.025,323,220.0,30.1,195.0,10,0.966,27.25,47.54
ep_0000203.npz,1,1,-62.25,-143.9,0.0233,0.0296,506,220.0,77.7,140.9,10,0.98,28.81,29.44
ep_0000204.npz,1,1,16.35,110.0,0.0445,0.0246,537,285.0,57.9,248.6,14,0.972,29.09,26.14
ep_0000205.npz,1,1,113.09,188.6,0.0322,0.0031,782,210.0,100.1,129.2,9,0.989,29.59,23.5
ep_0000206.npz,1,1,93.74,-75.1,0.023,0.0069,728,250.0,41.1,82.9,10,0.985,29.41,34.08
ep_0000207.npz,1,1,-90.39,235.8,0.027,0.0354,838,300.0,129.6,181.5,12,0.985,23.28,48.69
ep_0000208.npz,1,1,111.47,-87.5,0.006,0.0403,827,295.0,48.0,165.5,13,0.983,28.45,29.03
ep_0000209.npz,1,1,59.86,-83.2,0.0073,0.0164,640,200.0,46.8,46.8,8,0.986,28.63,30.98
ep_0000210.npz,1,1,97.79,57.2,0.0044,0.0457,879,245.0,30.6,172.7,11,0.988,28.74,39.8
ep_0000211.npz,1,1,98.8,-163.7,0.0223,0.0073,757,275.0,93.1,93.1,11,0.984,29.08,22.31
ep_0000212.npz,1,1,-16.29,-248.3,0.029,0.0221,354,175.0,136.8,136.8,7,0.977,28.7,29.3
ep_0000213.npz,1,1,-162.45,-353.2,0.0311,0.0299,716,200.0,191.6,191.6,8,0.989,29.15,40.7
ep_0000214.npz,1,1,-119.9,204.5,0.0094,0.0288,969,325.0,113.6,134.3,13,0.987,29.66,24.25
ep_0000215.npz,1,1,71.5,208.4,0.018,0.0476,530,270.0,112.7,224.9,12,0.976,29.39,36.48
ep_0000216.npz,1,1,-111.72,-52.0,0.0151,0.0144,801,235.0,28.0,86.2,10,0.988,29.7,37.01
ep_0000217.npz,1,1,148.04,222.0,0.0339,0.0196,936,160.0,121.8,121.8,7,0.993,28.89,29.4
ep_0000218.npz,1,1,80.8,-271.6,0.034,0.0037,1339,300.0,148.1,148.1,12,0.991,29.94,26.2
ep_0000219.npz,1,1,32.38,53.0,0.0025,0.0284,508,200.0,28.2,108.5,10,0.98,29.33,33.98
ep_0000220.npz,1,1,-167.1,-392.5,0.0492,0.004,840,225.0,216.9,216.9,11,0.987,29.74,29.88
ep_0000221.npz,1,1,-59.92,-200.0,0.0155,0.0358,581,295.0,106.2,189.6,13,0.976,29.75,29.18
ep_0000222.npz,1,1,-147.2,136.5,0.002,0.0066,1267,160.0,76.8,76.8,7,0.994,28.91,49.81
ep_0000223.npz,1,1,117.78,-432.8,0.0097,0.0094,968,245.0,235.7,235.7,11,0.989,29.69,21.13
ep_0000224.npz,1,1,76.1,-283.5,0.0042,0.0149,890,360.0,152.6,152.6,15,0.982,29.59,24.74
ep_0000225.npz,1,1,-112.12,59.0,0.0298,0.0384,703,260.0,32.1,78.2,11,0.983,29.58,34.6
ep_0000226.npz,1,1,-74.47,150.1,0.0059,0.0397,804,275.0,82.0,171.4,13,0.984,28.99,32.29
ep_0000227.npz,1,1,131.03,86.8,0.0015,0.0216,847,195.0,49.5,85.8,9,0.989,27.63,43.05
ep_0000228.npz,1,1,-137.18,-54.3,0.017,0.0128,800,230.0,30.4,55.7,11,0.985,28.8,31.99
ep_0000229.npz,1,1,7.1,201.0,0.0163,0.0315,369,185.0,113.4,113.4,8,0.978,29.17,48.27
ep_0000230.npz,1,1,165.47,-460.0,0.018,0.0034,722,245.0,251.9,251.9,11,0.985,28.26,31.86
ep_0000231.npz,1,1,-18.25,-66.5,0.024,0.048,288,300.0,35.1,266.2,12,0.955,29.88,34.36
ep_0000232.npz,1,1,18.16,236.7,0.0253,0.048,306,275.0,129.4,180.0,11,0.961,29.25,31.84
ep_0000233.npz,1,1,-91.75,133.2,0.0158,0.0272,895,270.0,73.1,73.1,12,0.987,29.73,33.51
ep_0000234.npz,1,1,-119.33,267.4,0.0291,0.0424,1068,355.0,143.0,143.0,15,0.985,28.17,38.58
ep_0000235.npz,1,1,-130.54,111.2,0.0114,0.0304,1103,300.0,60.9,157.8,14,0.987,29.67,21.28
ep_0000236.npz,1,1,-126.76,342.2,0.0224,0.049,1154,275.0,185.7,269.8,11,0.99,29.84,36.13
ep_0000237.npz,1,1,-153.39,72.8,0.0387,0.0218,1052,315.0,39.0,160.9,14,0.986,29.19,33.75
ep_0000238.npz,1,1,-49.56,-230.6,0.0122,0.0315,464,235.0,126.0,163.2,10,0.978,28.73,31.01
ep_0000239.npz,1,1,-103.28,-81.0,0.0151,0.0292,697,175.0,42.7,64.2,7,0.989,29.27,29.39
ep_0000240.npz,1,1,-160.27,-255.9,0.0188,0.0166,851,170.0,143.6,143.6,8,0.991,29.56,28.5
ep_0000241.npz,1,1,105.06,-330.8,0.0233,0.0003,1100,195.0,184.6,184.6,9,0.992,28.39,38.07
ep_0000242.npz,1,1,175.03,343.5,0.0058,0.0486,873,245.0,188.4,188.4,11,0.987,29.99,37.47
ep_0000243.npz,1,1,-154.14,-91.7,0.0364,0.0158,844,275.0,48.4,156.8,11,0.986,29.32,41.81
ep_0000244.npz,1,1,-163.87,65.9,0.0143,0.0154,1148,225.0,37.8,109.9,9,0.992,29.56,41.2
ep_0000245.npz,1,1,-114.24,230.9,0.0202,0.0157,1055,345.0,125.9,129.0,15,0.985,28.58,40.6
ep_0000246.npz,1,1,-79.25,-72.6,0.0147,0.0148,618,195.0,41.1,107.2,9,0.985,28.54,40.26
ep_0000247.npz,1,1,70.13,-198.9,0.0382,0.0003,774,300.0,108.4,142.5,14,0.981,28.75,23.24
ep_0000248.npz,1,1,-105.91,-105.0,0.0174,0.0316,715,210.0,57.7,57.7,9,0.987,29.42,45.96
ep_0000249.npz,1,1,-69.0,79.8,0.0422,0.0181,655,250.0,43.8,157.6,10,0.983,29.44,25.61
ep_0000250.npz,1,1,-11.41,-89.5,0.0074,0.0332,434,170.0,47.4,129.4,8,0.982,29.73,31.61
ep_0000251.npz,1,1,-83.62,-350.2,0.0402,0.0021,661,235.0,191.0,191.0,10,0.985,29.78,29.34
ep_0000252.npz,1,1,161.94,-78.9,0.03,0.0356,1143,300.0,42.8,181.4,14,0.988,29.85,37.64
ep_0000253.npz,1,1,-59.82,-141.1,0.0007,0.0447,495,235.0,75.9,165.7,10,0.978,29.53,25.79
ep_0000254.npz,1,1,-28.32,-162.5,0.0192,0.024,315,185.0,87.2,157.9,10,0.968,29.03,30.09
ep_0000255.npz,1,1,-162.17,-58.0,0.0095,0.0489,1119,290.0,31.6,216.7,13,0.988,29.79,19.01
ep_0000256.npz,1,1,-126.49,292.0,0.004,0.034,1009,175.0,156.7,156.7,7,0.993,16.52,49.47
ep_0000257.npz,1,1,-161.17,348.4,0.0019,0.006,969,185.0,191.6,191.6,8,0.992,29.86,33.51
ep_0000258.npz,1,1,85.0,-330.8,0.0173,0.0184,1167,200.0,179.2,179.2,8,0.993,28.68,45.75
ep_0000259.npz,1,1,-33.92,-406.2,0.0308,0.0043,332,200.0,221.6,221.6,8,0.973,29.98,47.07
ep_0000260.npz,1,1,-27.11,153.8,0.0279,0.0347,631,160.0,81.7,81.7,7,0.987,29.87,31.24
ep_0000261.npz,1,1,-135.19,77.6,0.0307,0.0134,942,300.0,43.5,168.3,12,0.986,29.45,41.86
ep_0000262.npz,1,1,-169.38,96.0,0.0085,0.0119,1006,245.0,50.4,50.4,11,0.988,29.48,35.71
ep_0000263.npz,1,1,15.29,-256.3,0.0465,0.0129,620,350.0,142.4,207.4,14,0.977,29.87,22.38
ep_0000264.npz,1,1,111.27,306.2,0.0018,0.0032,603,170.0,170.2,170.2,8,0.987,28.2,35.42
ep_0000265.npz,1,1,76.61,-54.5,0.0262,0.0413,510,275.0,28.9,246.6,11,0.978,29.0,44.52
ep_0000266.npz,1,1,176.23,80.1,0.0278,0.021,923,300.0,43.2,175.9,12,0.987,29.53,31.33
ep_0000267.npz,1,1,169.35,199.6,0.0473,0.0413,781,310.0,106.7,189.3,13,0.982,28.21,30.53
ep_0000268.npz,1,1,-18.05,326.4,0.0157,0.0024,761,285.0,180.1,180.1,12,0.983,28.44,28.81
ep_0000269.npz,1,1,-92.45,349.4,0.0025,0.0451,1090,370.0,189.3,189.3,16,0.984,30.0,36.89
ep_0000270.npz,1,1,159.16,-156.5,0.0034,0.0323,1040,235.0,84.9,112.9,10,0.99,28.82,39.56
ep_0000271.npz,1,1,4.49,-255.6,0.011,0.0278,463,235.0,139.2,139.2,12,0.972,28.58,36.16
ep_0000272.npz,1,1,109.44,145.3,0.0305,0.0317,556,260.0,78.9,201.7,11,0.98,29.58,38.17
ep_0000273.npz,1,1,153.91,-110.8,0.0404,0.0012,1042,285.0,62.4,157.7,12,0.988,27.52,43.38
ep_0000274.npz,1,1,-152.82,418.9,0.0002,0.0417,908,230.0,229.9,229.9,11,0.988,27.03,49.92
ep_0000275.npz,1,1,42.84,133.8,0.0138,0.0038,483,60.0,70.8,70.8,3,0.994,26.33,48.72
ep_0000276.npz,1,1,-140.34,-132.1,0.0462,0.0038,892,270.0,71.2,177.0,12,0.987,29.62,48.97
ep_0000277.npz,1,1,-167.1,-192.8,0.0002,0.0071,886,200.0,107.0,107.0,8,0.991,28.71,32.54
ep_0000278.npz,1,1,83.36,60.8,0.0126,0.0333,674,280.0,33.1,173.5,13,0.981,29.64,34.57
ep_0000279.npz,1,1,-130.52,179.7,0.0295,0.0356,1190,310.0,98.8,148.3,13,0.989,29.05,30.9
ep_0000280.npz,1,1,-13.35,-168.0,0.0396,0.016,211,150.0,89.4,153.7,6,0.967,28.69,36.83
ep_0000281.npz,1,1,34.55,64.5,0.0351,0.0058,286,185.0,35.3,134.5,8,0.972,28.84,42.75
ep_0000282.npz,1,1,-159.04,257.4,0.0088,0.0306,999,185.0,144.3,144.3,8,0.992,29.23,21.81
ep_0000283.npz,1,1,-27.05,52.8,0.0053,0.0089,683,120.0,29.4,29.4,6,0.99,29.78,36.83
ep_0000284.npz,1,1,80.24,293.0,0.0185,0.0032,486,150.0,163.2,163.2,6,0.988,29.36,21.39
ep_0000285.npz,1,1,-106.25,-69.2,0.0026,0.0026,899,185.0,36.9,36.9,8,0.99,29.97,46.46
ep_0000286.npz,1,1,70.0,-283.9,0.0104,0.0222,843,260.0,156.9,156.9,11,0.986,29.91,5.84
ep_0000287.npz,1,1,-41.21,-217.4,0.0209,0.0094,445,110.0,117.1,117.1,5,0.989,27.82,41.71
ep_0000288.npz,1,1,122.92,-269.7,0.0017,0.0046,999,200.0,150.7,150.7,8,0.992,29.98,39.78
ep_0000289.npz,1,1,17.11,260.9,0.0389,0.0242,548,215.0,140.0,194.5,10,0.98,29.99,37.22
ep_0000290.npz,1,1,174.64,314.1,0.0102,0.0307,965,170.0,172.3,172.3,8,0.992,28.94,40.23
ep_0000291.npz,1,1,121.45,113.0,0.01,0.0078,798,220.0,62.6,67.1,10,0.986,29.99,27.3
ep_0000292.npz,1,1,-70.49,-119.4,0.0236,0.0258,575,225.0,65.1,171.6,9,0.984,24.12,48.47
ep_0000293.npz,1,1,20.12,152.7,0.0169,0.0272,591,110.0,86.3,86.3,7,0.988,29.59,28.06
ep_0000294.npz,1,1,-131.67,-90.3,0.0297,0.0364,838,300.0,48.0,246.2,14,0.983,28.38,31.58
ep_0000295.npz,1,1,90.9,259.4,0.0133,0.0074,608,190.0,144.4,144.4,9,0.984,29.68,32.26
ep_0000296.npz,1,1,114.88,225.0,0.0466,0.0409,699,370.0,119.8,317.7,16,0.976,25.91,48.86
ep_0000297.npz,1,1,91.39,-203.6,0.0499,0.0048,1066,300.0,110.9,171.1,12,0.989,28.97,26.27
ep_0000298.npz,1,1,-22.48,-160.6,0.0286,0.0202,359,220.0,88.7,144.9,10,0.969,28.75,38.28
ep_0000299.npz,1,1,96.77,214.7,0.0435,0.02,656,330.0,114.2,236.9,15,0.976,29.84,20.45
ep_0000300.npz,1,1,173.58,210.6,0.0041,0.0099,1046,150.0,115.7,115.7,6,0.994,25.84,47.84
ep_0000301.npz,1,1,-51.5,-128.9,0.0435,0.0042,525,235.0,69.6,147.7,10,0.979,29.4,37.45
ep_0000302.npz,1,1,147.01,-270.3,0.0012,0.026,868,245.0,147.7,147.7,11,0.987,28.78,32.91
ep_0000303.npz,1,1,99.23,117.4,0.0197,0.0316,566,150.0,65.8,166.2,6,0.989,28.43,49.2
ep_0000304.npz,1,1,-40.27,268.7,0.0149,0.009,771,305.0,149.3,149.3,13,0.982,29.78,24.78
ep_0000305.npz,1,1,17.3,-243.8,0.0173,0.0135,568,210.0,130.6,130.6,9,0.982,29.82,18.74
ep_0000306.npz,1,1,77.56,159.4,0.0155,0.0465,573,175.0,87.1,126.9,7,0.986,22.85,48.9
ep_0000307.npz,1,1,20.11,-77.6,0.0426,0.0067,561,235.0,42.6,183.3,12,0.979,29.01,29.13
ep_0000308.npz,1,1,-163.56,299.0,0.009,0.025,946,200.0,162.5,162.5,8,0.992,23.75,47.04
ep_0000309.npz,1,1,-35.13,-168.9,0.0196,0.0265,526,95.0,90.9,90.9,5,0.991,29.27,28.22
ep_0000310.npz,1,1,35.12,-72.9,0.0133,0.0239,419,185.0,38.5,94.0,8,0.981,28.03,48.09
ep_0000311.npz,1,1,-156.02,-136.8,0.0017,0.0033,1213,135.0,76.4,76.4,6,0.995,29.79,26.33
ep_0000312.npz,1,1,-171.1,53.6,0.02,0.005,1190,235.0,28.0,86.7,10,0.992,29.88,25.91
ep_0000313.npz,1,1,158.65,-163.4,0.0165,0.0031,1113,210.0,92.8,92.8,9,0.992,29.3,20.67
ep_0000314.npz,1,1,-118.13,115.0,0.0328,0.0018,1053,290.0,62.5,127.0,13,0.988,28.55,42.01
ep_0000315.npz,1,1,11.3,61.8,0.0037,0.0132,389,45.0,33.4,42.1,3,0.992,23.68,47.12
ep_0000316.npz,1,1,19.9,60.2,0.0042,0.0013,306,75.0,34.3,34.3,3,0.987,28.22,43.35
ep_0000317.npz,1,1,73.56,277.0,0.0015,0.0183,615,165.0,150.8,150.8,8,0.987,28.99,43.44
ep_0000318.npz,1,1,10.26,-112.1,0.0158,0.0254,374,125.0,60.6,91.6,5,0.984,29.98,16.9
ep_0000319.npz,1,1,-78.65,137.0,0.0177,0.0042,880,280.0,72.9,79.7,12,0.985,28.79,34.99
ep_0000320.npz,1,1,-87.85,114.1,0.0191,0.0248,859,235.0,60.5,113.3,10,0.988,29.41,48.31
ep_0000321.npz,1,1,170.3,-81.1,0.0098,0.0144,1088,245.0,42.8,57.0,11,0.99,29.2,39.46
ep_0000322.npz,1,1,-7.06,198.5,0.0083,0.0284,436,185.0,108.9,108.9,8,0.982,29.48,35.92
ep_0000323.npz,1,1,5.58,-177.3,0.0026,0.0002,285,135.0,100.4,100.4,6,0.976,29.6,12.73
ep_0000324.npz,1,1,58.46,77.1,0.0376,0.0136,594,210.0,41.1,176.2,9,0.985,28.37,44.09
ep_0000325.npz,1,1,144.52,229.6,0.0327,0.0238,802,175.0,125.4,125.4,7,0.99,29.97,34.91
ep_0000326.npz,1,1,-102.43,250.5,0.0122,0.0279,1071,320.0,138.9,138.9,14,0.986,29.5,32.11
ep_0000327.npz,1,1,51.34,-72.0,0.0193,0.0048,879,165.0,40.7,70.6,8,0.99,28.47,32.06
ep_0000328.npz,1,1,-23.57,189.4,0.0122,0.0096,581,195.0,106.5,106.5,9,0.983,27.89,39.11
ep_0000329.npz,1,1,-91.77,-120.7,0.0063,0.0028,641,160.0,64.4,64.4,7,0.988,29.36,33.9
ep_0000330.npz,1,1,61.7,170.2,0.0226,0.0388,562,85.0,90.3,90.3,4,0.993,24.46,49.87
ep_0000331.npz,1,1,-163.31,84.7,0.0094,0.0237,1194,210.0,47.7,125.8,9,0.992,29.12,21.4
ep_0000332.npz,1,1,58.3,-60.2,0.0178,0.0118,570,210.0,33.6,47.4,9,0.982,27.99,46.09
ep_0000333.npz,1,1,85.77,-112.1,0.0133,0.0273,1075,235.0,60.0,95.6,10,0.991,29.68,35.56
ep_0000334.npz,1,1,131.85,158.8,0.0309,0.0015,723,225.0,86.7,121.4,9,0.986,28.73,48.96
ep_0000335.npz,1,1,55.36,-235.5,0.0,0.0126,768,260.0,127.0,127.0,11,0.984,28.58,35.65
ep_0000336.npz,1,1,38.84,-245.8,0.0337,0.0152,670,270.0,133.3,149.4,12,0.981,29.55,27.13
ep_0000337.npz,1,1,-143.69,-317.0,0.014,0.0003,785,185.0,172.7,172.7,8,0.99,29.34,37.1
ep_0000338.npz,1,1,-97.07,-194.5,0.0002,0.002,608,150.0,104.3,104.3,6,0.99,29.08,31.93
ep_0000339.npz,1,1,-157.66,98.5,0.0124,0.0325,1084,260.0,56.1,112.7,11,0.99,27.42,41.4
ep_0000340.npz,1,1,56.6,-151.8,0.0193,0.0326,741,270.0,84.2,114.2,12,0.982,28.96,26.09
ep_0000341.npz,1,1,-73.63,158.4,0.0373,0.0377,902,390.0,85.0,279.0,17,0.98,29.77,32.15
ep_0000342.npz,1,1,7.01,389.0,0.0129,0.0237,434,285.0,211.0,211.0,12,0.97,28.01,34.59
ep_0000343.npz,1,1,-108.21,74.2,0.014,0.0443,939,260.0,40.7,221.5,11,0.988,29.68,35.21
ep_0000344.npz,1,1,-66.71,-96.4,0.0262,0.0144,582,145.0,52.8,59.8,7,0.988,29.68,28.09
ep_0000345.npz,1,1,-88.66,-209.5,0.0217,0.0102,529,150.0,112.5,112.5,6,0.987,16.5,48.82
ep_0000346.npz,1,1,2.73,161.0,0.028,0.0309,293,250.0,89.2,208.0,10,0.963,29.34,29.33
ep_0000347.npz,1,1,-25.54,-66.0,0.0497,0.0115,520,285.0,36.0,207.1,12,0.975,28.08,35.65
ep_0000348.npz,1,1,113.68,-312.1,0.0214,0.0236,1168,245.0,171.1,171.1,11,0.991,28.58,32.89
ep_0000349.npz,1,1,-124.93,-73.3,0.0114,0.0225,753,295.0,38.5,126.5,13,0.981,28.83,33.21
ep_0000350.npz,1,1,149.11,155.3,0.0278,0.0123,902,175.0,86.2,86.2,7,0.991,26.66,49.55
ep_0000351.npz,1,1,166.3,-115.7,0.029,0.0195,994,255.0,61.4,157.6,12,0.988,29.77,31.18
ep_0000352.npz,1,1,-8.66,-270.7,0.0165,0.0241,170,145.0,146.9,146.9,7,0.953,28.85,22.66
ep_0000353.npz,1,1,-79.78,184.2,0.0044,0.0366,965,275.0,102.0,146.6,13,0.987,29.19,38.87
ep_0000354.npz,1,1,-78.4,-338.7,0.0276,0.011,588,195.0,182.9,182.9,9,0.985,29.35,25.86
ep_0000355.npz,1,1,170.41,143.5,0.0115,0.0073,1035,255.0,79.5,79.5,12,0.988,28.23,31.82
ep_0000356.npz,1,1,-24.31,85.9,0.0347,0.0036,555,160.0,47.2,136.1,7,0.987,28.98,35.08
ep_0000357.npz,1,1,37.6,-345.0,0.0212,0.0244,891,255.0,186.7,186.7,12,0.985,29.96,42.36
ep_0000358.npz,1,1,86.42,-135.0,0.0202,0.0146,812,280.0,71.9,73.6,12,0.984,29.61,45.58
ep_0000359.npz,1,1,-36.49,-152.6,0.0276,0.0204,355,75.0,85.3,85.3,3,0.992,29.22,36.18
ep_0000360.npz,1,1,-147.12,59.3,0.0134,0.006,939,300.0,32.0,72.7,12,0.987,29.96,18.36
ep_0000361.npz,1,1,137.96,-62.5,0.009,0.0211,946,250.0,33.7,55.7,10,0.988,29.45,24.93
ep_0000362.npz,1,1,108.69,-138.9,0.009,0.0211,848,320.0,76.4,113.3,14,0.982,28.63,38.2
ep_0000363.npz,1,1,-51.39,144.2,0.0141,0.0266,510,270.0,77.2,143.8,12,0.975,27.67,42.75
ep_0000364.npz,1,1,11.36,95.7,0.0204,0.028,195,210.0,53.5,178.0,9,0.949,29.35,19.39
ep_0000365.npz,1,1,65.76,210.3,0.0114,0.0203,583,110.0,115.4,115.4,5,0.991,29.61,31.9
ep_0000366.npz,1,1,-157.93,58.0,0.0373,0.0331,1026,335.0,30.5,260.6,14,0.986,29.89,34.15
ep_0000367.npz,1,1,132.63,145.4,0.0044,0.0175,934,185.0,82.6,82.6,8,0.991,28.71,37.9
ep_0000368.npz,1,1,141.47,-179.8,0.0259,0.0244,1082,360.0,100.0,161.4,17,0.983,29.42,24.92
ep_0000369.npz,1,1,-106.57,103.8,0.0238,0.0309,816,300.0,57.7,193.1,12,0.985,28.98,29.55
ep_0000370.npz,1,1,17.34,-225.5,0.0002,0.0193,426,210.0,120.6,120.6,9,0.977,29.37,22.07
ep_0000371.npz,1,1,157.57,-220.1,0.0364,0.028,1067,225.0,121.2,121.2,9,0.991,29.79,26.16
ep_0000372.npz,1,1,-57.48,-111.4,0.0458,0.0043,549,260.0,59.5,159.0,11,0.98,29.91,33.82
ep_0000373.npz,1,1,-4.71,-282.6,0.0346,0.0101,352,200.0,153.9,153.9,8,0.975,29.17,45.13
ep_0000374.npz,1,1,-102.12,-51.6,0.0221,0.0085,736,225.0,29.0,98.9,9,0.986,20.68,49.47
ep_0000375.npz,1,1,-99.75,336.9,0.006,0.0106,1422,175.0,182.3,182.3,7,0.994,29.88,21.78
ep_0000376.npz,1,1,-70.91,-75.4,0.0405,0.0236,829,135.0,41.7,77.4,6,0.992,29.27,31.47
ep_0000377.npz,1,1,-40.4,318.0,0.0217,0.0473,577,325.0,173.1,187.7,13,0.976,28.85,34.34
ep_0000378.npz,1,1,151.68,-152.3,0.0122,0.0089,1039,245.0,85.5,85.5,11,0.989,28.67,40.67
ep_0000379.npz,1,1,-30.67,-111.8,0.0473,0.0474,377,100.0,59.6,61.8,4,0.989,29.57,26.97
ep_0000380.npz,1,1,-63.23,57.3,0.0089,0.0491,584,260.0,30.6,159.3,11,0.979,25.89,47.33
ep_0000381.npz,1,1,8.85,-93.0,0.029,0.009,412,180.0,52.4,111.6,9,0.978,29.03,28.76
ep_0000382.npz,1,1,94.62,287.4,0.0093,0.0422,678,245.0,154.4,189.9,13,0.981,28.44,35.68
ep_0000383.npz,1,1,78.28,124.4,0.0096,0.0365,619,170.0,68.5,150.8,8,0.985,29.56,19.29
ep_0000384.npz,1,1,104.5,-69.6,0.0377,0.0455,873,260.0,37.0,37.0,11,0.987,29.97,47.09
ep_0000385.npz,1,1,-82.57,-255.6,0.0046,0.02,523,195.0,136.9,136.9,9,0.981,29.71,30.94
ep_0000386.npz,1,1,-16.65,178.6,0.0006,0.0434,319,260.0,95.9,165.7,11,0.963,29.97,18.07
ep_0000387.npz,1,1,115.25,182.2,0.0372,0.0076,746,250.0,100.0,129.2,10,0.985,28.57,33.41
ep_0000388.npz,1,1,-175.5,182.7,0.0004,0.0443,904,235.0,98.9,168.3,10,0.989,22.17,49.32
ep_0000389.npz,1,1,-28.09,126.7,0.0188,0.0083,631,175.0,68.0,69.6,7,0.987,28.16,40.89
ep_0000390.npz,1,1,-105.09,217.3,0.0112,0.0087,1002,275.0,118.1,118.1,11,0.988,22.96,49.71
ep_0000391.npz,1,1,176.42,109.0,0.0323,0.0356,886,250.0,59.7,102.1,10,0.988,29.31,33.48
ep_0000392.npz,1,1,-116.14,-279.8,0.0058,0.0133,725,160.0,150.0,150.0,7,0.99,29.27,44.95
ep_0000393.npz,1,1,-172.51,-175.8,0.0449,0.031,889,370.0,93.6,282.3,16,0.981,29.84,24.53
ep_0000394.npz,1,1,94.27,327.4,0.0106,0.0157,529,175.0,179.3,179.3,7,0.987,29.72,49.32
ep_0000395.npz,1,1,-75.54,-167.9,0.0378,0.0295,636,230.0,93.1,121.9,11,0.981,29.31,28.59
ep_0000396.npz,1,1,70.74,108.8,0.0034,0.0007,864,115.0,59.2,59.2,6,0.992,29.73,38.68
ep_0000397.npz,1,1,140.74,-160.4,0.05,0.0123,970,365.0,85.2,187.3,16,0.982,29.72,35.17
ep_0000398.npz,1,1,152.43,-186.5,0.0195,0.0086,1012,260.0,104.2,104.2,11,0.989,28.94,30.52
ep_0000399.npz,1,1,-169.55,-85.8,0.0153,0.0067,964,235.0,46.3,57.0,10,0.989,29.44,26.29
ep_0000400.npz,1,1,158.3,-76.7,0.045,0.0378,1177,335.0,41.8,146.3,16,0.986,28.78,31.78
ep_0000401.npz,1,1,-45.61,91.6,0.0087,0.0191,487,185.0,51.4,104.7,8,0.982,20.6,49.18
ep_0000402.npz,1,1,148.14,-102.1,0.0345,0.0099,1216,350.0,56.7,115.5,16,0.986,29.49,28.65
ep_0000403.npz,1,1,-55.45,70.2,0.0297,0.0416,504,375.0,37.3,262.6,15,0.97,28.12,31.91
ep_0000404.npz,1,1,-31.05,79.8,0.0022,0.0036,557,160.0,41.8,41.8,7,0.986,29.33,27.05
ep_0000405.npz,1,1,-95.6,135.9,0.0002,0.0173,995,300.0,74.7,74.7,14,0.985,28.61,38.09
ep_0000406.npz,1,1,166.22,-201.8,0.0374,0.0149,1364,295.0,109.8,195.1,13,0.99,29.65,36.87
ep_0000407.npz,1,1,-142.59,160.1,0.0182,0.0483,1141,320.0,87.3,237.0,14,0.988,28.84,30.36
ep_0000408.npz,1,1,163.35,-145.4,0.0446,0.0082,1218,320.0,78.7,159.5,14,0.988,28.77,26.96
ep_0000409.npz,1,1,1.76,-56.2,0.0135,0.0444,320,220.0,30.0,172.6,10,0.969,29.09,26.85
ep_0000410.npz,1,1,135.25,221.0,0.0032,0.0376,1024,220.0,120.5,136.5,10,0.989,29.75,28.6
ep_0000411.npz,1,1,-145.13,63.7,0.0029,0.0416,1021,285.0,34.6,156.7,12,0.987,28.73,46.83
ep_0000412.npz,1,1,-0.46,70.8,0.0033,0.0205,12,50.0,38.5,69.3,2,0.769,23.9,48.81
ep_0000413.npz,1,1,-133.89,-216.7,0.0115,0.004,773,160.0,120.8,120.8,7,0.991,29.8,36.85
ep_0000414.npz,1,1,166.68,-103.0,0.0228,0.0152,898,225.0,55.8,72.3,9,0.989,29.57,39.91
ep_0000415.npz,1,1,173.88,-172.7,0.0185,0.0138,857,245.0,95.3,117.7,11,0.986,29.43,32.0
ep_0000416.npz,1,1,-146.12,-90.6,0.0091,0.0019,961,245.0,47.7,47.7,11,0.989,28.08,44.52
ep_0000417.npz,1,1,-98.53,-164.5,0.0174,0.0295,735,240.0,90.4,146.2,11,0.985,29.77,23.15
ep_0000418.npz,1,1,108.26,265.6,0.0083,0.0326,599,200.0,142.0,142.0,8,0.985,29.53,32.47
ep_0000419.npz,1,1,-103.26,-363.7,0.0012,0.0138,489,195.0,196.7,196.7,9,0.982,15.3,48.61
ep_0000420.npz,1,1,-73.99,271.9,0.0182,0.0404,1007,305.0,149.3,149.3,14,0.986,28.09,44.35
ep_0000421.npz,1,1,147.91,-231.1,0.0342,0.0061,1004,235.0,126.8,126.8,10,0.99,29.36,42.26
ep_0000422.npz,1,1,-133.36,-362.2,0.0389,0.0102,671,260.0,197.4,197.4,11,0.982,29.23,21.34
ep_0000423.npz,1,1,40.77,188.1,0.0403,0.0143,401,245.0,102.2,207.5,11,0.973,15.9,48.3
ep_0000424.npz,1,1,-36.74,288.4,0.0013,0.0055,728,290.0,157.1,157.1,13,0.981,29.55,47.4
ep_0000425.npz,1,1,113.69,113.4,0.0146,0.0406,678,260.0,59.9,170.0,11,0.984,29.29,26.41
ep_0000426.npz,1,1,2.82,183.1,0.0304,0.0344,388,120.0,98.0,98.0,6,0.982,28.81,31.85
ep_0000427.npz,1,1,-39.36,260.5,0.0072,0.0337,667,250.0,141.2,141.2,10,0.984,29.59,40.71
ep_0000428.npz,1,1,-41.61,-164.4,0.042,0.0308,491,85.0,89.4,89.4,4,0.992,29.68,38.97
ep_0000429.npz,1,1,177.74,-127.3,0.0002,0.006,990,235.0,70.4,70.4,10,0.989,29.71,34.56
ep_0000430.npz,1,1,133.47,-332.5,0.0446,0.0312,1071,295.0,181.1,181.1,13,0.988,29.99,23.08
ep_0000431.npz,1,1,7.87,246.6,0.0317,0.0316,249,245.0,133.7,193.4,11,0.952,28.93,35.7
ep_0000432.npz,1,1,158.14,-289.0,0.0193,0.0346,811,250.0,154.9,154.9,10,0.988,28.51,30.09
ep_0000433.npz,1,1,137.81,334.9,0.0109,0.0051,664,185.0,183.2,183.2,8,0.988,29.68,47.63
ep_0000434.npz,1,1,122.13,292.0,0.0225,0.0238,701,220.0,160.6,168.0,10,0.986,25.98,48.37
ep_0000435.npz,1,1,80.94,277.5,0.0401,0.0259,607,270.0,149.3,243.6,12,0.979,29.58,46.16
ep_0000436.npz,1,1,77.95,-109.5,0.0454,0.0363,863,305.0,59.8,193.5,15,0.981,29.46,35.99
ep_0000437.npz,1,1,-144.87,84.5,0.0159,0.0465,1060,350.0,45.1,214.2,14,0.986,28.35,48.46
ep_0000438.npz,1,1,156.87,57.3,0.0111,0.0074,1328,235.0,30.1,67.8,12,0.991,29.34,27.28
ep_0000439.npz,1,1,-44.51,-112.8,0.0076,0.0338,542,160.0,61.2,116.6,7,0.987,28.28,43.35
ep_0000440.npz,1,1,-99.54,-110.3,0.0363,0.0343,841,255.0,59.4,181.8,11,0.987,28.23,46.38
ep_0000441.npz,1,1,104.73,-142.6,0.0218,0.0106,881,330.0,79.3,122.5,16,0.981,29.97,41.54
ep_0000442.npz,1,1,51.83,74.6,0.0101,0.0309,514,200.0,41.0,155.0,8,0.983,21.0,47.9
ep_0000443.npz,1,1,-82.91,113.1,0.0145,0.0229,757,310.0,60.2,60.2,13,0.982,29.84,47.37
ep_0000444.npz,1,1,-140.03,-142.5,0.0287,0.0437,770,210.0,76.6,76.6,9,0.987,28.83,37.31
ep_0000445.npz,1,1,-159.17,158.2,0.0145,0.0277,1212,190.0,89.6,89.6,9,0.992,29.85,32.32
ep_0000446.npz,1,1,52.15,164.6,0.0216,0.0297,338,200.0,87.3,174.6,8,0.976,25.17,45.41
ep_0000447.npz,1,1,-142.67,-87.2,0.0057,0.0182,1054,205.0,48.4,84.3,10,0.991,29.39,34.34
ep_0000448.npz,1,1,-96.23,-111.6,0.0164,0.0326,759,210.0,61.8,75.9,9,0.988,28.3,40.3
ep_0000449.npz,1,1,-7.94,55.4,0.036,0.0117,306,220.0,29.2,178.2,10,0.964,29.3,29.98
ep_0000450.npz,1,1,-73.59,-383.5,0.0289,0.0129,436,210.0,211.7,211.7,9,0.979,29.12,31.35
ep_0000451.npz,1,1,63.76,167.7,0.0028,0.0342,543,210.0,94.6,134.4,9,0.983,29.13,47.35
ep_0000452.npz,1,1,-25.89,141.4,0.0241,0.0337,499,335.0,79.3,217.2,14,0.97,27.96,48.78
ep_0000453.npz,1,1,-167.89,85.8,0.0246,0.0187,1051,245.0,47.8,136.8,11,0.99,29.01,35.69
ep_0000454.npz,1,1,105.45,-80.5,0.0336,0.0368,931,400.0,44.0,263.8,19,0.979,28.51,33.08
ep_0000455.npz,1,1,104.2,100.3,0.005,0.0435,685,235.0,53.2,171.7,10,0.984,29.3,18.62
ep_0000456.npz,1,1,-51.99,236.1,0.0076,0.0384,637,260.0,127.2,162.1,11,0.981,28.0,41.55
ep_0000457.npz,1,1,-84.13,284.5,0.0137,0.0163,784,325.0,153.6,153.6,13,0.982,28.89,40.36
ep_0000458.npz,1,1,-137.0,-182.4,0.0083,0.0164,915,200.0,98.1,98.1,8,0.99,29.16,33.19
ep_0000459.npz,1,1,-118.18,-85.6,0.0395,0.0188,860,330.0,46.4,215.2,15,0.983,29.66,20.7
ep_0000460.npz,1,1,129.26,52.2,0.0174,0.0466,820,375.0,28.8,231.0,17,0.978,28.54,37.58
ep_0000461.npz,1,1,-158.84,184.9,0.0021,0.0443,984,300.0,102.7,172.1,12,0.987,28.29,47.06
ep_0000462.npz,1,1,161.0,126.1,0.0147,0.0286,954,200.0,68.7,109.4,8,0.992,22.37,48.06
ep_0000463.npz,1,1,-62.4,-423.9,0.0206,0.0074,531,245.0,232.6,232.6,11,0.979,29.46,18.86
ep_0000464.npz,1,1,-55.09,158.1,0.0364,0.0476,747,385.0,84.1,229.1,16,0.977,29.49,27.39
ep_0000465.npz,1,1,160.84,-114.1,0.0384,0.0286,1007,330.0,63.3,246.1,15,0.985,27.92,42.48
ep_0000466.npz,1,1,49.95,-177.5,0.0314,0.0184,536,275.0,98.4,187.4,11,0.978,27.9,33.58
ep_0000467.npz,1,1,69.01,-350.2,0.0195,0.0002,1107,365.0,189.7,189.7,16,0.985,28.21,35.64
ep_0000468.npz,1,1,59.13,152.8,0.0365,0.0222,526,250.0,82.2,221.2,10,0.981,28.98,26.85
ep_0000469.npz,1,1,42.2,-335.7,0.0235,0.0113,857,310.0,187.4,187.4,13,0.984,29.45,42.46
ep_0000470.npz,1,1,-161.15,-79.6,0.0097,0.0005,986,250.0,43.9,43.9,10,0.99,17.96,49.32
ep_0000471.npz,1,1,103.2,-174.8,0.0175,0.0069,840,345.0,96.7,96.7,15,0.981,29.02,42.32
ep_0000472.npz,1,1,72.81,99.7,0.0091,0.0133,856,120.0,55.0,55.0,7,0.991,29.14,22.89
ep_0000473.npz,1,1,-23.26,-78.3,0.0025,0.0431,304,195.0,41.8,167.4,9,0.97,29.86,37.64
ep_0000474.npz,1,1,64.82,154.0,0.0427,0.0141,657,185.0,83.3,177.7,8,0.988,29.78,45.34
ep_0000475.npz,1,1,123.69,-119.9,0.0046,0.0276,930,270.0,65.4,94.4,12,0.987,27.68,48.03
ep_0000476.npz,1,1,-119.22,-113.6,0.0445,0.0237,868,250.0,61.1,154.0,10,0.988,28.91,31.54
ep_0000477.npz,1,1,-169.77,-111.2,0.0253,0.0017,886,175.0,63.5,92.1,7,0.991,21.47,48.79
ep_0000478.npz,1,1,157.07,-215.2,0.0463,0.0079,1057,295.0,119.9,192.4,13,0.987,24.19,47.51
ep_0000479.npz,1,1,113.75,-178.7,0.0007,0.0236,891,285.0,94.9,94.9,12,0.985,29.63,37.85
ep_0000480.npz,1,1,-44.08,128.8,0.048,0.033,998,245.0,68.1,157.0,11,0.989,29.63,28.54
ep_0000481.npz,1,1,-6.48,86.4,0.0328,0.0299,318,210.0,45.7,158.1,9,0.972,28.21,45.59
ep_0000482.npz,1,1,-79.31,341.6,0.0021,0.0196,792,355.0,184.3,184.3,16,0.979,20.44,48.9
ep_0000483.npz,1,1,-19.25,183.1,0.0148,0.012,487,210.0,98.8,98.8,9,0.98,29.83,30.87
ep_0000484.npz,1,1,167.34,86.8,0.006,0.014,1054,200.0,48.4,67.8,8,0.992,28.52,34.34
ep_0000485.npz,1,1,46.95,-149.9,0.0262,0.0227,459,260.0,82.1,184.1,11,0.974,25.97,49.88
ep_0000486.npz,1,1,23.0,74.9,0.024,0.0247,274,125.0,40.6,129.3,5,0.982,28.0,40.79
ep_0000487.npz,1,1,97.65,-163.5,0.0193,0.0104,1203,260.0,92.6,94.3,11,0.99,29.07,43.67
ep_0000488.npz,1,1,-73.55,331.1,0.0145,0.0242,962,325.0,184.5,184.5,15,0.983,26.53,47.65
ep_0000489.npz,1,1,147.49,116.6,0.0113,0.0245,901,220.0,66.2,74.6,10,0.988,28.5,28.26
ep_0000490.npz,1,1,-52.95,117.3,0.0084,0.0272,825,285.0,63.2,127.2,12,0.984,29.88,27.01
ep_0000491.npz,1,1,-127.56,-64.5,0.0234,0.0376,1086,260.0,34.1,56.1,13,0.987,29.7,34.17
ep_0000492.npz,1,1,57.5,-71.0,0.0045,0.0163,728,220.0,37.4,52.5,10,0.985,28.97,40.03
ep_0000493.npz,1,1,94.72,-66.8,0.0191,0.0051,923,270.0,37.3,54.8,12,0.986,24.91,48.45
ep_0000494.npz,1,1,-85.17,176.1,0.0098,0.029,726,275.0,98.6,98.6,11,0.983,29.64,12.08
ep_0000495.npz,1,1,-96.94,-186.4,0.0183,0.0397,742,270.0,101.2,178.4,12,0.983,29.88,29.16
ep_0000496.npz,1,1,-171.53,271.3,0.0013,0.0431,734,245.0,150.3,167.6,11,0.984,22.53,48.48
ep_0000497.npz,1,1,-73.38,353.1,0.0017,0.0245,797,360.0,194.1,194.1,15,0.98,29.86,26.58
ep_0000498.npz,1,1,133.68,217.8,0.0216,0.0026,810,160.0,116.8,116.8,7,0.991,29.94,25.37
ep_0000499.npz,1,1,-46.26,-196.8,0.0467,0.021,515,245.0,109.0,192.1,11,0.979,29.95,36.37
ep_0000500.npz,1,1,163.8,198.8,0.03,0.0419,949,310.0,107.5,251.0,13,0.986,29.66,40.37
