episode,terminal_cause,success,steps,episode_orbits,a_sat_km,a_tgt_km,hohmann_dv,policy_dv,lambert_dv_immediate,lambert_dv_free,lambert_dv_timematched,ratio_immediate,ratio_free,ratio_timematched,best_tof_immediate_s,best_revs_immediate,best_wait_free_s,best_tof_free_s,best_revs_free,best_wait_tm_s,best_tof_tm_s,best_revs_tm,n_burns,teleport_net_deg,teleport_abs_deg,teleport_coast_deg
ep_0000001.npz,1,1,139,1.407411594437866,6909.9425,7077.6535,90.52201825644806,175.0,253.35053428657739,199.95678673635427,210.15086908104416,0.6907425732998408,0.8751890988863502,0.8327350763061164,3664.7021881435658,0,3340.671347206043,10552.060024938279,1,3338.8300535057774,4796.775157786643,0,7,-4.9155733916391284e-06,0.00011318822735218427,0.00010989038625639829
ep_0000002.npz,1,1,972,9.66892539042872,6959.525,7161.7455,107.60484059676855,270.0,845.5170749990059,845.5170749990059,222.27303838927153,0.3193312210759522,0.3193312210759522,1.214722226125974,14566.785518131412,2,0.0,14566.785518131412,2,12444.856059611346,31612.28027500244,5,12,0.00012556160820935172,0.0007435473000397476,0.0007349516547092575
ep_0000003.npz,1,1,1365,14.943860013582107,6906.837,6718.517,105.72793582371469,160.0,984.0524459702006,984.0524459702006,125.12010218662996,0.16259296001469944,0.16259296001469944,1.2787713341325677,13914.219298032722,2,0.0,13914.219298032722,2,1666.8198529411766,79081.73725640711,13,7,-0.00016052097956057424,0.0010474322384422755,0.001037848757050155
ep_0000004.npz,1,1,354,3.817912447262166,6891.786,6785.9665,59.06595468416799,200.0,243.84171702763095,243.68644022151238,178.51067971880713,0.8202041981903243,0.8207268316538205,1.1203811464672209,15407.493571498899,2,532.3383690568421,10590.428331507765,1,326.2972689075631,20913.697236042775,3,8,-4.138974810622436e-06,0.000255581476528912,0.00025107036277522885
ep_0000005.npz,1,1,542,5.524482747350476,6769.7905,7046.3675,152.08426651636728,235.0,543.0894119736776,527.3515151102936,397.2927811084105,0.4327095959134441,0.44562306785228567,0.5915033224222487,16792.5298931417,2,4074.654220542638,11358.423647397974,1,3906.911477481618,28613.088372150225,4,10,1.5789333937493445e-05,0.00043175039322706116,0.0004268622647399906
ep_0000006.npz,1,1,871,9.12075127227138,7068.141,6920.7295,79.5535129699183,200.0,920.4008759241015,920.4008759241015,223.84660542185128,0.21729662066998348,0.21729662066998348,0.8934689879397052,14268.997124587182,2,0.0,14268.997124587182,2,494.05462184873954,48080.43789936339,7,8,2.4350240664530536e-05,0.0006230485477528916,0.0006188925147115127
ep_0000007.npz,1,1,501,5.040089662545887,6977.8625,7108.203,69.61336989449319,220.0,536.4931442011246,316.02681398012,174.4109547203851,0.4100704778391814,0.6961434608325335,1.2613886573392312,16699.27366458764,2,979.6191384715273,11625.682025514248,1,1357.0120470063025,28391.496634055868,4,10,1.834378294435902e-05,0.0003742003086651925,0.0003683571670591379
ep_0000008.npz,1,1,533,5.330841388165757,6835.602,7135.8845,162.3772689696507,280.0,404.61083943877645,404.61083943877645,353.5280081186877,0.6920229828453919,0.6920229828453919,0.7920164557541857,17720.73310372871,2,0.0,17720.73310372871,2,0.0,29630.636670524604,4,13,-1.2595744401501107e-05,0.00040189541192403084,0.00039144000897142414
ep_0000009.npz,1,1,378,4.1012724110664305,6891.211,6758.894,74.08168414230022,145.0,166.26022673116472,166.26022673116472,166.26022673116472,0.8721268029692901,0.8721268029692901,0.8721268029692901,9542.051839448954,1,0.0,9542.051839448954,1,0.0,9542.051839448954,1,7,2.3930091095886513e-05,0.00028214798499635944,0.00027911075287706305
ep_0000010.npz,1,1,475,5.022236449802583,7044.101,6876.3475,91.20093414058283,95.0,109.11369033216104,92.48284735582273,92.48077991926917,0.8706515168793529,1.027217508069282,1.0272404718356611,16320.504086702927,2,6534.415202088527,9789.041449540526,1,4234.795578387605,24234.565920301637,4,5,7.836998690650893e-06,0.00036257635844717486,0.0003597884187890336
ep_0000011.npz,1,1,608,6.533724216165635,7060.0125,6802.2935,141.00463923903226,185.0,249.58054282492884,216.6200474583601,141.14876780136882,0.7412436799200744,0.8540299116847055,1.3106738576729249,15422.078863044779,2,5104.015001518536,10021.351936804476,1,9497.280724789915,20878.3440137808,3,8,-4.128937583080905e-05,0.0004532874925868209,0.00044783747430761546
ep_0000012.npz,1,1,871,8.71488557927661,7056.462,7133.968,40.93838770491766,300.0,1535.9956580399864,1535.9956580399864,279.05196437718996,0.19531305211032707,0.19531305211032707,1.075068583263922,15885.360158302039,3,0.0,15885.360158302039,3,731.432428440126,46601.44924147755,8,12,-3.05528200883587e-05,0.0006296805718273648,0.0006242725311449563
ep_0000013.npz,1,1,515,5.350144635828087,7164.859,6957.523,110.31429062209372,250.0,351.35969309718473,285.6124893879432,229.5793373122815,0.7115215686702315,0.8753118623619737,1.0889481733277313,15326.547302407882,2,4078.3932092006135,10367.928386125326,1,20261.198668920686,9281.751192282953,1,10,1.9538932979792268e-05,0.00036714281174042714,0.0003589948104234694
ep_0000014.npz,1,1,695,6.99615572494396,6779.195,7105.2125,177.96048843411336,270.0,671.7721825067522,564.8500642815203,379.58119374360354,0.401921971511951,0.4780029552504972,0.7113102662888442,17194.613539521815,2,4122.288077354564,11859.01795398039,1,4133.0929539784665,35410.70972118201,5,12,-1.3609074797124935e-05,0.0005299477994480795,0.0005183272513549045
ep_0000015.npz,1,1,832,8.337747726234959,6945.972,7126.5045,96.56289756061778,205.0,904.1450385258727,904.1450385258727,234.4242053688626,0.22673353418411066,0.22673353418411066,0.8744830751476192,14834.062291393933,2,0.0,14834.062291393933,2,5040.504201680673,44565.062452437094,7,10,6.515995907938307e-05,0.0005939431614091881,0.0005862023818256495
ep_0000016.npz,1,1,1089,11.395558595657995,6756.4145,6923.9675,93.50033977044768,200.0,595.816154759718,595.816154759718,329.6737500801112,0.33567401353972426,0.33567401353972426,0.606660372417882,16991.168571161175,2,0.0,16991.168571161175,2,2951.281512605042,57126.911848945645,9,8,-5.0817699356643667e-05,0.0007934456571141595,0.00078427277090442
ep_0000017.npz,1,1,664,7.076461512118148,7065.935,6840.0845,122.98259578861416,295.0,702.0765590961579,378.4354485116972,223.7722489590073,0.420182095781375,0.7795252827402128,1.3183046663397517,14646.494453542817,2,945.341502667424,9726.769647360343,1,1340.5491727941176,25152.099615023533,4,13,3.235654188387529e-05,0.000493596205651806,0.00048512418896522874
ep_0000018.npz,1,1,272,2.8892843667536146,7028.868,6855.081,94.85433334666232,200.0,143.12382835303723,141.29549993748344,141.2282224335158,1.3973913519604075,1.415473246412593,1.4161475415733666,10252.645296806122,1,170.51947220985755,10073.904695138643,1,209.26339285714286,10033.920971449083,1,8,8.790150345479936e-06,0.00020117827627887146,0.00019538612435858138
ep_0000019.npz,1,1,530,5.379194480554996,6783.2685,7066.417,155.13377806730114,185.0,308.09226307834797,308.09226307834797,286.4842446280895,0.6004694767455242,0.6004694767455242,0.6457597702804384,16885.817208708406,2,0.0,16885.817208708406,2,0.0,28639.943592050706,4,8,-4.09573916450462e-06,0.0003919508703004718,0.0003865632495678958
ep_0000020.npz,1,1,588,6.258226984376309,7034.9065,6846.115,103.0776030421639,350.0,1191.4987385615468,702.8024388547733,285.37007463143357,0.29374768824559755,0.49800623994750226,1.2264775851218404,14874.809060530331,2,2353.734709509136,9522.168730946696,1,2719.4806985294117,31075.90136584528,5,14,-3.143115947385904e-05,0.00042673769096244867,0.000421602866390065
ep_0000021.npz,1,1,1180,12.854945481222767,7118.2585,6740.6435,206.7096924304269,250.0,1626.5041180038222,1626.5041180038222,206.25899034638928,0.1537038838283547,0.1537038838283547,1.2120683785960191,13422.713082674942,1,0.0,13422.713082674942,1,6362.535287552521,55010.64124804792,9,12,0.00013512176873132565,0.0009319053376555921,0.000922531037706317
ep_0000022.npz,1,1,955,10.038458174243923,7086.6575,6903.21,98.99272681671482,235.0,1036.9464386255502,1036.9464386255502,186.46902218139297,0.22662694161087757,0.22662694161087757,1.260262950118316,14096.887698110264,1,0.0,14096.887698110264,1,1926.0504201680671,52961.6987858115,8,10,0.00011035788296147463,0.0007247269193984801,0.0007179895371856284
ep_0000023.npz,1,1,310,3.1339302868052976,6728.828,7085.031,195.93736101956165,195.0,264.6438953479837,195.8403901670377,195.77413611213234,0.7368392146117407,0.9957088005884746,0.9960457692343541,14623.153597819713,2,4631.708227180616,8770.975037349977,1,8048.015280330884,2756.365140775897,0,9,-1.3129847188605853e-05,0.0002181602741267036,0.00021372347818059617
ep_0000024.npz,1,1,404,4.041739624344057,6986.075,7134.5875,79.02823833663751,255.0,323.5744667406489,259.0457129777461,245.23995365157424,0.7880720706074357,0.984382243075014,1.0397979456573068,15656.939612286791,2,6878.708133823841,3959.7888949460194,0,10951.424960609242,3861.290481377165,0,12,-1.4554720241127975e-05,0.00030745456407884323,0.0003001590685372633
ep_0000025.npz,1,1,222,2.2462042094839743,6984.5245,7081.023,51.65081176775675,165.0,200.40077959557595,161.1813176385893,151.0650866942053,0.8233500904187228,1.0236918423137178,1.0922444332488457,15537.954848886733,2,6690.725463961057,4089.472281423234,0,10387.202845982141,2916.631934464962,0,8,1.9463618895268147e-05,0.00014459840134814394,0.00013792887990797588
ep_0000026.npz,1,1,1248,13.75549803497239,7161.3325,6688.3505,259.2142090287971,385.0,1610.8785247241563,1227.7097475614287,255.94542395610847,0.23900002023177178,0.3135920365255033,1.5042269326371032,14366.418154971729,2,3551.1154815413356,9024.646571254763,1,42226.922268907576,3430.3447433885894,0,16,2.2616137954103187e-05,0.0009174069276847665,0.000900530952355019
ep_0000027.npz,1,1,626,6.737619673333486,7056.68,6795.2495,143.1966148370584,135.0,767.0412106129411,711.4810077978959,143.68894189925226,0.17600097378356214,0.18974505084519172,0.939529501822454,13491.771201053256,2,6689.602884292859,11149.338140488098,1,24759.405527836134,8785.798866030342,1,6,2.804955320353817e-06,0.0004429430404599445,0.0004403708117198541
ep_0000028.npz,1,1,985,10.553684586377095,7076.2565,6815.77,142.06201553367555,205.0,901.2785136365194,901.2785136365194,141.5876438178686,0.22745466234722128,0.22745466234722128,1.44786645551996,13481.037990256098,1,0.0,13481.037990256098,1,12729.396788012082,39730.513858001555,6,9,-3.120239484695122e-05,0.0007512881130318326,0.0007472660436050818
ep_0000029.npz,1,1,540,5.583629630446136,6781.7965,6979.296,109.24562773830075,150.0,551.41174650853,551.41174650853,226.55986888603047,0.27202902540575385,0.27202902540575385,0.6620766543410058,17017.83767856545,3,0.0,17017.83767856545,3,3267.2268907563025,26299.823326044796,4,6,3.589195186537169e-05,0.000440058096174018,0.0004342450916466809
ep_0000030.npz,1,1,1171,12.592472627103971,7026.827,6799.194,125.03092422072586,110.0,1294.3342301755083,1294.3342301755083,124.97353865898569,0.08498577680749762,0.08498577680749762,0.8801863272844993,13393.442297408421,1,0.0,13393.442297408421,1,52676.69351529674,14433.030461210321,2,5,2.966522643373498e-05,0.0008720695616698858,0.0008648829796179294
ep_0000031.npz,1,1,1007,10.497357512648668,6805.0375,6941.604,75.65701962104595,210.0,1103.8088466235413,1103.8088466235413,179.37528311243605,0.19025033242157136,0.19025033242157136,1.1707298595223277,13779.683742564142,2,0.0,13779.683742564142,2,2889.7039128151264,55567.31457493152,10,9,-6.455318232258418e-05,0.00079481073619667,0.0007908112113557234
ep_0000032.npz,1,1,1201,13.183342715624052,7019.359,6706.6425,173.66135083563222,200.0,1148.7810791278055,1148.7810791278055,172.2967508052461,0.17409757492859035,0.17409757492859035,1.1607879955093756,13367.273166463217,1,0.0,13367.273166463217,1,15990.204831932773,36400.44204883055,6,10,-5.4329951566837703e-05,0.000920921254965168,0.0009119071233434656
ep_0000033.npz,1,1,1125,11.738052430790706,7112.6475,6937.4175,93.95073474262972,230.0,942.3182200793732,942.3182200793732,130.21937616695283,0.24407890572319263,0.24407890572319263,1.7662502061530347,13783.06545260014,1,0.0,13783.06545260014,1,19234.614011620277,45649.67978345183,7,11,1.9212562752931008e-05,0.0008384742889761098,0.0008324476450132638
ep_0000034.npz,1,1,561,5.693085191615826,7132.2005,7067.0305,34.39044540424493,175.0,315.47602895983016,315.47602895983016,143.7489577090644,0.5547172651342169,0.5547172651342169,1.2174001313747613,17737.3070314691,2,0.0,17737.3070314691,2,436.4397321428571,29534.958178744382,4,7,1.76783669115645e-06,0.00041301700671033,0.00041049242853158856
ep_0000035.npz,1,1,649,6.5749359315482865,7000.143,7075.041,40.04770164667843,215.0,176.0340812671168,159.9636781045823,141.49592516447456,1.2213544016726836,1.344055116433592,1.5194783860389227,16327.625087466873,2,339.31666503880786,10326.950994343915,1,727.7123407956932,15360.20233866897,2,10,-4.10993910201325e-05,0.0004635761366657014,0.0004582963705779288
ep_0000036.npz,1,1,327,3.3051436946334123,6958.851,7085.956,68.18458418530827,185.0,223.60347974007013,185.98102082083142,185.98102082072916,0.8273574284937556,0.9947251562740023,0.9947251562745492,15840.586708885796,2,6568.596752600109,9082.662718597836,1,6568.592642134979,9082.670981640296,1,8,-2.614672967514598e-05,0.00024107388246472154,0.00023783843914456493
ep_0000037.npz,1,1,829,8.572526376026701,6724.7905,6978.959,141.48243611906673,175.0,1371.113098735636,1371.113098735636,305.7344959517683,0.12763352648397513,0.12763352648397513,0.5723920667022391,13507.503991321146,2,0.0,13507.503991321146,2,10083.844537815126,36939.1801728419,6,7,-0.00010093368199213577,0.0006266763714477683,0.0006185990683399365
ep_0000038.npz,1,1,836,8.529379861893498,7097.422,7041.8385,29.518361612447734,250.0,860.8021144778177,860.8021144778177,226.43626369892058,0.2904267958863644,0.2904267958863644,1.1040634389393158,14174.000809917463,1,0.0,14174.000809917463,1,40.34007352941177,49313.42607089689,7,10,-1.6762877502384974e-05,0.0006400745141993069,0.0006361672353674533
ep_0000039.npz,1,1,744,8.222764111339135,6998.1555,6676.214,179.8002038905679,195.0,1143.0592485911968,1143.0592485911968,179.8437897409937,0.1705948315805454,0.1705948315805454,1.08427430427725,12122.522954651457,1,0.0,12122.522954651457,1,27083.166688550416,8442.25797802952,1,9,-5.3162738836726625e-05,0.0005969373566543121,0.0005880080724608472
ep_0000040.npz,1,1,766,8.025021883122557,6712.099,6918.552,115.84240150650385,170.0,976.5807123153311,976.5807123153311,222.74154063978528,0.17407675357109467,0.17407675357109467,0.7632164144672133,15798.756238172304,3,0.0,15798.756238172304,3,3331.1344537815125,42376.56886104413,7,8,7.905888698462725e-05,0.0005622245078318949,0.0005598221438662327
ep_0000041.npz,1,1,600,6.135370091922253,7093.1075,7031.271,32.89106126923707,255.0,783.9884989444138,650.5665739958104,190.65231427639014,0.32525987351005764,0.3919660342119609,1.3375132684218274,17602.85009411109,2,1899.9803870558183,11735.23339607406,1,3327.731092436975,32672.26433109316,5,12,3.6563491992594275e-06,0.0004611420375070941,0.0004462924483213365
ep_0000042.npz,1,1,830,8.527206133125581,6888.519,7009.296,65.82041772846696,330.0,1001.9387912430509,1001.9387912430509,294.2122113702389,0.3293614369302809,0.3293614369302809,1.1216393720134392,14371.309285845435,2,0.0,14371.309285845435,2,531.5893349527311,43939.800830399254,7,15,4.327941673323183e-05,0.0006203312668649983,0.0006109154294059165
ep_0000043.npz,1,1,509,5.104307615415203,7035.3095,7123.293,46.62950715572697,95.0,257.7479171027743,230.47526136328395,158.8392221329305,0.3685771783060413,0.4121917443029053,0.5980890533478924,17239.92957713264,2,4027.3586365382866,11732.307242314853,1,4027.0214023109243,23524.835869400566,3,5,1.2323047459778043e-05,0.00035765228623176027,0.0003530780972951895
ep_0000044.npz,1,1,1170,12.130886168485251,6768.566,6966.6245,109.86496142179021,215.0,1377.7785597636198,1377.7785597636198,175.69800082611727,0.15604829852838378,0.15604829852838378,1.2236906452497356,12677.470409572687,1,0.0,12677.470409572687,1,1990.9663865546217,66162.86759456816,12,10,-4.977759062437916e-06,0.0008951980572640698,0.000883750048308366
ep_0000045.npz,1,1,1155,12.592750415636852,6951.512,6737.019,119.59189187140692,220.0,1461.1430229816401,1461.1430229816401,140.67364072097993,0.1505670536968128,0.1505670536968128,1.5639035065308395,13656.204252134177,1,0.0,13656.204252134177,1,2332.9661649816176,65047.424811526056,11,10,4.872082817702483e-07,0.0008871095934117497,0.000879104901044185
ep_0000046.npz,1,1,186,1.9577098662443437,7104.0475,6897.154,111.51116132796324,310.0,327.34638872200185,249.88168981554648,249.88168981554648,0.9470090725921121,1.2405870963528007,1.2405870963528007,3857.6891719957403,0,628.2860346551508,2717.9565822376226,0,628.2860346551508,2717.9565822376226,0,13,1.232414592158727e-05,0.00013330651734875544,0.00012753398723718397
ep_0000047.npz,1,1,996,10.470791445455392,7058.293,6902.611,84.26985175571372,185.0,1101.1605499545296,1101.1605499545296,216.40094729799483,0.16800456573534098,0.16800456573534098,0.8548945940853292,13109.537386977241,1,0.0,13109.537386977241,1,4519.663865546218,52632.78269375739,8,8,-4.4543141283263616e-05,0.000711880470827545,0.0007081990879912766
ep_0000048.npz,1,1,757,7.624632552183503,7164.808,7102.504,32.642971318747186,195.0,475.69925406439677,475.69925406439677,123.84507919856468,0.4099228626782801,0.4099228626782801,1.5745478242809343,12993.983469308596,1,0.0,12993.983469308596,1,381.6806722689076,42133.888709203806,6,9,-5.8589077937217414e-05,0.0005667869051545952,0.0005616043343497777
ep_0000049.npz,1,1,865,8.614513605183868,6894.15,7156.221,140.5166649755829,185.0,1422.2724835661659,1422.2724835661659,336.930346729609,0.130073528200543,0.130073528200543,0.5490749105733266,15858.663202474416,3,0.0,15858.663202474416,3,4361.344537815126,43848.500442363285,7,8,-6.837062269801637e-05,0.0006667476792093314,0.0006556283237370835
ep_0000050.npz,1,1,996,10.430671608503335,7153.641,6920.2995,124.79496950913199,270.0,1062.4911011470158,1062.4911011470158,204.27345196704147,0.2541197754113146,0.2541197754113146,1.3217576606262236,15130.27275973724,2,0.0,15130.27275973724,2,15881.596638655461,40169.27165817805,6,12,-4.749603109729485e-05,0.0007293624225593113,0.0007197503408307177
ep_0000051.npz,1,1,1055,10.594943203593852,6835.11,7116.439,152.45124666403808,185.0,1412.1314566125336,1412.1314566125336,150.45804832468582,0.13100763327217704,0.13100763327217704,1.229578623808633,13124.885357390818,1,0.0,13124.885357390818,1,59425.43596540179,3795.8138744420953,0,8,-1.5984015027990454e-05,0.0008537770986800895,0.0008459959695366399
ep_0000052.npz,1,1,1009,10.444004465054133,6828.089,6974.444,80.58822134129059,285.0,1546.1930562474697,1546.1930562474697,212.418093164185,0.18432368380419467,0.18432368380419467,1.3416936182536674,13125.187355292424,1,0.0,13125.187355292424,1,1192.2339892988448,55965.57587715005,10,12,-9.077966641647843e-05,0.0007918644483490466,0.000782311830296222
ep_0000053.npz,1,1,827,8.312599589300904,6833.3395,7112.2325,151.2279795342547,185.0,1627.9232038272198,1627.9232038272198,266.44983040194006,0.11364172435472886,0.11364172435472886,0.6943145721689038,15503.29006688906,3,0.0,15503.29006688906,3,1657.2101086528362,45545.513952655936,8,8,7.227082876503591e-05,0.0006214075286569938,0.000608643834429427
ep_0000054.npz,1,1,1145,11.643839094064534,6956.529,7057.21,54.18870540347871,210.0,814.8217077454076,814.8217077454076,127.22715865064323,0.2577250925003766,0.2577250925003766,1.6505909762289444,14730.374128684876,2,0.0,14730.374128684876,2,405.07607339810926,66802.00599654953,11,11,2.913683846728189e-05,0.0008645990122153037,0.0008596832362096091
ep_0000055.npz,1,1,647,6.785675337757914,7164.797,6913.548,134.31134583689163,260.0,702.7214459533998,702.7214459533998,414.38781954178364,0.36999013122084456,0.36999013122084456,0.6274315695077607,15218.480347110237,2,0.0,15218.480347110237,2,1254.1412404805674,32539.544602142647,5,11,-5.307287854897792e-05,0.000496309611555431,0.000489264082421821
ep_0000056.npz,1,1,432,4.387317117776919,6723.8585,7063.4465,187.33372864943976,260.0,511.0415870480259,346.6881515477703,301.415888660372,0.5087648570869949,0.7499535211666283,0.8625955358742272,4221.440779535083,0,3495.3525167142993,11134.632743261162,1,3423.0370273109243,22496.962575059686,3,11,-1.6562082011790573e-05,0.0003353612439926464,0.00032956995568200786
ep_0000057.npz,1,1,933,9.552982337517697,6837.0235,7025.145,102.92136911342732,175.0,937.6822376364485,937.6822376364485,195.12802823502898,0.18663038818044644,0.18663038818044644,0.8968470679630655,14432.552839932887,2,0.0,14432.552839932887,2,6056.6596638655465,49415.63454179055,8,7,-5.5734970095816325e-05,0.0007029049937845529,0.0006980469776696512
ep_0000058.npz,1,1,1124,11.716936077888858,6841.6,6941.6335,55.19646418319098,295.0,984.0851712216559,984.0851712216559,353.39455636470893,0.2997708009701876,0.2997708009701876,0.8347610190564316,13115.512626621585,1,0.0,13115.512626621585,1,247.94117647058823,66153.39508383049,12,13,-0.00011570280459478533,0.0008827460868599451,0.0008718086981726885
ep_0000059.npz,1,1,224,2.4114446503168407,7113.948,6794.2365,174.06945104548504,195.0,204.63185704809737,173.84352118660308,173.84352118660308,0.952930803702605,1.1216984025000714,1.1216984025000714,8775.265754946775,1,3368.2688370464257,3213.983766963384,0,3368.2688370464257,3213.983766963384,0,9,3.000783878646585e-06,0.0001869996866278183,0.0001787306996824436
ep_0000060.npz,1,1,862,8.931793065528376,6805.8425,6969.569,90.42093633503646,245.0,726.4076676467005,726.4076676467005,346.70054653427735,0.33727617550309164,0.33727617550309164,0.7066617069084358,12315.537031989283,1,0.0,12315.537031989283,1,0.0,46741.275884532544,7,11,6.91674767305775e-05,0.0006201620311788417,0.0006141434363602279
ep_0000061.npz,1,1,1057,10.750033582788221,6954.268,7056.732,55.16456555368313,225.0,907.266218327419,907.266218327419,215.83440478367797,0.24799777116665533,0.24799777116665533,1.0424658674112144,13435.318067384622,1,0.0,13435.318067384622,1,1510.867417279412,61429.99956353361,10,9,0.0001053775402963023,0.0007951092108725309,0.0007867791239705035
ep_0000062.npz,1,1,517,5.411638077321955,7148.346,6922.581,120.78092936062967,175.0,434.28031280391735,404.7602577120399,159.98009646846762,0.4029655382490584,0.43235470050644376,1.0938860762250686,12536.776368871138,1,6878.508774633531,11464.181291055886,1,14980.191250328257,9747.481849272706,1,7,3.1292201701381276e-05,0.0003886740684721259,0.00038266023486753704
ep_0000063.npz,1,1,585,6.197362619853552,6790.5155,6867.4075,43.012354351235444,85.0,323.6614624554372,323.6614624554372,166.10122841825887,0.26262008258614694,0.26262008258614694,0.5117361310896619,15350.613928297545,2,0.0,15350.613928297545,2,4719.327731092437,26586.271734861763,4,4,4.648417457071041e-05,0.00045933061055069505,0.0004565695787159367
ep_0000064.npz,1,1,981,10.435585016614654,7134.954,6848.4925,154.7024426652415,350.0,909.2266793706767,909.2266793706767,489.92978301230573,0.38494250987251416,0.38494250987251416,0.7143880860805086,14924.138313787433,2,0.0,14924.138313787433,2,537.1284138655462,53944.74235450736,8,16,0.0001103042281998869,0.0007017413066102506,0.0006867835228420052
ep_0000065.npz,1,1,972,10.510863829965016,7170.6195,6774.0035,215.11750426835897,210.0,1392.03601736388,1392.03601736388,215.17215781541614,0.15085816557942244,0.15085816557942244,0.9759626995056998,14208.731633011588,2,0.0,14208.731633011588,2,46250.9627757353,2623.344197610972,0,9,7.387290522574721e-05,0.0007014129526841568,0.0006979235863460065
ep_0000066.npz,1,1,333,3.4673695916521,7028.4025,6946.8765,44.060034450830244,195.0,270.18587651007425,213.4245733980281,168.02321533903378,0.721725363733915,0.9136717337432976,1.1605539127824271,16907.041422874263,2,2700.3741572111676,3914.5430197999863,0,12227.494050354515,3686.8150095761907,0,9,-2.5648894956629463e-06,0.000247997359364541,0.0002383987655032406
ep_0000067.npz,1,1,695,7.482043360926775,6893.623,6794.1725,55.4496988785495,330.0,600.6435589619117,600.6435589619117,272.0810294529598,0.5494107030304909,0.5494107030304909,1.212873976048572,15796.374316344562,3,0.0,15796.374316344562,3,4076.5432149422268,36138.012208178065,6,15,-4.9049457462820796e-05,0.0005419921295069,0.0005311180470125786
ep_0000068.npz,1,1,805,8.341394677716709,6911.06,6969.447,31.87828392378833,175.0,490.5166249982474,405.2848708456869,121.44394432716541,0.3567667049014399,0.43179504735727386,1.4409940402508385,17119.995375260012,2,2214.780517005844,11580.797184679233,1,2363.9476102941176,45936.038373161406,7,9,7.81742112980905e-05,0.0005927374220858873,0.0005842246099256327
ep_0000069.npz,1,1,850,9.315404030424556,6947.5835,6713.8505,130.70950364733926,175.0,956.7412598287265,956.7412598287265,130.98814080252023,0.18291256721940483,0.18291256721940483,1.3359988081961767,13827.223379467336,2,0.0,13827.223379467336,2,35339.66936383929,12637.657916123231,2,7,-0.0001230259885696447,0.0006767946422506316,0.0006706310793526363
ep_0000070.npz,1,1,731,7.444955353291496,6980.6255,7050.1285,37.339622022628646,275.0,947.8062383253907,947.8062383253907,257.3224335084412,0.29014369064069184,0.29014369064069184,1.0686981164080236,14384.077427087068,2,0.0,14384.077427087068,2,0.0,43221.48602019254,7,11,6.949742485245546e-05,0.0005440320374101738,0.0005392011576351478
ep_0000071.npz,1,1,1084,11.064675825441483,6789.1695,7039.696,137.56602448584545,185.0,986.1687944923783,986.1687944923783,138.40796220307686,0.18759466029872413,0.18759466029872413,1.336628305592432,14248.15985758741,2,0.0,14248.15985758741,2,8706.310891544119,52486.5096274863,9,8,-7.877952891817927e-05,0.000842525366130222,0.000839010343580567
ep_0000072.npz,1,1,798,8.535110901831631,7098.926,6823.743,149.58407997201266,245.0,934.7977625541953,934.7977625541953,170.2522583595384,0.2620887745073053,0.2620887745073053,1.4390411167563457,12343.432521089519,1,0.0,12343.432521089519,1,93.31916360294117,33870.27762921474,5,11,9.290235046900328e-05,0.0006022709368621841,0.0005915570665659438
ep_0000073.npz,1,1,327,3.266651561178726,6957.4265,7141.5115,98.18620008148082,95.0,144.54551981170363,96.7303201508694,96.69528712595854,0.6572324076440036,0.9821119153935329,0.982467737814872,16122.516593313798,2,6445.323396974432,9667.897461313376,1,11296.401449251574,3941.409901978093,0,5,-1.8145341216895525e-05,0.00023666002218542193,0.00023296854783081574
ep_0000074.npz,1,1,655,7.123967863979552,6975.2825,6747.969,126.26072273708542,120.0,582.3474809632858,582.3474809632858,125.60029417978078,0.20606253812844333,0.20606253812844333,0.955411774977496,16549.76583992328,2,0.0,16549.76583992328,2,26157.079052324058,7480.078089180647,1,6,1.4417052781517822e-05,0.0004866835927125564,0.0004827902268482126
ep_0000075.npz,1,1,958,9.693770410354862,6955.7865,7080.6865,67.06134009728703,335.0,912.4269492962762,912.4269492962762,286.51481207772065,0.36715268028676057,0.36715268028676057,1.1692240187188896,13567.88309555085,1,0.0,13567.88309555085,1,4287.792148109244,49286.06423037387,7,14,7.306502314143909e-05,0.0007063034719051259,0.0006959247844912136
ep_0000076.npz,1,1,665,7.05822734157521,6793.4305,6858.7375,36.554841962143655,260.0,605.0895923408361,605.0895923408361,224.20336940497964,0.42968843505334436,0.42968843505334436,1.1596614301115196,13554.010882564526,2,0.0,13554.010882564526,2,5009.192612591912,32871.99770303106,5,11,6.098216193487438e-05,0.0004994237272993757,0.0004937134506425843
ep_0000077.npz,1,1,581,6.1868383991530935,6715.1505,6843.8175,72.76554278480398,160.0,412.79042948658935,412.79042948658935,166.89596312977122,0.3876058856282133,0.3876058856282133,0.9586810669326423,15073.697424719954,2,0.0,15073.697424719954,2,4996.23477711397,26653.91696621061,4,7,2.6873218617156213e-05,0.00046178664123683056,0.0004544943146981575
ep_0000078.npz,1,1,515,5.1512877861022055,6884.1375,7135.446,135.188807061636,185.0,812.3564237568304,736.6500046502849,225.17873535606964,0.22773255013414856,0.2511369019644904,0.8215695843013952,17593.290440323486,3,3350.105683694302,9885.936578816902,1,26786.521180737916,4113.474285452866,0,8,8.318991389443396e-05,0.0004043355436788691,0.0004008229897230913
ep_0000079.npz,1,1,947,10.10510656963788,6945.0025,6834.387,61.06120959736654,245.0,790.1956426895838,790.1956426895838,301.00411945867484,0.31004979876387967,0.31004979876387967,0.8139423488309977,14748.511225663453,2,0.0,14748.511225663453,2,2254.7359998686975,53980.5843914121,9,11,-2.0426738306691148e-05,0.0006937474311819354,0.0006851547750130684
ep_0000080.npz,1,1,1193,12.377253393795398,7130.201,6963.661,88.87511292161071,285.0,1185.481793151557,1185.481793151557,239.38392440365487,0.24040858463320525,0.24040858463320525,1.1905561357554912,13986.018468230835,2,0.0,13986.018468230835,2,9498.201237526262,46064.24073592025,7,12,3.315333866645215e-08,0.0008880122206577975,0.000878028203439865
ep_0000081.npz,1,1,602,6.314095601620897,6842.0145,6913.2735,39.43877784194865,245.0,468.5965006493673,468.5965006493673,177.80856864430274,0.5228378779194599,0.5228378779194599,1.3778863519795292,15605.36141890715,2,0.0,15605.36141890715,2,2499.893727022059,31906.799003209348,5,11,1.089884110240603e-05,0.0004595247824979987,0.0004541618858199613
ep_0000082.npz,1,1,684,6.819915609106246,6901.587,7150.64,133.50855438951567,195.0,703.468094977472,703.468094977472,132.06116103558563,0.2771980725099476,0.2771980725099476,1.4765885629875286,15159.158669685843,2,0.0,15159.158669685843,2,34579.50728728992,3753.238644074441,0,9,-3.0615015631599216e-05,0.000506295981060717,0.0004995930733126131
ep_0000083.npz,1,1,675,7.24930612652736,7062.809,6805.0565,140.9381643214374,135.0,435.6129996063646,435.6129996063646,141.04753656720885,0.30990810678742553,0.30990810678742553,0.9571241248561104,16312.436033081227,2,0.0,16312.436033081227,2,14462.374647124476,13682.545269208016,2,6,-3.697174852584012e-05,0.0005409248426295493,0.0005383995980864354
ep_0000084.npz,1,1,868,9.503766940861368,7132.953,6718.0435,227.3327145585281,220.0,1373.1786774210368,1355.2605962810235,225.5624844332866,0.16021221682030587,0.16233040391176645,0.9753394965157347,15413.573187310916,2,1278.2402660061584,8869.265757274121,1,8964.926470588236,39753.63121453272,6,10,-9.882109815994626e-05,0.0006326943330306671,0.0006272737052140512
ep_0000085.npz,1,1,626,6.384953252894368,7160.372,7043.22,61.79415384534059,445.0,675.4896865248562,557.5846629380912,313.27443338947563,0.6587813387490191,0.7980850794122515,1.4204797856796623,16852.99371735322,2,4021.826217643671,9601.48204181292,1,4715.805705094538,19654.664658492562,3,19,1.6097041687261376e-07,0.00046316732320460854,0.000446752519270898
ep_0000086.npz,1,1,466,4.912600427108733,6688.714,6889.851,113.50912590482312,110.0,325.7029252043193,324.50124343343236,112.78843288269131,0.33773107788637463,0.33898175192220864,0.9752773151339774,17074.460104089274,3,6829.78404163571,10048.847307132764,1,17826.74862132353,9074.757329487074,1,5,2.0169686233557388e-05,0.000336006336433693,0.00033328434751064915
ep_0000087.npz,1,1,265,2.918305683035269,6986.868,6692.2205,164.4661353411393,220.0,314.3605687932762,314.3605687932762,314.3605687932762,0.6998333182959476,0.6998333182959476,0.6998333182959476,15037.052030647967,2,0.0,15037.052030647967,2,0.0,15037.052030647967,2,10,2.559946923865727e-05,0.00018315855567456352,0.0001796501782705268
ep_0000088.npz,1,1,1242,12.970345607847849,7005.6975,6933.3035,39.277458488412776,260.0,929.9502487524105,929.9502487524105,216.6219561017743,0.279584849134464,0.279584849134464,1.2002476788541492,14443.916170145483,2,0.0,14443.916170145483,2,4638.083557641807,67364.32592118565,11,11,-0.00015282091568240153,0.0009863049133709621,0.0009775016251209816
ep_0000089.npz,1,1,923,9.73819536000912,7163.873,6886.137,148.92402450543068,225.0,1219.5252098685987,1219.5252098685987,287.16204826254875,0.18449803101999285,0.18449803101999285,0.7835297225428802,14200.89144155281,2,0.0,14200.89144155281,2,1583.7172974658613,53796.28186013328,8,9,-0.00010358186774679582,0.0006579375710613364,0.0006536569644714155
ep_0000090.npz,1,1,890,8.847631634261448,6790.2655,7164.7685,202.88978011711515,175.0,1126.357398034208,1126.357398034208,201.70383006137865,0.15536809213968972,0.15536809213968972,0.8676087109835611,13304.899269190882,1,0.0,13304.899269190882,1,46815.05465467437,3145.7538932614407,0,7,7.55677802723997e-05,0.0006797392897717057,0.0006684916177723889
ep_0000091.npz,1,1,618,6.782236224289706,6804.399,6707.6525,54.997830703093314,150.0,303.2860631485596,303.2860631485596,189.22350097933645,0.49458256816280083,0.49458256816280083,0.7927133745209601,15140.277852054864,2,0.0,15140.277852054864,2,309.69480370273106,36770.30215192374,6,6,-1.8157200182191956e-06,0.0004637159174639529,0.0004584155210771834
ep_0000092.npz,1,1,693,6.98677360250618,7001.8335,7097.922,51.2442912440265,320.0,933.7672012394992,933.7672012394992,233.55213572441346,0.34269783686471994,0.34269783686471994,1.3701437540164187,14507.493082963156,2,0.0,14507.493082963156,2,0.0,37216.08962549463,6,14,3.428841260395129e-05,0.0005113133332708293,0.0005009008236348789
ep_0000093.npz,1,1,1018,10.44580333943347,6819.322,7015.0505,107.40669620990138,290.0,1455.4139339425496,1455.4139339425496,205.5443060257395,0.19925602829321773,0.19925602829321773,1.4108880251038647,13399.61432638044,2,0.0,13399.61432638044,2,11729.063238576682,41253.84367281763,7,14,-8.215015733862823e-05,0.000784842840294418,0.0007734063615873232
ep_0000094.npz,1,1,355,3.551430443422871,6676.0255,7134.719,252.4414024365924,280.0,252.70977192695864,251.6655174711777,251.6655174711777,1.1079903949299164,1.1125878619110674,1.1125878619110674,3221.0590406717447,0,69.85319167196135,3166.1246742610488,0,69.85319167196135,3166.1246742610488,0,13,7.10760462999461e-06,0.00025803312184080824,0.00024693905974238693
ep_0000095.npz,1,1,918,9.433081945770942,7168.3425,7008.411,84.60059980097412,360.0,1032.9624180329122,1032.9624180329122,260.6848892633708,0.3485121953280296,0.3485121953280296,1.3809776278834898,14649.907244130001,2,0.0,14649.907244130001,2,1734.2452566964284,52629.74878685442,9,15,5.890901219718077e-05,0.0006478516789212903,0.00064304825481383
ep_0000096.npz,1,1,298,3.1020140093583626,7129.1095,6948.246,96.6896714380664,180.0,255.6608927829293,160.17741840786695,160.17741840786695,0.7040576211741163,1.1237539085669237,1.1237539085669237,15585.941811182664,2,5393.647190992554,3083.1240406045135,0,5393.647190992554,3083.1240406045135,0,9,-1.756504598737445e-05,0.0002096936898529667,0.00020250225956700937
ep_0000097.npz,1,1,749,7.917151269689976,7068.2995,6877.5765,103.40670956028862,330.0,941.1193766210145,531.8982398958274,273.20822951657755,0.3506462710233729,0.6204194247091901,1.2078699114734261,14591.06744795522,2,1028.1571229871001,9535.484198785562,1,1650.7306985294117,24780.247597310714,4,15,5.6191721436845754e-05,0.0005474152570104958,0.0005297253532093241
ep_0000098.npz,1,1,716,7.245671744765913,6922.229,7080.269,85.16543622648169,205.0,562.0255071377098,458.2526526465034,185.35828948383624,0.3647521285004064,0.44735147481652926,1.1059661834971592,17202.170989769216,2,1083.6107460984417,11858.113785249298,1,1198.925124737395,41569.94728348459,6,10,-5.515688308724393e-05,0.0005446155056628228,0.0005379691597032857
ep_0000099.npz,1,1,972,10.420035895724489,7033.8335,6813.311,120.84752677460347,200.0,1104.3843844730811,1104.3843844730811,194.00801236198856,0.18109636718145294,0.18109636718145294,1.0308852586295834,14314.63789116072,2,0.0,14314.63789116072,2,3920.672268907563,54321.717708480704,9,8,-8.424606188406827e-05,0.0007327566439272764,0.0007249332528454414
ep_0000100.npz,1,1,554,5.555427471017815,6868.742,7123.417,137.40326905571055,185.0,428.6592211849759,428.6592211849759,136.01151234930157,0.4315782581057983,0.4315782581057983,1.3601789790035372,17700.99427249801,3,0.0,17700.99427249801,3,19571.353893119747,10111.101581968544,1,8,-3.521073949325171e-05,0.00038956238250966276,0.0003822800753797917
ep_0000101.npz,1,1,772,8.1134858161426,7026.907,6903.9885,66.74907712968252,275.0,1054.398197567405,928.2595476710253,257.55452765537063,0.26081228195804074,0.296253349281423,1.0677350637297778,14639.242757813196,2,1577.047654181789,9548.683802138808,1,1824.484801733193,43199.119680168,7,11,8.393504610298725e-05,0.0005802925206299309,0.0005738026169188441
ep_0000102.npz,1,1,720,7.561775418235136,7001.449,6907.157,51.32640085776984,260.0,1072.113167923463,837.0402752079165,240.6228867780004,0.24251171217641562,0.310618267365232,1.0805289699640126,14587.084891338804,2,1272.159546624176,9459.905460503833,1,2703.7224264705883,40061.25942376,7,11,-6.798175029699887e-05,0.0005275404366682355,0.0005176981858815644
ep_0000103.npz,1,1,1025,10.834063679563066,6738.445,6877.7835,78.30451895707574,300.0,1511.1859979459311,1488.1926894526655,213.35590079422934,0.19851957363803852,0.201586798622385,1.4061012556167096,12624.369505342254,1,3641.554208611626,8081.7112471557475,1,1033.6134453781513,60410.52403908474,11,12,-8.956995017849277e-05,0.0007680162872730882,0.0007611330208538846
ep_0000104.npz,1,1,799,8.128013453198417,6809.269,7055.6185,134.744940964355,310.0,972.2268133833543,727.3837746071027,264.2472437257746,0.31885563711331766,0.4261849257875554,1.1731437407979393,17407.19894525531,2,2442.36426154782,11796.240317770476,1,2732.956891741071,41998.88815030577,6,13,-4.492106227117972e-05,0.0005951220774864162,0.0005884998181982594
ep_0000105.npz,1,1,296,3.1104228267589873,6955.4785,6904.6505,27.812382182382862,235.0,262.6420719120515,262.6420719120515,250.4707885964128,0.8947538309044876,0.8947538309044876,0.9382331621060167,8587.872061427746,1,0.0,8587.872061427746,1,10266.989889705883,4216.97018226204,0,10,6.4562751466621025e-06,0.0001950717414642035,0.00019265573073073625
ep_0000106.npz,1,1,814,8.549822300965532,6842.5795,6906.718,35.52102300698425,275.0,577.173300732454,502.86820612404165,205.72663520169647,0.47646001582369624,0.5468629685690771,1.3367253089537348,15804.172430366842,2,2672.971806640158,9552.30672978814,1,9220.22534795168,19424.07718090263,3,14,-6.791830929943396e-05,0.0005865016156108573,0.0005742692989184777
ep_0000107.npz,1,1,1015,10.78036228068992,6989.8365,6855.65,73.54373433998899,260.0,844.6137860960149,844.6137860960149,163.23425342648804,0.3078330051913733,0.3078330051913733,1.5928029475571441,12539.829204473657,1,0.0,12539.829204473657,1,38187.44255514706,14849.862229511697,2,13,5.077092110694389e-06,0.000789680545158124,0.0007800117056170177
ep_0000108.npz,1,1,551,5.47693024938235,6897.3635,7165.334,143.49179447755978,260.0,819.4180567927,801.9502738836597,205.8168330809786,0.3172983531967443,0.3242096280370105,1.2632591615949267,14535.565781401187,2,4398.976822347382,9752.936400809756,1,11938.114783022585,19775.48711803442,3,11,7.11237209571773e-05,0.00041489925174459987,0.00040458904040075773
ep_0000109.npz,1,1,549,5.521286485906886,6857.139,7109.65,136.60687958535436,185.0,321.95606470619725,321.95606470619725,165.10436860714915,0.5746125645088337,0.5746125645088337,1.1205033613628401,17195.868205626328,3,0.0,17195.868205626328,3,2131.668567817752,27280.80564138019,4,8,-3.858188858322424e-05,0.0004171269517078194,0.0004137568976701015
ep_0000110.npz,1,1,661,6.997683293701058,7114.9935,6870.552,131.97433100196122,240.0,344.0452893372139,289.9963778300337,214.05291054386063,0.6975825783353932,0.827596543777052,1.1212181109344115,15776.453263543175,2,4619.620544778397,11088.496248821628,1,17403.243213300946,3734.2111118378375,0,12,1.2802121205783856e-05,0.0005045158478362732,0.0004956029011089851
ep_0000111.npz,1,1,378,3.94887956657109,7132.115,6931.6845,107.3066847287746,180.0,127.14086522099637,109.16149344342256,109.1568888098024,1.4157525173918222,1.648933101976041,1.649002659957049,10111.072953733108,1,4887.383478677855,9983.432871474339,1,4574.62948069853,13212.283818996895,2,9,7.051496973747661e-06,0.00029546569777933536,0.00029012439905225126
ep_0000112.npz,1,1,1550,16.92852304484407,6675.0195,6729.28,31.21793423123563,175.0,1082.7390621252155,1082.7390621252155,153.65420098977427,0.1616271233962018,0.1616271233962018,1.1389210244349017,13414.294284267462,2,0.0,13414.294284267462,2,3126.0504201680674,85781.60689222888,16,7,6.542811754768674e-05,0.0011834147997188127,0.0011804912122787285
ep_0000113.npz,1,1,758,8.166271162900165,6893.1765,6790.8445,57.0799859920744,200.0,762.7756878532766,762.7756878532766,185.78320873470787,0.26220028139972773,0.26220028139972773,1.0765235532431416,12809.509918970118,1,0.0,12809.509918970118,1,1599.4660911239496,40224.30740904031,6,8,-2.125208214508926e-05,0.0005424564301361881,0.0005362023273295198
ep_0000114.npz,1,1,463,4.6707196550165255,7014.2455,7095.0965,43.07392906544192,260.0,651.8873911947064,372.59718711723394,215.58342195278294,0.3988418912712839,0.6978045164849664,1.2060296549933471,17059.869123376786,2,1423.7440164321454,11842.53084024093,1,1744.6850380777314,22966.555977725147,3,11,-1.5703015082882587e-05,0.0003402352346088246,0.0003318923520554248
ep_0000115.npz,1,1,277,2.897643085469466,7067.6355,6925.4835,76.67995984935806,125.0,304.51322163453267,235.69273958824095,235.69273453430822,0.41049120734081335,0.5303515085716133,0.530351519943881,15555.551579282574,2,2056.1929236298115,10221.353437716969,1,2056.4958639705883,10221.46111107154,1,5,1.1049667458177584e-05,0.00020150080429389976,0.00019853291587454603
ep_0000116.npz,1,1,813,8.770583845315187,6927.3995,6784.766,79.31657965636805,250.0,750.8651842484447,750.8651842484447,287.41158652946547,0.332949250071076,0.332949250071076,0.8698327127962532,14540.480712001154,2,0.0,14540.480712001154,2,464.35793067226894,43176.38160133178,8,10,0.00010285474424595997,0.0006224237366658267,0.0006133599025161172
ep_0000117.npz,1,1,932,9.4795952878537,6982.679,7056.309,39.522049863110624,275.0,1034.4898232832722,1034.4898232832722,233.12945773205348,0.265831517923688,0.265831517923688,1.1796021089538598,14866.214738363382,2,0.0,14866.214738363382,2,3789.0416557247895,47962.350615942996,8,11,-0.00011490498904237734,0.0007287913327964827,0.0007191716019611023
ep_0000118.npz,1,1,1333,14.006987933952203,7135.2255,6904.7895,123.6877625021043,200.0,1531.1068168904012,1531.1068168904012,125.13205040889872,0.1306244592432745,0.1306244592432745,1.598311538462388,14100.879001430294,2,0.0,14100.879001430294,2,61625.871192226885,13250.597320346926,2,10,-7.796594399754953e-05,0.0009856553454060343,0.0009678074571690584
ep_0000119.npz,1,1,824,8.943347647797577,7059.8015,6757.3785,166.28291098530008,205.0,1193.4598046849576,1193.4598046849576,165.41329629011042,0.17176950509373434,0.17176950509373434,1.239319961561375,12142.590785221035,1,0.0,12142.590785221035,1,4640.984440651261,38978.72658631114,6,10,3.515702689645765e-05,0.0006357131438606929,0.0006222144027853567
ep_0000120.npz,1,1,1025,11.023668198223696,6892.79,6798.6915,52.444338662468,250.0,1083.2756833082371,1083.2756833082371,203.7294329300311,0.23078151190149496,0.23078151190149496,1.2271177335768666,14349.612057806711,3,0.0,14349.612057806711,3,884.8548696822478,58252.85535158524,9,10,3.696994011333712e-05,0.0007469182972773174,0.000738141505744944
ep_0000121.npz,1,1,956,10.504045252265023,7117.7145,6702.3595,228.34155244345857,220.0,1322.6689121458926,1322.6689121458926,228.0438115386035,0.16633036278373922,0.16633036278373922,0.9647269027634111,14005.806881656763,2,0.0,14005.806881656763,2,38140.285911239494,8725.42856201468,1,10,-1.4877829356218797e-05,0.0007142929295429885,0.0007089123583953641
ep_0000122.npz,1,1,459,4.770510158226796,7074.956,6955.453,64.20502391180071,180.0,328.97936725447096,260.66123264443644,160.50385403151836,0.547146775502085,0.6905514800719712,1.1214683976663462,15576.786464525961,2,704.4526537457579,10701.987637574191,1,1525.6996372767856,23350.201895180235,4,9,-5.287641393063774e-05,0.0003315348677597811,0.00032546236030020606
ep_0000123.npz,1,1,531,5.779897668943404,7077.1745,6744.3965,182.89288687623502,195.0,676.1417108098672,676.1417108098672,181.1761740158259,0.2884010805463154,0.2884010805463154,1.0763004631225217,13440.534593932136,2,0.0,13440.534593932136,2,2859.022945115546,26961.33262187804,4,9,1.35368048596531e-05,0.0003797740410307317,0.0003687493833172364
ep_0000124.npz,1,1,982,10.516768508583837,7010.6085,6817.832,105.8546211158291,365.0,1227.9037416604283,1227.9037416604283,294.75309303149646,0.29725457103537295,0.29725457103537295,1.2383245795524092,13653.853356193818,2,0.0,13653.853356193818,2,20269.46444984244,33660.33643990666,5,17,0.00011537393872660993,0.0007819199600570284,0.0007655929093826456
ep_0000125.npz,1,1,836,8.322135800551646,6997.2545,7158.266,85.36367213181347,370.0,1153.4663723900585,1153.4663723900585,280.10641134236494,0.3207722469042037,0.3207722469042037,1.3209265658248752,14065.76690582461,2,0.0,14065.76690582461,2,210.7563025210084,36969.24003680225,6,17,2.7978081763402444e-05,0.0006440487692025315,0.0006235454772601013
ep_0000126.npz,1,1,1011,10.673960114376365,7165.955,6882.9915,151.7451248972884,260.0,1546.0166240551525,1315.755702378908,197.49936754444786,0.16817412953686633,0.19760507176971814,1.3164599119107872,14158.342770637599,2,2106.1259319690166,9222.40190454434,1,3199.3649881827732,54023.540064458546,8,11,6.00446536983017e-05,0.000734642561204537,0.0007275197823008239
ep_0000127.npz,1,1,1120,11.803369168768926,6964.0785,6891.306,39.84077700157468,255.0,1290.9800620426345,1290.9800620426345,195.52994159176882,0.19752435184516323,0.19752435184516323,1.3041480906918794,14964.850077037412,2,0.0,14964.850077037412,2,529.3772977941177,66670.60945835481,11,12,1.2017986923838152e-05,0.0008301069014702224,0.0008140636602902865
ep_0000128.npz,1,1,387,3.9452790578860806,7122.5305,7045.5625,40.75039242630646,225.0,403.43557218421233,361.09323536931913,203.11768800246975,0.5577098687204086,0.6231077681914323,1.1077321833107128,16614.937816626105,2,4767.688105794975,11731.435668953573,1,549.077845982143,20660.896794726963,3,9,1.7771875957088213e-05,0.0002890931300737796,0.0002823635515935611
ep_0000129.npz,1,1,912,9.615895169128274,6716.827,6889.1175,96.93448135105155,210.0,743.209035246868,616.2372023949724,197.696929843843,0.28255845938450597,0.3407778679765623,1.062231973788743,17071.733532103583,2,3314.84128237169,11381.155688069055,1,3534.733455882353,50895.584406911024,8,9,-9.294906650705348e-05,0.00066906451462461,0.00066672476066663
ep_0000130.npz,1,1,497,4.995856996511592,6760.8495,7111.9895,191.92013632188173,290.0,587.416488916906,564.346438781281,489.55335993918334,0.49368719719582543,0.5138687516594622,0.5923766921669711,4458.318941764917,0,3423.6972552928764,11014.346517073744,1,3475.871725643382,22852.880454216735,3,15,-1.4328227878817904e-05,0.00034387206095278265,0.00034029202692399446
ep_0000131.npz,1,1,1092,10.915529228552437,6853.095,7138.584,154.04100156642562,340.0,1255.6032732890699,1255.6032732890699,190.1385199083677,0.27078616887431756,0.27078616887431756,1.7881700150177573,13008.856043338417,1,0.0,13008.856043338417,1,734.0728400735295,59455.7570509665,10,16,0.00013945575790368686,0.0007399203001848667,0.0007293762688878394
ep_0000132.npz,1,1,586,5.880085991950663,7031.0555,7120.374,47.37304779579517,185.0,295.1775651589104,295.1775651589104,141.77658136172414,0.6267413985219517,0.6267413985219517,1.3048699455377404,17804.39534344881,3,0.0,17804.39534344881,3,0.0,30126.614810990155,5,8,-2.8253989971242978e-05,0.00045467538721295,0.000449827831204507
ep_0000133.npz,1,1,1082,10.92720784440192,6811.5725,7089.88,151.6295386152933,185.0,1286.6591862939158,1286.6591862939158,377.31730002725266,0.1437832193409917,0.1437832193409917,0.4903035190452119,12830.346698939813,1,0.0,12830.346698939813,1,14593.361344537816,48848.43009116891,8,8,2.6194765338055748e-05,0.0007671350120320614,0.0007613921194231226
ep_0000134.npz,1,1,538,5.47112549557595,6810.7745,7057.17,134.72554044802382,245.0,437.22119230047,391.93498629903394,185.93329900832077,0.5603571014271181,0.6251036742432399,1.3176768298455024,15765.198769408606,2,6691.778182540433,10024.054277999176,1,2354.0590533088234,19941.865185366994,3,11,-3.4892259789999724e-05,0.00042961127591005255,0.0004172538455855015
ep_0000135.npz,1,1,778,7.951678005666096,6931.3895,7033.5415,55.26895877068819,260.0,676.402252054894,676.402252054894,202.81335053008868,0.3843866563278377,0.3843866563278377,1.281966888868232,15676.96756794498,2,0.0,15676.96756794498,2,15452.866662289915,30810.60255601392,5,11,-1.685234676001892e-05,0.0006069757106974226,0.0005985602399984163
ep_0000136.npz,1,1,861,8.596829620050475,7068.66,7143.9225,39.66044610996596,285.0,1060.2145329514924,1060.2145329514924,289.5657493870229,0.2688135194738361,0.2688135194738361,0.9842324259803238,15808.497159499744,3,0.0,15808.497159499744,3,2116.323529411765,45818.7509376809,8,12,8.944093784783731e-05,0.0006408639297541344,0.0006330251137708719
ep_0000137.npz,1,1,955,9.646043644247735,6802.6365,7089.1845,156.2830245126006,280.0,1208.1352896752228,1208.1352896752228,188.94731862979913,0.23176212332583304,0.23176212332583304,1.4818945409254451,13757.81507542073,2,0.0,13757.81507542073,2,48327.948357077206,3879.329397716938,0,13,-8.08059281914988e-06,0.0007059220167357366,0.0006953042736158559
ep_0000138.npz,1,1,651,6.661690847799136,6874.0915,7027.883,83.77634698942893,210.0,362.390532033946,362.390532033946,185.4920323658696,0.5794853381553821,0.5794853381553821,1.1321240989251238,17496.614541374627,2,0.0,17496.614541374627,2,223.0172909007353,36940.27614818361,6,9,-2.2935395621030256e-05,0.00046819470792740817,0.00046285757503995695
ep_0000139.npz,1,1,943,9.637111606514306,7092.339,7034.0165,31.015414991587022,320.0,1127.1976597634248,1127.1976597634248,264.65408728697827,0.2838898725775933,0.2838898725775933,1.2091254787726262,14769.90019567854,2,0.0,14769.90019567854,2,2700.7087874212184,49839.00402606015,8,14,0.00010309713383478999,0.000728736967142757,0.0007210658597977374
ep_0000140.npz,1,1,348,3.5189432295234817,6734.629,7083.885,192.01705991465587,185.0,243.24653852246658,189.57684678534162,189.57684678534162,0.7605452522520199,0.9758575645552118,0.9758575645552118,16019.793018862081,2,5626.609690811103,3727.0287276154836,0,5626.609690811103,3727.0287276154836,0,8,4.5323222826100886e-05,0.0002601542988956362,0.0002548551716010734
ep_0000141.npz,1,1,918,9.391050679132547,7143.3885,7029.307,60.37136236432889,275.0,1045.4237951697128,1045.4237951697128,308.7005874366998,0.2630512154693751,0.2630512154693751,0.8908308282905026,14856.754478524344,2,0.0,14856.754478524344,2,2332.592075892857,50253.93616857442,8,11,0.00010303955788183546,0.0007025307844276168,0.0006942900510873662
ep_0000142.npz,1,1,912,9.734878021225128,7033.8645,6832.8685,109.91179255244151,270.0,1298.1859534706239,1298.1859534706239,195.77684738462602,0.20798253076007397,0.20798253076007397,1.3791211964382801,12754.978841665043,1,0.0,12754.978841665043,1,5913.03899684874,39210.19475266815,6,12,-0.00011252075909828708,0.0006964681231765579,0.0006842690321613804
ep_0000143.npz,1,1,932,9.493362179465755,6927.4335,7049.4855,65.95140210347199,285.0,1096.976434631319,1096.976434631319,232.94931924458172,0.25980503409426947,0.25980503409426947,1.2234420814115727,12498.379694832738,1,0.0,12498.379694832738,1,4033.292410714286,49928.178326272784,8,12,-2.696214967404918e-05,0.0007372931603895339,0.0007286746210956689
ep_0000144.npz,1,1,1056,10.605746973870772,7053.748,7116.0985,33.00496382719393,310.0,1221.495675908116,1221.495675908116,210.312998880502,0.2537872266879142,0.2537872266879142,1.4739935317842112,15925.560571580692,3,0.0,15925.560571580692,3,4648.8143382352955,55348.832039622685,9,15,7.989875906247711e-05,0.0008059501730296213,0.0007961322495169312
ep_0000145.npz,1,1,438,4.411809771948484,6899.4125,7102.29,109.34040971977811,195.0,280.18494606893717,280.18494606893717,112.44463109468157,0.6959688689056902,0.6959688689056902,1.7341868446862925,15484.946543181646,2,0.0,15484.946543181646,2,21393.4762342437,4886.5214288115285,0,9,-2.0872910868405654e-05,0.0003257622743424492,0.00031886265613185056
ep_0000146.npz,1,1,966,9.95562769290241,6913.2695,6994.6475,44.29996043695428,310.0,1141.4258374555784,1141.4258374555784,266.5152579877,0.2715901373768092,0.2715901373768092,1.1631604221860605,14784.546756293666,2,0.0,14784.546756293666,2,1652.3851102941178,53558.37047493299,9,13,-1.9476343047771248e-05,0.0007199343825332497,0.0007119032094526293
ep_0000147.npz,1,1,724,7.190580917838159,6931.784,7169.297,126.65982136106595,350.0,659.2372314617847,421.4844970503598,233.11861386532382,0.530916615895486,0.8303982766848512,1.501381610831816,17944.36589537159,2,3786.158422988693,11948.434450142417,1,4147.718618697479,34780.556384138035,5,16,-6.159402582349741e-05,0.0005172118003202347,0.0005017222198960286
ep_0000148.npz,1,1,571,5.877857881919138,6744.5605,7000.11,141.61645867539391,295.0,308.8542721525232,263.76205646457333,225.86238848606484,0.9551430127355289,1.1184322868654246,1.3061050225199438,15309.03824878774,2,6143.606685228928,9139.766355164975,1,1399.3614183954833,13685.941298240923,2,13,2.1552000843664473e-05,0.00041259284689478806,0.00040490706620069
ep_0000149.npz,1,1,591,6.432214490430609,6978.9535,6744.941,129.9733296094155,225.0,272.05126154255896,272.05126154255896,191.78658997319903,0.827050015222229,0.827050015222229,1.1731790008438148,15446.451444682778,2,0.0,15446.451444682778,2,289.5442161239496,32286.289641372015,5,11,-2.017075571415236e-05,0.0004496218304181209,0.0004416706454379622
ep_0000150.npz,1,1,1208,13.09039748455981,6860.5695,6764.5085,53.930020920948664,205.0,1064.7107677443014,1064.7107677443014,237.0646105907078,0.19254055299385528,0.19254055299385528,0.864743157948331,13124.105012793252,1,0.0,13124.105012793252,1,4585.911239495798,67894.04601022584,11,10,2.6835222744042828e-05,0.0008707819362692003,0.0008657057442300364
ep_0000151.npz,1,1,1021,10.849986107760632,6999.862,6853.1655,80.3350109380699,225.0,768.0165479392031,763.5608787751801,265.28376429869166,0.2929624375981691,0.2946719852396316,0.8481483991107166,14911.90392812944,2,2135.926567530766,9750.724397035676,1,2117.9784335609243,54538.2339878402,9,11,-9.383579637391459e-05,0.0007562776349813712,0.0007500634455406225
ep_0000152.npz,1,1,267,2.6511703691451953,6861.3375,7170.387,166.044456337444,160.0,185.73398947974897,165.68142306886324,165.68142306886324,0.861447064418143,0.96570875018075,0.96570875018075,9329.32511162495,1,1798.5105750493394,2839.597498021222,0,1798.5105750493394,2839.597498021222,0,7,2.525896989379014e-06,0.00019849485539800597,0.0001941037082739087
ep_0000153.npz,1,1,968,10.298168920130466,7084.5285,6848.105,128.37238518686445,310.0,1149.7520941107493,1095.551208578922,248.29563422214488,0.26962334018601003,0.2829625831932694,1.2485116823385203,14256.843107085168,2,1201.2920536177521,9375.2322184176,1,8065.978203781513,48229.72705526916,7,13,-5.901687017520549e-05,0.0007190000551312474,0.0007085647084511288
ep_0000154.npz,1,1,431,4.492881587143551,6714.48,6941.634,127.10383123482916,140.0,130.51237966259512,127.06912052889348,127.06912052889348,1.0726951754456748,1.1017625636919888,1.1017625636919888,14403.314899580539,2,5542.125434454686,3027.696118486963,0,5542.125434454686,3027.696118486963,0,7,-5.066449842419137e-05,0.0003042115396394368,0.0002975546752547903
ep_0000155.npz,1,1,717,7.6865909579938565,7075.947,6813.189,143.34590329411822,300.0,1054.1219308718566,648.4946372502367,284.02752442971433,0.2845970577159629,0.46260983941527656,1.056235660971084,14826.596218594184,2,2745.5800703754703,10100.185559891599,1,2756.7101332720586,37996.53623363483,6,12,1.909972298305317e-05,0.0005315361370575665,0.0005239739396399492
ep_0000156.npz,1,1,840,8.676011473616924,6736.9435,6984.462,137.51391774631065,205.0,626.7011508665655,531.2025285665308,288.53745347488217,0.32710965939114367,0.38591683769503116,0.7104796882732789,16995.795506928986,2,3900.048911492207,11618.241896812257,1,4015.6709558823522,46326.94432860345,7,10,6.908202654906124e-05,0.0006453291230155487,0.0006371972069086149
ep_0000157.npz,1,1,758,7.819847407359324,6885.6875,6989.951,56.956843878559084,200.0,587.4102202731581,470.7349077698685,172.85019362838858,0.340477562523505,0.42486757769359096,1.1570713101425905,17447.91079575225,2,3341.803875767107,11631.9405305015,1,3591.8473444065125,40115.160475177116,6,8,7.21591850109405e-05,0.0005913641659499574,0.0005890723779371286
ep_0000158.npz,1,1,922,9.418272284405877,6780.262,7036.121,140.68535751546824,275.0,1114.1717513044637,1114.1717513044637,570.8606967919831,0.2468201151914255,0.2468201151914255,0.4817287326757542,17621.06626231067,2,0.0,17621.06626231067,2,3486.5546218487398,47601.15352645935,8,11,-2.0430809467572296e-05,0.000654199932253195,0.0006457929084967561
ep_0000159.npz,1,1,433,4.318176611661823,6931.277,7149.6565,116.70454199899632,210.0,179.9198029114535,175.231143251447,147.0039543025585,1.167186694303741,1.198417108416976,1.4285330010088382,15461.3434286546,2,5312.619712386107,10243.714564374244,1,15412.139943868173,9136.786639190761,1,9,-4.681282009005748e-05,0.00034293349114883505,0.00033669777039611496
ep_0000160.npz,1,1,261,2.592291946642501,6897.691,7169.099,145.2695741299649,160.0,171.66893091848004,145.27814366532323,145.27814366532323,0.9320265416925021,1.1013356583671077,1.1013356583671077,15179.830823371707,2,748.0328692736558,9228.715400046518,1,748.0328692736558,9228.715400046518,1,7,-8.447258867270223e-06,0.00020104882286889277,0.0001955933772911789
ep_0000161.npz,1,1,480,4.935462644031526,7111.5505,7005.4455,56.482706462731585,220.0,248.4263301240502,194.60236755079148,194.60236755079148,0.885574407069268,1.1305103980432287,1.1305103980432287,14944.28041053322,2,4742.798908209732,9991.137426138495,1,4742.798908209732,9991.137426138495,1,10,-8.878437734438685e-07,0.0003594702634260258,0.0003524507311794935
ep_0000162.npz,1,1,757,8.157494112235748,7030.5595,6789.7365,132.3595522921496,220.0,742.6639817290904,742.6639817290904,143.72947560380288,0.2962308734668807,0.2962308734668807,1.5306533268544056,13663.61571621372,2,0.0,13663.61571621372,2,2290.0840336134456,39586.607722516594,6,10,-1.8239511614237482e-05,0.0005893084835895745,0.0005838790087929455
ep_0000163.npz,1,1,486,5.220873264245445,6983.267,6803.8635,98.9535879493651,210.0,343.70102329218525,279.2077243998564,158.50922663258245,0.6109961442316566,0.7521281886143549,1.324844013571342,16755.817575403868,2,6433.107673481267,11170.545050269246,1,1917.5016412815128,20861.479673338577,3,9,-6.077782066014332e-06,0.0003573767838118082,0.00034964628273777813
ep_0000164.npz,1,1,835,8.472308290270963,6881.7095,7067.785,100.84731886620284,285.0,867.4033985461888,867.4033985461888,261.8147840850669,0.32856684730273616,0.32856684730273616,1.0885557933481707,17740.147649324157,2,0.0,17740.147649324157,2,725.1499720982143,48094.10411856092,7,12,-6.670872107241312e-05,0.0006097660177569133,0.0006012161617017281
ep_0000165.npz,1,1,1038,11.436436039648154,6982.419,6690.0795,163.29543015525724,250.0,1298.1806842081735,1288.9343282232694,193.62430849697293,0.19257719903026269,0.1939586792948655,1.291160195435422,14171.603173409709,2,3860.5821582519857,8782.742771027684,1,12691.512605042019,44153.55314791207,7,10,-1.322249649203251e-05,0.0007919023925445075,0.0007858415884829383
ep_0000166.npz,1,1,797,8.186406654081882,7086.4125,7010.304,40.601758823433556,195.0,466.9023180828174,466.9023180828174,127.68505865462586,0.4176462451518856,0.4176462451518856,1.5271951319492574,17524.17221156103,2,0.0,17524.17221156103,2,1414.5154116334033,39525.40599663058,6,9,6.972460513057648e-05,0.0005528293610005712,0.0005463495806133689
ep_0000167.npz,1,1,853,8.67754118242104,6896.316,7055.51,86.25518455977453,370.0,789.425826005435,789.425826005435,294.816253495246,0.4686950791466159,0.4686950791466159,1.2550190012029523,14078.326079511315,2,0.0,14078.326079511315,2,618.1407973345589,48329.72819426749,8,16,7.538131547064467e-05,0.000676175280267958,0.0006655274063541358
ep_0000168.npz,1,1,781,8.14865034376993,6819.25,6937.512,65.44354334624859,340.0,774.526500054598,774.526500054598,225.86615891985286,0.4389778787117454,0.4389778787117454,1.5053162528904862,17251.936709676193,2,0.0,17251.936709676193,2,1279.8860540309875,44972.1911704346,7,15,9.145147902818168e-05,0.0005648191436306051,0.0005521897008196984
ep_0000169.npz,1,1,810,8.815561742894701,7162.764,6745.0245,227.48318919071335,210.0,1454.2877868771748,1454.2877868771748,227.73481028399658,0.14440058006052417,0.14440058006052417,0.922125167154374,15006.777496590708,2,0.0,15006.777496590708,2,32485.914932379204,8807.12509491856,1,9,7.646983239782767e-05,0.0006132687127056227,0.0006082169739667385
ep_0000170.npz,1,1,839,8.875193821552047,7022.5325,6874.1065,80.8998628645586,235.0,874.1959052884572,700.1963201014973,217.2412331156783,0.2688184634340713,0.3356201585948573,1.0817467597178725,15241.60234969288,2,3107.334772137373,9768.139539083655,1,4258.137063419118,45326.32912367451,8,10,0.0001379494084037786,0.0006221145467521328,0.0006096053989821662
ep_0000171.npz,1,1,901,9.043559665141247,6872.2225,7118.969,133.13845002670223,240.0,659.1699729555397,659.1699729555397,171.10485123276365,0.36409425466379325,0.36409425466379325,1.4026487166837507,15982.623122550092,3,0.0,15982.623122550092,3,3180.0,37266.01047575887,6,11,-1.3859567446950267e-05,0.0007313966779044719,0.0007224957328094409
ep_0000172.npz,1,1,501,5.094103263338721,6976.461,7057.8675,43.71807107078166,160.0,298.1604491597246,298.1604491597246,156.08531775881886,0.5366238226797411,0.5366238226797411,1.0250804002412965,17232.309840002647,2,0.0,17232.309840002647,2,233.4253134847689,25133.027426206176,4,7,3.067694148924719e-06,0.00037759468102044943,0.00037442851359080975
ep_0000173.npz,1,1,247,2.467329012003611,6837.209,7141.785,164.5671009480293,255.0,326.39917447590744,198.1764871596796,198.1764871596796,0.7812519759262515,1.2867318603469602,1.2867318603469602,2596.692347196845,0,863.6661079666194,11078.18309480938,1,863.6661079666194,11078.18309480938,1,12,-8.741051181417999e-06,0.00017901105489095089,0.00017127807860748992
ep_0000174.npz,1,1,332,3.303948697589501,6885.745,7159.731,146.98382639749707,195.0,405.6570227443017,405.6570227356567,405.65702273532463,0.4807016495876483,0.4807016495978926,0.4807016495982861,4329.815320719309,0,0.0,4329.813706405926,0,0.0,4329.816111324996,0,9,3.3855410312061725e-05,0.00023660113744693818,0.000231993790871591
ep_0000175.npz,1,1,1064,11.325464086880718,6965.5305,6845.6905,65.92495413486904,270.0,1172.0678768812681,1172.0678768812681,155.08547793496865,0.2303620851024751,0.2303620851024751,1.7409753872198013,13164.189907409818,1,0.0,13164.189907409818,1,1609.4117647058824,60612.30715773843,10,12,-1.950779942057073e-05,0.0007566843427371537,0.0007476910149200673
ep_0000176.npz,1,1,391,4.182229455630277,6973.294,6823.483,82.5430143656622,185.0,146.70572974801019,142.35453712668289,120.90953108427806,1.2610277752461758,1.2995722070689355,1.5300696176800876,16289.581860098862,2,6123.551283450089,10066.326545916505,1,16166.388113839286,2372.8635600651855,0,8,-6.600237432875621e-06,0.0002907696489434768,0.0002886790055952575
ep_0000177.npz,1,1,505,5.458411992388644,6948.816,6776.0545,95.93879848505003,300.0,470.8653452310565,309.0054008407468,228.69528984172246,0.6371248235581835,0.9708568173363806,1.3117891505663575,16155.180430659197,2,1298.739745856259,10637.485263643059,1,7780.885635504202,9395.755037256187,1,12,9.87097740388741e-07,0.0003676728225531009,0.0003591541080212462
ep_0000178.npz,1,1,860,8.561381578595128,6949.6195,7158.0805,111.08615678542174,300.0,1465.323145534291,1465.323145534291,248.04977028272248,0.20473299757413782,0.20473299757413782,1.2094347019876923,13793.193064117795,2,0.0,13793.193064117795,2,17238.03998161765,31360.95980978896,5,12,-7.588461919110261e-05,0.0006579560960366897,0.0006539802861747812
ep_0000179.npz,1,1,642,6.6462084992706405,7086.6485,6973.769,60.45220340128617,130.0,230.5438287728402,230.5438287728402,60.82492460575537,0.5638841026106659,0.5638841026106659,2.137281728544866,17068.00597903932,2,0.0,17068.00597903932,2,29097.921891412818,4602.632269972371,0,7,7.171025773264972e-05,0.00046774662703288477,0.00046135580849034476
ep_0000180.npz,1,1,771,8.113199510486638,7121.1235,6898.1875,119.92653164613785,345.0,979.6952537811683,936.5689832838549,396.94961459417414,0.3521503229381385,0.368365818383543,0.8691279379442517,15092.028649593336,2,3859.024116956911,9651.205841116995,1,3818.017865349265,37873.225714312466,6,15,-4.618773008106929e-05,0.0005882224047992769,0.0005752073107513564
ep_0000181.npz,1,1,728,7.829164057081719,6974.8095,6798.882,97.17815765085015,310.0,617.532273390452,617.532273390452,255.0432024134809,0.5019980547704813,0.5019980547704813,1.215480346335293,15575.590808032852,2,0.0,15575.590808032852,2,4340.094209558823,36466.06259769945,6,13,1.4582272368555995e-05,0.0005567452540212796,0.0005477566624063361
ep_0000182.npz,1,1,657,7.052649472559348,7140.158,6807.206,180.51784782159302,235.0,180.73689107815554,178.04224089955,177.98951590060886,1.3002326121587409,1.3199114929843256,1.3203024841711821,15973.85877381196,2,5697.2897961570025,10187.423951666065,1,2676.044634650735,13618.418872998252,2,10,-1.3936217695218289e-05,0.0004985107301728446,0.0004877638010894673
ep_0000183.npz,1,1,493,4.987275183917585,6901.0635,7081.891,97.651110284477,150.0,261.73482195247385,145.61046052183355,97.99432979323262,0.5730991347694545,1.030145770176369,1.5307008101029824,13045.957184792584,2,2596.2526505151254,11045.340542256003,1,2064.611467633929,17454.803712818684,3,8,-3.695023385453064e-05,0.0003944069644195898,0.0003883899503366528
ep_0000184.npz,1,1,781,8.354651568644334,6918.2275,6822.999,52.78620058291108,255.0,870.4517919669296,870.4517919669296,180.55581974017463,0.29295131833066296,0.29295131833066296,1.4123056258554991,12646.757002323437,1,0.0,12646.757002323437,1,0.0,45672.8728764668,7,11,4.457621307250804e-05,0.0005868969047427781,0.0005810852328424082
ep_0000185.npz,1,1,1067,11.014807690566943,7127.5325,6986.9105,74.8785983570715,260.0,829.1233636334232,829.1233636334232,238.39979476009404,0.3135842160575669,0.3135842160575669,1.0906049657536099,15117.978012566526,2,0.0,15117.978012566526,2,4756.344086462709,56074.7730582839,9,11,-0.00011224219922384195,0.0007745634610186581,0.0007655252963115607
ep_0000186.npz,1,1,423,4.246150980580673,6770.3005,7118.527,189.99831002096835,195.0,292.79614868320584,189.86005577551956,189.83644124416884,0.6659923666242703,1.0270722780707366,1.0272000397920953,15038.68578041545,2,5718.694075926642,8855.524345892363,1,9429.085724133402,2935.3520343069367,0,9,-1.902138067969461e-05,0.0003067732377410879,0.0002994159913995897
ep_0000187.npz,1,1,914,9.313615608529705,6793.7095,7047.668,139.26196008480383,185.0,1196.552711449161,1196.552711449161,138.82017539173108,0.15461082343455143,0.15461082343455143,1.3326593161113356,13960.253564890088,2,0.0,13960.253564890088,2,49590.62803637079,3803.647802923942,0,8,-7.660887306828266e-07,0.0006783541624571494,0.0006714847885990167
ep_0000188.npz,1,1,377,3.941066490094407,6804.888,6928.596,68.63154846547513,285.0,646.4527413191006,292.96278726303,206.3438762683166,0.4408674939152573,0.9728197996154344,1.3811895228206528,16299.248724188046,2,2180.94304742878,11061.664498305801,1,3205.6725561318276,19149.583253065735,3,12,-2.276373487642893e-05,0.00027093175529906827,0.00025195541786377244
ep_0000189.npz,1,1,977,9.948172023152035,6958.6705,7051.1675,49.80454330724024,225.0,1233.7728831538973,1233.7728831538973,256.18349268813483,0.18236743818265144,0.18236743818265144,0.8782767290705336,13112.721289968656,1,0.0,13112.721289968656,1,1276.7322085084033,54131.77662389404,8,9,5.0784325541926695e-05,0.0007068090798229505,0.0006988920178435252
ep_0000190.npz,1,1,397,4.3639804154292845,7087.2865,6700.368,213.4499701716113,205.0,249.54221353630476,211.83686109021622,211.83686109021622,0.8215042941829779,0.9677258195054893,0.9677258195054893,9374.133170368172,1,5210.456490073005,3707.7684853174596,0,5210.456490073005,3707.7684853174596,0,10,1.1182018607915453e-05,0.0003096713741281667,0.0003044367597289854
ep_0000191.npz,1,1,415,4.305880886755001,7021.8235,6963.3395,31.57348373613604,345.0,525.7738147910653,369.53448520129973,292.68539676538126,0.6561756981699399,0.9336070483707769,1.178740052673535,2777.0179175849757,0,6939.346625196167,3531.3386603125136,0,13231.854196756827,3204.2760576084793,0,15,-4.168742199474983e-05,0.00029898417698126257,0.00028630800240764335
ep_0000192.npz,1,1,1151,12.153644622030479,7112.9415,6882.3915,124.34214623158641,345.0,1598.3869904331978,1528.6435063776698,239.089366455732,0.21584259760929203,0.22569029244596392,1.4429750896674765,13728.71770503573,1,4203.565950322171,8974.700109526077,1,65659.59296218486,3400.405887008052,0,15,8.567165392005947e-05,0.0008424451683675956,0.0008312043294210676
ep_0000193.npz,1,1,699,7.496223817386415,7120.583,6811.6125,167.78443781134956,170.0,887.5519295538686,874.7332606341282,168.36660814914612,0.19153808846480808,0.19434495937282684,1.0097014002289988,13898.87986462136,2,6713.780328072839,11189.633880121399,1,20531.260709361868,14844.468691933023,2,8,1.552744775202155e-05,0.0004892009246208449,0.0004844992719020819
ep_0000194.npz,1,1,533,5.799432103395956,7121.799,6746.1295,205.44330149621965,325.0,961.0197449874097,763.4997051098103,525.4990080467205,0.3381824376607973,0.4256714152276678,0.6184597782744153,15133.560618593552,2,3828.8199148107915,9595.3484085322,1,3864.180015756303,25902.48184674784,4,13,3.739437414358144e-05,0.00041922925687783375,0.0004128240999367898
ep_0000195.npz,1,1,559,5.617020531870475,6856.842,7113.73,138.91895113145893,270.0,291.2256929061211,291.2256929061211,215.97400229372357,0.92711600170194,0.92711600170194,1.2501504677993667,17913.41146593484,2,0.0,17913.41146593484,2,0.0,30651.902416715377,5,12,5.620442925402001e-05,0.0004151025771247212,0.00040507453041966685
ep_0000196.npz,1,1,564,5.910683691698857,7092.93,6917.053,94.70266278350573,340.0,498.1906986557357,290.7099240747358,290.7099240747358,0.682469586279751,1.169550716516278,1.169550716516278,17023.467293079662,2,2951.2573773376944,9542.044151055185,1,2951.2573773376944,9542.044151055185,1,16,-1.5229674044967957e-05,0.0004332796802257767,0.00042444241271069014
ep_0000197.npz,1,1,288,3.1325613964422176,7109.81,6747.695,198.25040421367157,205.0,236.71627683072307,197.3587128729385,197.3587128729385,0.8660156485419735,1.0387177592305288,1.0387177592305288,15430.823802694786,2,1334.2700282797043,9395.989411473896,1,1334.2700282797043,9395.989411473896,1,10,1.5363631451153276e-05,0.00020510576941861408,0.00019883779995331222
ep_0000198.npz,1,1,635,6.617393505993406,6882.499,6943.067,33.26640456768837,185.0,448.42949658342343,437.16442493203067,149.80231409114427,0.41255091694349233,0.42318173540485,1.2349608957805578,17059.531498753335,2,1520.0252154525003,11515.107863992867,1,1619.9128479516805,34870.31081277772,5,8,4.784250192085421e-05,0.00044184245635563337,0.0004379774375792769
ep_0000199.npz,1,1,295,3.2091237812104025,6951.096,6747.101,113.61728817846506,195.0,175.42149419442407,175.42149419442407,175.42149419442407,1.1116083630200788,1.1116083630200788,1.1116083630200788,14653.31597881266,2,0.0,14653.31597881266,2,0.0,14653.31597881266,2,9,-1.8428226187707565e-05,0.00021893940730446817,0.0002092090704409294
ep_0000200.npz,1,1,993,10.723455276356502,7056.044,6780.1065,151.40369795854804,295.0,802.796411149617,802.796411149617,394.28589884252165,0.367465519156414,0.367465519156414,0.7481880555860899,14801.870867151116,2,0.0,14801.870867151116,2,6681.578994879201,52812.75741945119,8,13,-6.523424635363383e-05,0.0007133599229108454,0.0007054469607936266
